ISO-10303-21;
HEADER;
/* Generated by software containing ST-Developer
 * from STEP Tools, Inc. (www.steptools.com) 
 */
/* OPTION: using custom renumber hook */

FILE_DESCRIPTION(
/* description */ ('STEP AP242 Edition 2',
'CAx-IF Rec.Pracs.---Representation and Presentation of Product Manufa
cturing Information (PMI)---4.0---2014-10-13',
'CAx-IF Rec.Pracs.---3D Tessellated Geometry---0.4---2014-09-14','2;1',
'CAx-IF Rec.Pracs.---User Defined Attributes---1.5---2016-08-15'),
/* implementation_level */ '2;1');

FILE_NAME(
/* name */ 'Untitled - SOLDER_TYPE_C_16PIN_2MD_USB1_5_0',
/* time_stamp */ '2026-08-23T15:30:31Z',
/* author */ (''),
/* organization */ (''),
/* preprocessor_version */ 'ST-DEVELOPER v20',
/* originating_system */ 'ONSHAPE BY PTC INC, 1.219',
/* authorisation */ '  ');

FILE_SCHEMA (('AP242_MANAGED_MODEL_BASED_3D_ENGINEERING_MIM_LF { 1 0 10303 442 3 1 4 }'));
ENDSEC;

DATA;
#10=CYLINDRICAL_SURFACE('',#1901,0.003);
#11=CYLINDRICAL_SURFACE('',#1904,0.003);
#12=CYLINDRICAL_SURFACE('',#1946,0.001);
#13=CYLINDRICAL_SURFACE('',#1947,0.001);
#14=CYLINDRICAL_SURFACE('',#1948,0.001);
#15=CYLINDRICAL_SURFACE('',#1949,0.001);
#16=CYLINDRICAL_SURFACE('',#1950,0.001);
#17=CYLINDRICAL_SURFACE('',#1951,0.001);
#18=CYLINDRICAL_SURFACE('',#1952,0.001);
#19=CYLINDRICAL_SURFACE('',#1953,0.001);
#20=CYLINDRICAL_SURFACE('',#1956,0.003);
#21=CYLINDRICAL_SURFACE('',#1957,0.003);
#22=CYLINDRICAL_SURFACE('',#1961,0.001);
#23=CYLINDRICAL_SURFACE('',#1964,0.001);
#24=CYLINDRICAL_SURFACE('',#1967,0.001);
#25=CIRCLE('',#1896,0.003);
#26=CIRCLE('',#1897,0.003);
#27=CIRCLE('',#1902,0.003);
#28=CIRCLE('',#1903,0.003);
#29=CIRCLE('',#1905,0.003);
#30=CIRCLE('',#1906,0.003);
#31=CIRCLE('',#1908,0.001);
#32=CIRCLE('',#1909,0.001);
#33=CIRCLE('',#1910,0.001);
#34=CIRCLE('',#1911,0.003);
#35=CIRCLE('',#1912,0.003);
#36=CIRCLE('',#1915,0.001);
#37=CIRCLE('',#1916,0.001);
#38=CIRCLE('',#1917,0.001);
#39=CIRCLE('',#1918,0.001);
#40=CIRCLE('',#1920,0.001);
#41=CIRCLE('',#1921,0.001);
#42=CIRCLE('',#1922,0.001);
#43=CIRCLE('',#1923,0.001);
#44=CIRCLE('',#1929,0.001);
#45=CIRCLE('',#1930,0.001);
#46=CIRCLE('',#1931,0.001);
#47=CIRCLE('',#1932,0.001);
#48=CIRCLE('',#1936,0.001);
#49=CIRCLE('',#1937,0.001);
#50=CIRCLE('',#1938,0.001);
#51=CIRCLE('',#1939,0.001);
#52=CIRCLE('',#1962,0.001);
#53=CIRCLE('',#1965,0.001);
#54=CIRCLE('',#1968,0.001);
#55=LINE('',#2801,#145);
#56=LINE('',#2804,#146);
#57=LINE('',#2806,#147);
#58=LINE('',#2808,#148);
#59=LINE('',#2810,#149);
#60=LINE('',#2813,#150);
#61=LINE('',#2815,#151);
#62=LINE('',#2819,#152);
#63=LINE('',#2823,#153);
#64=LINE('',#2826,#154);
#65=LINE('',#2828,#155);
#66=LINE('',#2830,#156);
#67=LINE('',#2832,#157);
#68=LINE('',#2834,#158);
#69=LINE('',#2836,#159);
#70=LINE('',#2838,#160);
#71=LINE('',#2840,#161);
#72=LINE('',#2842,#162);
#73=LINE('',#2844,#163);
#74=LINE('',#2846,#164);
#75=LINE('',#2849,#165);
#76=LINE('',#2850,#166);
#77=LINE('',#2852,#167);
#78=LINE('',#2854,#168);
#79=LINE('',#2856,#169);
#80=LINE('',#2858,#170);
#81=LINE('',#2862,#171);
#82=LINE('',#2870,#172);
#83=LINE('',#3007,#173);
#84=LINE('',#3012,#174);
#85=LINE('',#3013,#175);
#86=LINE('',#3017,#176);
#87=LINE('',#3019,#177);
#88=LINE('',#3020,#178);
#89=LINE('',#3021,#179);
#90=LINE('',#3023,#180);
#91=LINE('',#3028,#181);
#92=LINE('',#3032,#182);
#93=LINE('',#3036,#183);
#94=LINE('',#3039,#184);
#95=LINE('',#3040,#185);
#96=LINE('',#3042,#186);
#97=LINE('',#3043,#187);
#98=LINE('',#3045,#188);
#99=LINE('',#3046,#189);
#100=LINE('',#3047,#190);
#101=LINE('',#3052,#191);
#102=LINE('',#3056,#192);
#103=LINE('',#3060,#193);
#104=LINE('',#3064,#194);
#105=LINE('',#3067,#195);
#106=LINE('',#3068,#196);
#107=LINE('',#3070,#197);
#108=LINE('',#3072,#198);
#109=LINE('',#3074,#199);
#110=LINE('',#3076,#200);
#111=LINE('',#3079,#201);
#112=LINE('',#3080,#202);
#113=LINE('',#3082,#203);
#114=LINE('',#3084,#204);
#115=LINE('',#3086,#205);
#116=LINE('',#3092,#206);
#117=LINE('',#3094,#207);
#118=LINE('',#3096,#208);
#119=LINE('',#3098,#209);
#120=LINE('',#3099,#210);
#121=LINE('',#3101,#211);
#122=LINE('',#3103,#212);
#123=LINE('',#3105,#213);
#124=LINE('',#3107,#214);
#125=LINE('',#3112,#215);
#126=LINE('',#3116,#216);
#127=LINE('',#3120,#217);
#128=LINE('',#3123,#218);
#129=LINE('',#3126,#219);
#130=LINE('',#3128,#220);
#131=LINE('',#3130,#221);
#132=LINE('',#3132,#222);
#133=LINE('',#3133,#223);
#134=LINE('',#3135,#224);
#135=LINE('',#3136,#225);
#136=LINE('',#3138,#226);
#137=LINE('',#3139,#227);
#138=LINE('',#3141,#228);
#139=LINE('',#3142,#229);
#140=LINE('',#3144,#230);
#141=LINE('',#3145,#231);
#142=LINE('',#3147,#232);
#143=LINE('',#3148,#233);
#144=LINE('',#3163,#234);
#145=VECTOR('',#1993,1.);
#146=VECTOR('',#1994,1.);
#147=VECTOR('',#1995,1.);
#148=VECTOR('',#1996,1.);
#149=VECTOR('',#1999,1.);
#150=VECTOR('',#2000,1.);
#151=VECTOR('',#2001,1.);
#152=VECTOR('',#2004,1.);
#153=VECTOR('',#2009,1.);
#154=VECTOR('',#2010,1.);
#155=VECTOR('',#2011,1.);
#156=VECTOR('',#2012,1.);
#157=VECTOR('',#2015,1.);
#158=VECTOR('',#2016,1.);
#159=VECTOR('',#2017,1.);
#160=VECTOR('',#2018,1.);
#161=VECTOR('',#2019,1.);
#162=VECTOR('',#2020,1.);
#163=VECTOR('',#2021,1.);
#164=VECTOR('',#2024,1.);
#165=VECTOR('',#2025,1.);
#166=VECTOR('',#2026,1.);
#167=VECTOR('',#2027,1.);
#168=VECTOR('',#2028,1.);
#169=VECTOR('',#2029,1.);
#170=VECTOR('',#2030,1.);
#171=VECTOR('',#2035,1.);
#172=VECTOR('',#2044,1.);
#173=VECTOR('',#2053,1.);
#174=VECTOR('',#2056,1.);
#175=VECTOR('',#2057,1.);
#176=VECTOR('',#2062,1.);
#177=VECTOR('',#2063,1.);
#178=VECTOR('',#2064,1.);
#179=VECTOR('',#2065,1.);
#180=VECTOR('',#2068,1.);
#181=VECTOR('',#2071,1.);
#182=VECTOR('',#2074,1.);
#183=VECTOR('',#2077,1.);
#184=VECTOR('',#2080,1.);
#185=VECTOR('',#2081,1.);
#186=VECTOR('',#2084,1.);
#187=VECTOR('',#2085,1.);
#188=VECTOR('',#2086,1.);
#189=VECTOR('',#2087,1.);
#190=VECTOR('',#2088,1.);
#191=VECTOR('',#2091,1.);
#192=VECTOR('',#2094,1.);
#193=VECTOR('',#2097,1.);
#194=VECTOR('',#2102,1.);
#195=VECTOR('',#2103,1.);
#196=VECTOR('',#2104,1.);
#197=VECTOR('',#2107,1.);
#198=VECTOR('',#2108,1.);
#199=VECTOR('',#2109,1.);
#200=VECTOR('',#2112,1.);
#201=VECTOR('',#2113,1.);
#202=VECTOR('',#2114,1.);
#203=VECTOR('',#2117,1.);
#204=VECTOR('',#2118,1.);
#205=VECTOR('',#2119,1.);
#206=VECTOR('',#2130,1.);
#207=VECTOR('',#2131,1.);
#208=VECTOR('',#2132,1.);
#209=VECTOR('',#2135,1.);
#210=VECTOR('',#2136,1.);
#211=VECTOR('',#2139,1.);
#212=VECTOR('',#2140,1.);
#213=VECTOR('',#2141,1.);
#214=VECTOR('',#2144,1.);
#215=VECTOR('',#2147,1.);
#216=VECTOR('',#2150,1.);
#217=VECTOR('',#2153,1.);
#218=VECTOR('',#2156,1.);
#219=VECTOR('',#2157,1.);
#220=VECTOR('',#2158,1.);
#221=VECTOR('',#2159,1.);
#222=VECTOR('',#2162,1.);
#223=VECTOR('',#2163,1.);
#224=VECTOR('',#2166,1.);
#225=VECTOR('',#2167,1.);
#226=VECTOR('',#2170,1.);
#227=VECTOR('',#2171,1.);
#228=VECTOR('',#2174,1.);
#229=VECTOR('',#2175,1.);
#230=VECTOR('',#2178,1.);
#231=VECTOR('',#2179,1.);
#232=VECTOR('',#2182,1.);
#233=VECTOR('',#2183,1.);
#234=VECTOR('',#2212,1.);
#235=MANIFOLD_SURFACE_SHAPE_REPRESENTATION('',(#1494,#1495,#1496,#1497,
#1498,#1499,#1500,#1501,#1502,#1503,#1504),#3276);
#236=ORIENTED_EDGE('',*,*,#615,.F.);
#237=ORIENTED_EDGE('',*,*,#616,.F.);
#238=ORIENTED_EDGE('',*,*,#617,.F.);
#239=ORIENTED_EDGE('',*,*,#618,.F.);
#240=ORIENTED_EDGE('',*,*,#619,.F.);
#241=ORIENTED_EDGE('',*,*,#620,.F.);
#242=ORIENTED_EDGE('',*,*,#621,.F.);
#243=ORIENTED_EDGE('',*,*,#622,.F.);
#244=ORIENTED_EDGE('',*,*,#623,.F.);
#245=ORIENTED_EDGE('',*,*,#624,.F.);
#246=ORIENTED_EDGE('',*,*,#625,.F.);
#247=ORIENTED_EDGE('',*,*,#626,.F.);
#248=ORIENTED_EDGE('',*,*,#627,.F.);
#249=ORIENTED_EDGE('',*,*,#628,.F.);
#250=ORIENTED_EDGE('',*,*,#629,.F.);
#251=ORIENTED_EDGE('',*,*,#630,.F.);
#252=ORIENTED_EDGE('',*,*,#631,.F.);
#253=ORIENTED_EDGE('',*,*,#632,.F.);
#254=ORIENTED_EDGE('',*,*,#633,.F.);
#255=ORIENTED_EDGE('',*,*,#634,.F.);
#256=ORIENTED_EDGE('',*,*,#635,.F.);
#257=ORIENTED_EDGE('',*,*,#636,.F.);
#258=ORIENTED_EDGE('',*,*,#637,.F.);
#259=ORIENTED_EDGE('',*,*,#638,.F.);
#260=ORIENTED_EDGE('',*,*,#639,.F.);
#261=ORIENTED_EDGE('',*,*,#640,.F.);
#262=ORIENTED_EDGE('',*,*,#641,.F.);
#263=ORIENTED_EDGE('',*,*,#642,.F.);
#264=ORIENTED_EDGE('',*,*,#643,.F.);
#265=ORIENTED_EDGE('',*,*,#644,.F.);
#266=ORIENTED_EDGE('',*,*,#645,.F.);
#267=ORIENTED_EDGE('',*,*,#646,.F.);
#268=ORIENTED_EDGE('',*,*,#647,.F.);
#269=ORIENTED_EDGE('',*,*,#648,.F.);
#270=ORIENTED_EDGE('',*,*,#649,.F.);
#271=ORIENTED_EDGE('',*,*,#650,.F.);
#272=ORIENTED_EDGE('',*,*,#651,.F.);
#273=ORIENTED_EDGE('',*,*,#652,.F.);
#274=ORIENTED_EDGE('',*,*,#653,.F.);
#275=ORIENTED_EDGE('',*,*,#654,.F.);
#276=ORIENTED_EDGE('',*,*,#655,.F.);
#277=ORIENTED_EDGE('',*,*,#656,.F.);
#278=ORIENTED_EDGE('',*,*,#657,.F.);
#279=ORIENTED_EDGE('',*,*,#658,.F.);
#280=ORIENTED_EDGE('',*,*,#659,.F.);
#281=ORIENTED_EDGE('',*,*,#660,.F.);
#282=ORIENTED_EDGE('',*,*,#661,.F.);
#283=ORIENTED_EDGE('',*,*,#662,.F.);
#284=ORIENTED_EDGE('',*,*,#663,.F.);
#285=ORIENTED_EDGE('',*,*,#664,.F.);
#286=ORIENTED_EDGE('',*,*,#665,.F.);
#287=ORIENTED_EDGE('',*,*,#666,.F.);
#288=ORIENTED_EDGE('',*,*,#667,.F.);
#289=ORIENTED_EDGE('',*,*,#668,.F.);
#290=ORIENTED_EDGE('',*,*,#669,.F.);
#291=ORIENTED_EDGE('',*,*,#670,.F.);
#292=ORIENTED_EDGE('',*,*,#671,.F.);
#293=ORIENTED_EDGE('',*,*,#672,.F.);
#294=ORIENTED_EDGE('',*,*,#673,.F.);
#295=ORIENTED_EDGE('',*,*,#674,.F.);
#296=ORIENTED_EDGE('',*,*,#675,.F.);
#297=ORIENTED_EDGE('',*,*,#676,.F.);
#298=ORIENTED_EDGE('',*,*,#677,.F.);
#299=ORIENTED_EDGE('',*,*,#678,.F.);
#300=ORIENTED_EDGE('',*,*,#679,.F.);
#301=ORIENTED_EDGE('',*,*,#680,.F.);
#302=ORIENTED_EDGE('',*,*,#681,.F.);
#303=ORIENTED_EDGE('',*,*,#682,.F.);
#304=ORIENTED_EDGE('',*,*,#683,.F.);
#305=ORIENTED_EDGE('',*,*,#684,.F.);
#306=ORIENTED_EDGE('',*,*,#685,.F.);
#307=ORIENTED_EDGE('',*,*,#686,.F.);
#308=ORIENTED_EDGE('',*,*,#687,.F.);
#309=ORIENTED_EDGE('',*,*,#688,.F.);
#310=ORIENTED_EDGE('',*,*,#689,.F.);
#311=ORIENTED_EDGE('',*,*,#690,.F.);
#312=ORIENTED_EDGE('',*,*,#691,.F.);
#313=ORIENTED_EDGE('',*,*,#692,.F.);
#314=ORIENTED_EDGE('',*,*,#693,.F.);
#315=ORIENTED_EDGE('',*,*,#694,.F.);
#316=ORIENTED_EDGE('',*,*,#695,.F.);
#317=ORIENTED_EDGE('',*,*,#696,.F.);
#318=ORIENTED_EDGE('',*,*,#697,.F.);
#319=ORIENTED_EDGE('',*,*,#698,.F.);
#320=ORIENTED_EDGE('',*,*,#699,.F.);
#321=ORIENTED_EDGE('',*,*,#700,.F.);
#322=ORIENTED_EDGE('',*,*,#701,.F.);
#323=ORIENTED_EDGE('',*,*,#702,.F.);
#324=ORIENTED_EDGE('',*,*,#703,.F.);
#325=ORIENTED_EDGE('',*,*,#704,.F.);
#326=ORIENTED_EDGE('',*,*,#705,.F.);
#327=ORIENTED_EDGE('',*,*,#706,.F.);
#328=ORIENTED_EDGE('',*,*,#707,.F.);
#329=ORIENTED_EDGE('',*,*,#708,.F.);
#330=ORIENTED_EDGE('',*,*,#709,.F.);
#331=ORIENTED_EDGE('',*,*,#710,.F.);
#332=ORIENTED_EDGE('',*,*,#711,.F.);
#333=ORIENTED_EDGE('',*,*,#712,.F.);
#334=ORIENTED_EDGE('',*,*,#713,.F.);
#335=ORIENTED_EDGE('',*,*,#714,.F.);
#336=ORIENTED_EDGE('',*,*,#715,.F.);
#337=ORIENTED_EDGE('',*,*,#716,.F.);
#338=ORIENTED_EDGE('',*,*,#717,.F.);
#339=ORIENTED_EDGE('',*,*,#718,.F.);
#340=ORIENTED_EDGE('',*,*,#719,.T.);
#341=ORIENTED_EDGE('',*,*,#720,.T.);
#342=ORIENTED_EDGE('',*,*,#721,.T.);
#343=ORIENTED_EDGE('',*,*,#722,.F.);
#344=ORIENTED_EDGE('',*,*,#723,.T.);
#345=ORIENTED_EDGE('',*,*,#724,.T.);
#346=ORIENTED_EDGE('',*,*,#725,.F.);
#347=ORIENTED_EDGE('',*,*,#726,.T.);
#348=ORIENTED_EDGE('',*,*,#727,.F.);
#349=ORIENTED_EDGE('',*,*,#728,.T.);
#350=ORIENTED_EDGE('',*,*,#729,.F.);
#351=ORIENTED_EDGE('',*,*,#730,.T.);
#352=ORIENTED_EDGE('',*,*,#731,.T.);
#353=ORIENTED_EDGE('',*,*,#732,.T.);
#354=ORIENTED_EDGE('',*,*,#721,.F.);
#355=ORIENTED_EDGE('',*,*,#733,.T.);
#356=ORIENTED_EDGE('',*,*,#734,.T.);
#357=ORIENTED_EDGE('',*,*,#735,.F.);
#358=ORIENTED_EDGE('',*,*,#736,.F.);
#359=ORIENTED_EDGE('',*,*,#737,.F.);
#360=ORIENTED_EDGE('',*,*,#738,.F.);
#361=ORIENTED_EDGE('',*,*,#739,.F.);
#362=ORIENTED_EDGE('',*,*,#740,.F.);
#363=ORIENTED_EDGE('',*,*,#741,.T.);
#364=ORIENTED_EDGE('',*,*,#719,.F.);
#365=ORIENTED_EDGE('',*,*,#742,.F.);
#366=ORIENTED_EDGE('',*,*,#743,.F.);
#367=ORIENTED_EDGE('',*,*,#744,.F.);
#368=ORIENTED_EDGE('',*,*,#745,.F.);
#369=ORIENTED_EDGE('',*,*,#746,.F.);
#370=ORIENTED_EDGE('',*,*,#747,.F.);
#371=ORIENTED_EDGE('',*,*,#748,.F.);
#372=ORIENTED_EDGE('',*,*,#749,.F.);
#373=ORIENTED_EDGE('',*,*,#730,.F.);
#374=ORIENTED_EDGE('',*,*,#750,.F.);
#375=ORIENTED_EDGE('',*,*,#732,.F.);
#376=ORIENTED_EDGE('',*,*,#751,.F.);
#377=ORIENTED_EDGE('',*,*,#752,.F.);
#378=ORIENTED_EDGE('',*,*,#753,.T.);
#379=ORIENTED_EDGE('',*,*,#754,.T.);
#380=ORIENTED_EDGE('',*,*,#755,.T.);
#381=ORIENTED_EDGE('',*,*,#756,.F.);
#382=ORIENTED_EDGE('',*,*,#757,.F.);
#383=ORIENTED_EDGE('',*,*,#758,.F.);
#384=ORIENTED_EDGE('',*,*,#759,.F.);
#385=ORIENTED_EDGE('',*,*,#760,.F.);
#386=ORIENTED_EDGE('',*,*,#761,.F.);
#387=ORIENTED_EDGE('',*,*,#762,.F.);
#388=ORIENTED_EDGE('',*,*,#763,.F.);
#389=ORIENTED_EDGE('',*,*,#764,.F.);
#390=ORIENTED_EDGE('',*,*,#765,.F.);
#391=ORIENTED_EDGE('',*,*,#766,.F.);
#392=ORIENTED_EDGE('',*,*,#767,.F.);
#393=ORIENTED_EDGE('',*,*,#768,.F.);
#394=ORIENTED_EDGE('',*,*,#769,.F.);
#395=ORIENTED_EDGE('',*,*,#770,.F.);
#396=ORIENTED_EDGE('',*,*,#771,.F.);
#397=ORIENTED_EDGE('',*,*,#772,.T.);
#398=ORIENTED_EDGE('',*,*,#773,.T.);
#399=ORIENTED_EDGE('',*,*,#774,.T.);
#400=ORIENTED_EDGE('',*,*,#751,.T.);
#401=ORIENTED_EDGE('',*,*,#731,.F.);
#402=ORIENTED_EDGE('',*,*,#749,.T.);
#403=ORIENTED_EDGE('',*,*,#775,.F.);
#404=ORIENTED_EDGE('',*,*,#776,.T.);
#405=ORIENTED_EDGE('',*,*,#725,.T.);
#406=ORIENTED_EDGE('',*,*,#777,.T.);
#407=ORIENTED_EDGE('',*,*,#778,.T.);
#408=ORIENTED_EDGE('',*,*,#734,.F.);
#409=ORIENTED_EDGE('',*,*,#779,.F.);
#410=ORIENTED_EDGE('',*,*,#752,.T.);
#411=ORIENTED_EDGE('',*,*,#774,.F.);
#412=ORIENTED_EDGE('',*,*,#780,.T.);
#413=ORIENTED_EDGE('',*,*,#781,.F.);
#414=ORIENTED_EDGE('',*,*,#782,.T.);
#415=ORIENTED_EDGE('',*,*,#783,.T.);
#416=ORIENTED_EDGE('',*,*,#784,.T.);
#417=ORIENTED_EDGE('',*,*,#785,.T.);
#418=ORIENTED_EDGE('',*,*,#786,.T.);
#419=ORIENTED_EDGE('',*,*,#787,.F.);
#420=ORIENTED_EDGE('',*,*,#788,.T.);
#421=ORIENTED_EDGE('',*,*,#727,.T.);
#422=ORIENTED_EDGE('',*,*,#789,.T.);
#423=ORIENTED_EDGE('',*,*,#772,.F.);
#424=ORIENTED_EDGE('',*,*,#790,.T.);
#425=ORIENTED_EDGE('',*,*,#748,.T.);
#426=ORIENTED_EDGE('',*,*,#791,.T.);
#427=ORIENTED_EDGE('',*,*,#740,.T.);
#428=ORIENTED_EDGE('',*,*,#792,.F.);
#429=ORIENTED_EDGE('',*,*,#793,.F.);
#430=ORIENTED_EDGE('',*,*,#723,.F.);
#431=ORIENTED_EDGE('',*,*,#794,.T.);
#432=ORIENTED_EDGE('',*,*,#775,.T.);
#433=ORIENTED_EDGE('',*,*,#795,.F.);
#434=ORIENTED_EDGE('',*,*,#796,.T.);
#435=ORIENTED_EDGE('',*,*,#797,.T.);
#436=ORIENTED_EDGE('',*,*,#798,.T.);
#437=ORIENTED_EDGE('',*,*,#799,.T.);
#438=ORIENTED_EDGE('',*,*,#800,.T.);
#439=ORIENTED_EDGE('',*,*,#801,.F.);
#440=ORIENTED_EDGE('',*,*,#802,.T.);
#441=ORIENTED_EDGE('',*,*,#803,.F.);
#442=ORIENTED_EDGE('',*,*,#804,.T.);
#443=ORIENTED_EDGE('',*,*,#797,.F.);
#444=ORIENTED_EDGE('',*,*,#805,.T.);
#445=ORIENTED_EDGE('',*,*,#795,.T.);
#446=ORIENTED_EDGE('',*,*,#806,.T.);
#447=ORIENTED_EDGE('',*,*,#807,.T.);
#448=ORIENTED_EDGE('',*,*,#808,.T.);
#449=ORIENTED_EDGE('',*,*,#809,.T.);
#450=ORIENTED_EDGE('',*,*,#810,.T.);
#451=ORIENTED_EDGE('',*,*,#801,.T.);
#452=ORIENTED_EDGE('',*,*,#811,.T.);
#453=ORIENTED_EDGE('',*,*,#799,.F.);
#454=ORIENTED_EDGE('',*,*,#812,.T.);
#455=ORIENTED_EDGE('',*,*,#813,.F.);
#456=ORIENTED_EDGE('',*,*,#814,.T.);
#457=ORIENTED_EDGE('',*,*,#809,.F.);
#458=ORIENTED_EDGE('',*,*,#815,.T.);
#459=ORIENTED_EDGE('',*,*,#813,.T.);
#460=ORIENTED_EDGE('',*,*,#816,.T.);
#461=ORIENTED_EDGE('',*,*,#803,.T.);
#462=ORIENTED_EDGE('',*,*,#817,.T.);
#463=ORIENTED_EDGE('',*,*,#807,.F.);
#464=ORIENTED_EDGE('',*,*,#818,.T.);
#465=ORIENTED_EDGE('',*,*,#819,.T.);
#466=ORIENTED_EDGE('',*,*,#820,.T.);
#467=ORIENTED_EDGE('',*,*,#821,.F.);
#468=ORIENTED_EDGE('',*,*,#743,.T.);
#469=ORIENTED_EDGE('',*,*,#822,.F.);
#470=ORIENTED_EDGE('',*,*,#745,.T.);
#471=ORIENTED_EDGE('',*,*,#823,.T.);
#472=ORIENTED_EDGE('',*,*,#736,.T.);
#473=ORIENTED_EDGE('',*,*,#824,.T.);
#474=ORIENTED_EDGE('',*,*,#825,.T.);
#475=ORIENTED_EDGE('',*,*,#826,.F.);
#476=ORIENTED_EDGE('',*,*,#738,.T.);
#477=ORIENTED_EDGE('',*,*,#827,.F.);
#478=ORIENTED_EDGE('',*,*,#828,.T.);
#479=ORIENTED_EDGE('',*,*,#829,.T.);
#480=ORIENTED_EDGE('',*,*,#830,.T.);
#481=ORIENTED_EDGE('',*,*,#831,.T.);
#482=ORIENTED_EDGE('',*,*,#832,.T.);
#483=ORIENTED_EDGE('',*,*,#833,.F.);
#484=ORIENTED_EDGE('',*,*,#834,.T.);
#485=ORIENTED_EDGE('',*,*,#835,.T.);
#486=ORIENTED_EDGE('',*,*,#836,.T.);
#487=ORIENTED_EDGE('',*,*,#837,.F.);
#488=ORIENTED_EDGE('',*,*,#838,.T.);
#489=ORIENTED_EDGE('',*,*,#837,.T.);
#490=ORIENTED_EDGE('',*,*,#839,.T.);
#491=ORIENTED_EDGE('',*,*,#824,.F.);
#492=ORIENTED_EDGE('',*,*,#737,.T.);
#493=ORIENTED_EDGE('',*,*,#823,.F.);
#494=ORIENTED_EDGE('',*,*,#744,.T.);
#495=ORIENTED_EDGE('',*,*,#821,.T.);
#496=ORIENTED_EDGE('',*,*,#840,.T.);
#497=ORIENTED_EDGE('',*,*,#826,.T.);
#498=ORIENTED_EDGE('',*,*,#841,.T.);
#499=ORIENTED_EDGE('',*,*,#835,.F.);
#500=ORIENTED_EDGE('',*,*,#842,.T.);
#501=ORIENTED_EDGE('',*,*,#819,.F.);
#502=ORIENTED_EDGE('',*,*,#742,.T.);
#503=ORIENTED_EDGE('',*,*,#722,.T.);
#504=ORIENTED_EDGE('',*,*,#739,.T.);
#505=ORIENTED_EDGE('',*,*,#831,.F.);
#506=ORIENTED_EDGE('',*,*,#843,.T.);
#507=ORIENTED_EDGE('',*,*,#787,.T.);
#508=ORIENTED_EDGE('',*,*,#844,.T.);
#509=ORIENTED_EDGE('',*,*,#833,.T.);
#510=ORIENTED_EDGE('',*,*,#845,.T.);
#511=ORIENTED_EDGE('',*,*,#785,.F.);
#512=ORIENTED_EDGE('',*,*,#846,.T.);
#513=ORIENTED_EDGE('',*,*,#783,.F.);
#514=ORIENTED_EDGE('',*,*,#847,.T.);
#515=ORIENTED_EDGE('',*,*,#827,.T.);
#516=ORIENTED_EDGE('',*,*,#848,.T.);
#517=ORIENTED_EDGE('',*,*,#781,.T.);
#518=ORIENTED_EDGE('',*,*,#849,.T.);
#519=ORIENTED_EDGE('',*,*,#829,.F.);
#520=ORIENTED_EDGE('',*,*,#850,.T.);
#521=ORIENTED_EDGE('',*,*,#830,.F.);
#522=ORIENTED_EDGE('',*,*,#849,.F.);
#523=ORIENTED_EDGE('',*,*,#788,.F.);
#524=ORIENTED_EDGE('',*,*,#843,.F.);
#525=ORIENTED_EDGE('',*,*,#832,.F.);
#526=ORIENTED_EDGE('',*,*,#844,.F.);
#527=ORIENTED_EDGE('',*,*,#786,.F.);
#528=ORIENTED_EDGE('',*,*,#845,.F.);
#529=ORIENTED_EDGE('',*,*,#828,.F.);
#530=ORIENTED_EDGE('',*,*,#847,.F.);
#531=ORIENTED_EDGE('',*,*,#782,.F.);
#532=ORIENTED_EDGE('',*,*,#850,.F.);
#533=ORIENTED_EDGE('',*,*,#834,.F.);
#534=ORIENTED_EDGE('',*,*,#846,.F.);
#535=ORIENTED_EDGE('',*,*,#784,.F.);
#536=ORIENTED_EDGE('',*,*,#848,.F.);
#537=ORIENTED_EDGE('',*,*,#818,.F.);
#538=ORIENTED_EDGE('',*,*,#806,.F.);
#539=ORIENTED_EDGE('',*,*,#802,.F.);
#540=ORIENTED_EDGE('',*,*,#810,.F.);
#541=ORIENTED_EDGE('',*,*,#816,.F.);
#542=ORIENTED_EDGE('',*,*,#812,.F.);
#543=ORIENTED_EDGE('',*,*,#798,.F.);
#544=ORIENTED_EDGE('',*,*,#804,.F.);
#545=ORIENTED_EDGE('',*,*,#815,.F.);
#546=ORIENTED_EDGE('',*,*,#811,.F.);
#547=ORIENTED_EDGE('',*,*,#800,.F.);
#548=ORIENTED_EDGE('',*,*,#814,.F.);
#549=ORIENTED_EDGE('',*,*,#817,.F.);
#550=ORIENTED_EDGE('',*,*,#805,.F.);
#551=ORIENTED_EDGE('',*,*,#796,.F.);
#552=ORIENTED_EDGE('',*,*,#808,.F.);
#553=ORIENTED_EDGE('',*,*,#839,.F.);
#554=ORIENTED_EDGE('',*,*,#836,.F.);
#555=ORIENTED_EDGE('',*,*,#841,.F.);
#556=ORIENTED_EDGE('',*,*,#825,.F.);
#557=ORIENTED_EDGE('',*,*,#840,.F.);
#558=ORIENTED_EDGE('',*,*,#820,.F.);
#559=ORIENTED_EDGE('',*,*,#842,.F.);
#560=ORIENTED_EDGE('',*,*,#838,.F.);
#561=ORIENTED_EDGE('',*,*,#726,.F.);
#562=ORIENTED_EDGE('',*,*,#780,.F.);
#563=ORIENTED_EDGE('',*,*,#773,.F.);
#564=ORIENTED_EDGE('',*,*,#789,.F.);
#565=ORIENTED_EDGE('',*,*,#728,.F.);
#566=ORIENTED_EDGE('',*,*,#790,.F.);
#567=ORIENTED_EDGE('',*,*,#776,.F.);
#568=ORIENTED_EDGE('',*,*,#794,.F.);
#569=ORIENTED_EDGE('',*,*,#720,.F.);
#570=ORIENTED_EDGE('',*,*,#741,.F.);
#571=ORIENTED_EDGE('',*,*,#791,.F.);
#572=ORIENTED_EDGE('',*,*,#747,.T.);
#573=ORIENTED_EDGE('',*,*,#729,.T.);
#574=ORIENTED_EDGE('',*,*,#750,.T.);
#575=ORIENTED_EDGE('',*,*,#779,.T.);
#576=ORIENTED_EDGE('',*,*,#733,.F.);
#577=ORIENTED_EDGE('',*,*,#735,.T.);
#578=ORIENTED_EDGE('',*,*,#778,.F.);
#579=ORIENTED_EDGE('',*,*,#851,.F.);
#580=ORIENTED_EDGE('',*,*,#792,.T.);
#581=ORIENTED_EDGE('',*,*,#746,.T.);
#582=ORIENTED_EDGE('',*,*,#822,.T.);
#583=ORIENTED_EDGE('',*,*,#793,.T.);
#584=ORIENTED_EDGE('',*,*,#851,.T.);
#585=ORIENTED_EDGE('',*,*,#777,.F.);
#586=ORIENTED_EDGE('',*,*,#724,.F.);
#587=ORIENTED_EDGE('',*,*,#852,.T.);
#588=ORIENTED_EDGE('',*,*,#755,.F.);
#589=ORIENTED_EDGE('',*,*,#852,.F.);
#590=ORIENTED_EDGE('',*,*,#853,.T.);
#591=ORIENTED_EDGE('',*,*,#754,.F.);
#592=ORIENTED_EDGE('',*,*,#853,.F.);
#593=ORIENTED_EDGE('',*,*,#854,.T.);
#594=ORIENTED_EDGE('',*,*,#753,.F.);
#595=ORIENTED_EDGE('',*,*,#854,.F.);
#596=ORIENTED_EDGE('',*,*,#855,.F.);
#597=ORIENTED_EDGE('',*,*,#856,.F.);
#598=ORIENTED_EDGE('',*,*,#857,.F.);
#599=ORIENTED_EDGE('',*,*,#858,.F.);
#600=ORIENTED_EDGE('',*,*,#859,.F.);
#601=ORIENTED_EDGE('',*,*,#860,.F.);
#602=ORIENTED_EDGE('',*,*,#861,.F.);
#603=ORIENTED_EDGE('',*,*,#862,.F.);
#604=ORIENTED_EDGE('',*,*,#863,.F.);
#605=ORIENTED_EDGE('',*,*,#864,.F.);
#606=ORIENTED_EDGE('',*,*,#865,.F.);
#607=ORIENTED_EDGE('',*,*,#866,.F.);
#608=ORIENTED_EDGE('',*,*,#867,.F.);
#609=ORIENTED_EDGE('',*,*,#868,.F.);
#610=ORIENTED_EDGE('',*,*,#869,.F.);
#611=ORIENTED_EDGE('',*,*,#870,.F.);
#612=ORIENTED_EDGE('',*,*,#871,.F.);
#613=ORIENTED_EDGE('',*,*,#872,.F.);
#614=ORIENTED_EDGE('',*,*,#873,.F.);
#615=EDGE_CURVE('',#874,#875,#1095,.T.);
#616=EDGE_CURVE('',#876,#874,#1096,.T.);
#617=EDGE_CURVE('',#877,#876,#1097,.T.);
#618=EDGE_CURVE('',#878,#877,#1098,.T.);
#619=EDGE_CURVE('',#879,#878,#1099,.T.);
#620=EDGE_CURVE('',#880,#879,#1100,.T.);
#621=EDGE_CURVE('',#881,#880,#1101,.T.);
#622=EDGE_CURVE('',#882,#881,#1102,.T.);
#623=EDGE_CURVE('',#883,#882,#1103,.T.);
#624=EDGE_CURVE('',#875,#883,#1104,.T.);
#625=EDGE_CURVE('',#884,#885,#1105,.T.);
#626=EDGE_CURVE('',#886,#884,#1106,.T.);
#627=EDGE_CURVE('',#887,#886,#1107,.T.);
#628=EDGE_CURVE('',#888,#887,#1108,.T.);
#629=EDGE_CURVE('',#889,#888,#1109,.T.);
#630=EDGE_CURVE('',#890,#889,#1110,.T.);
#631=EDGE_CURVE('',#891,#890,#1111,.T.);
#632=EDGE_CURVE('',#892,#891,#1112,.T.);
#633=EDGE_CURVE('',#893,#892,#1113,.T.);
#634=EDGE_CURVE('',#894,#893,#1114,.T.);
#635=EDGE_CURVE('',#895,#894,#1115,.T.);
#636=EDGE_CURVE('',#896,#895,#1116,.T.);
#637=EDGE_CURVE('',#897,#896,#1117,.T.);
#638=EDGE_CURVE('',#898,#897,#1118,.T.);
#639=EDGE_CURVE('',#899,#898,#1119,.T.);
#640=EDGE_CURVE('',#900,#899,#1120,.T.);
#641=EDGE_CURVE('',#885,#900,#1121,.T.);
#642=EDGE_CURVE('',#901,#902,#1122,.T.);
#643=EDGE_CURVE('',#903,#901,#1123,.T.);
#644=EDGE_CURVE('',#904,#903,#1124,.T.);
#645=EDGE_CURVE('',#905,#904,#1125,.T.);
#646=EDGE_CURVE('',#906,#905,#1126,.T.);
#647=EDGE_CURVE('',#907,#906,#1127,.T.);
#648=EDGE_CURVE('',#908,#907,#1128,.T.);
#649=EDGE_CURVE('',#909,#908,#1129,.T.);
#650=EDGE_CURVE('',#902,#909,#1130,.T.);
#651=EDGE_CURVE('',#910,#911,#1131,.T.);
#652=EDGE_CURVE('',#912,#910,#1132,.T.);
#653=EDGE_CURVE('',#913,#912,#1133,.T.);
#654=EDGE_CURVE('',#914,#913,#1134,.T.);
#655=EDGE_CURVE('',#915,#914,#1135,.T.);
#656=EDGE_CURVE('',#916,#915,#1136,.T.);
#657=EDGE_CURVE('',#917,#916,#1137,.T.);
#658=EDGE_CURVE('',#918,#917,#1138,.T.);
#659=EDGE_CURVE('',#919,#918,#1139,.T.);
#660=EDGE_CURVE('',#920,#919,#1140,.T.);
#661=EDGE_CURVE('',#911,#920,#1141,.T.);
#662=EDGE_CURVE('',#921,#922,#1142,.T.);
#663=EDGE_CURVE('',#923,#921,#1143,.T.);
#664=EDGE_CURVE('',#924,#923,#1144,.T.);
#665=EDGE_CURVE('',#925,#924,#1145,.T.);
#666=EDGE_CURVE('',#926,#925,#1146,.T.);
#667=EDGE_CURVE('',#927,#926,#1147,.T.);
#668=EDGE_CURVE('',#928,#927,#1148,.T.);
#669=EDGE_CURVE('',#929,#928,#1149,.T.);
#670=EDGE_CURVE('',#930,#929,#1150,.T.);
#671=EDGE_CURVE('',#922,#930,#1151,.T.);
#672=EDGE_CURVE('',#931,#932,#1152,.T.);
#673=EDGE_CURVE('',#933,#931,#1153,.T.);
#674=EDGE_CURVE('',#934,#933,#1154,.T.);
#675=EDGE_CURVE('',#935,#934,#1155,.T.);
#676=EDGE_CURVE('',#936,#935,#1156,.T.);
#677=EDGE_CURVE('',#937,#936,#1157,.T.);
#678=EDGE_CURVE('',#938,#937,#1158,.T.);
#679=EDGE_CURVE('',#939,#938,#1159,.T.);
#680=EDGE_CURVE('',#940,#939,#1160,.T.);
#681=EDGE_CURVE('',#941,#940,#1161,.T.);
#682=EDGE_CURVE('',#932,#941,#1162,.T.);
#683=EDGE_CURVE('',#942,#943,#1163,.T.);
#684=EDGE_CURVE('',#944,#942,#1164,.T.);
#685=EDGE_CURVE('',#945,#944,#1165,.T.);
#686=EDGE_CURVE('',#946,#945,#1166,.T.);
#687=EDGE_CURVE('',#947,#946,#1167,.T.);
#688=EDGE_CURVE('',#948,#947,#1168,.T.);
#689=EDGE_CURVE('',#949,#948,#1169,.T.);
#690=EDGE_CURVE('',#950,#949,#1170,.T.);
#691=EDGE_CURVE('',#943,#950,#1171,.T.);
#692=EDGE_CURVE('',#951,#952,#1172,.T.);
#693=EDGE_CURVE('',#953,#951,#1173,.T.);
#694=EDGE_CURVE('',#954,#953,#1174,.T.);
#695=EDGE_CURVE('',#955,#954,#1175,.T.);
#696=EDGE_CURVE('',#956,#955,#1176,.T.);
#697=EDGE_CURVE('',#957,#956,#1177,.T.);
#698=EDGE_CURVE('',#958,#957,#1178,.T.);
#699=EDGE_CURVE('',#959,#958,#1179,.T.);
#700=EDGE_CURVE('',#960,#959,#1180,.T.);
#701=EDGE_CURVE('',#961,#960,#1181,.T.);
#702=EDGE_CURVE('',#962,#961,#1182,.T.);
#703=EDGE_CURVE('',#963,#962,#1183,.T.);
#704=EDGE_CURVE('',#964,#963,#1184,.T.);
#705=EDGE_CURVE('',#965,#964,#1185,.T.);
#706=EDGE_CURVE('',#952,#965,#1186,.T.);
#707=EDGE_CURVE('',#966,#967,#1187,.T.);
#708=EDGE_CURVE('',#968,#966,#1188,.T.);
#709=EDGE_CURVE('',#969,#968,#1189,.T.);
#710=EDGE_CURVE('',#970,#969,#1190,.T.);
#711=EDGE_CURVE('',#971,#970,#1191,.T.);
#712=EDGE_CURVE('',#972,#971,#1192,.T.);
#713=EDGE_CURVE('',#973,#972,#1193,.T.);
#714=EDGE_CURVE('',#974,#973,#1194,.T.);
#715=EDGE_CURVE('',#975,#974,#1195,.T.);
#716=EDGE_CURVE('',#976,#975,#1196,.T.);
#717=EDGE_CURVE('',#977,#976,#1197,.T.);
#718=EDGE_CURVE('',#967,#977,#1198,.T.);
#719=EDGE_CURVE('',#978,#979,#55,.T.);
#720=EDGE_CURVE('',#979,#980,#56,.T.);
#721=EDGE_CURVE('',#980,#981,#57,.T.);
#722=EDGE_CURVE('',#978,#981,#58,.T.);
#723=EDGE_CURVE('',#982,#983,#59,.T.);
#724=EDGE_CURVE('',#983,#984,#60,.T.);
#725=EDGE_CURVE('',#985,#984,#61,.T.);
#726=EDGE_CURVE('',#985,#986,#25,.T.);
#727=EDGE_CURVE('',#987,#986,#62,.T.);
#728=EDGE_CURVE('',#987,#982,#26,.T.);
#729=EDGE_CURVE('',#988,#989,#63,.T.);
#730=EDGE_CURVE('',#988,#990,#64,.T.);
#731=EDGE_CURVE('',#990,#991,#65,.T.);
#732=EDGE_CURVE('',#991,#989,#66,.F.);
#733=EDGE_CURVE('',#980,#992,#67,.F.);
#734=EDGE_CURVE('',#992,#993,#68,.F.);
#735=EDGE_CURVE('',#994,#993,#69,.F.);
#736=EDGE_CURVE('',#995,#994,#70,.T.);
#737=EDGE_CURVE('',#996,#995,#71,.F.);
#738=EDGE_CURVE('',#997,#996,#72,.T.);
#739=EDGE_CURVE('',#981,#997,#73,.F.);
#740=EDGE_CURVE('',#998,#999,#74,.T.);
#741=EDGE_CURVE('',#998,#979,#75,.T.);
#742=EDGE_CURVE('',#1000,#978,#76,.T.);
#743=EDGE_CURVE('',#1001,#1000,#77,.T.);
#744=EDGE_CURVE('',#1002,#1001,#78,.T.);
#745=EDGE_CURVE('',#1003,#1002,#79,.T.);
#746=EDGE_CURVE('',#999,#1003,#80,.T.);
#747=EDGE_CURVE('',#1004,#988,#27,.F.);
#748=EDGE_CURVE('',#1005,#1004,#81,.F.);
#749=EDGE_CURVE('',#990,#1005,#28,.F.);
#750=EDGE_CURVE('',#989,#1006,#29,.F.);
#751=EDGE_CURVE('',#1007,#991,#30,.F.);
#752=EDGE_CURVE('',#1006,#1007,#82,.T.);
#753=EDGE_CURVE('',#1008,#1008,#31,.T.);
#754=EDGE_CURVE('',#1009,#1009,#32,.T.);
#755=EDGE_CURVE('',#1010,#1010,#33,.T.);
#756=EDGE_CURVE('',#1011,#1012,#1199,.T.);
#757=EDGE_CURVE('',#1012,#1011,#1200,.T.);
#758=EDGE_CURVE('',#1013,#1014,#1201,.T.);
#759=EDGE_CURVE('',#1015,#1013,#1202,.T.);
#760=EDGE_CURVE('',#1014,#1015,#1203,.T.);
#761=EDGE_CURVE('',#1016,#1016,#1204,.T.);
#762=EDGE_CURVE('',#1017,#1017,#1205,.T.);
#763=EDGE_CURVE('',#1018,#1018,#1206,.T.);
#764=EDGE_CURVE('',#1019,#1020,#1207,.T.);
#765=EDGE_CURVE('',#1021,#1019,#1208,.T.);
#766=EDGE_CURVE('',#1020,#1021,#1209,.T.);
#767=EDGE_CURVE('',#1022,#1023,#1210,.T.);
#768=EDGE_CURVE('',#1023,#1022,#1211,.T.);
#769=EDGE_CURVE('',#1024,#1024,#1212,.T.);
#770=EDGE_CURVE('',#1025,#1025,#1213,.T.);
#771=EDGE_CURVE('',#1026,#1026,#1214,.T.);
#772=EDGE_CURVE('',#1027,#1028,#83,.T.);
#773=EDGE_CURVE('',#1028,#1029,#34,.F.);
#774=EDGE_CURVE('',#1029,#1007,#84,.T.);
#775=EDGE_CURVE('',#1030,#1005,#85,.T.);
#776=EDGE_CURVE('',#1030,#1027,#35,.F.);
#777=EDGE_CURVE('',#984,#1031,#86,.T.);
#778=EDGE_CURVE('',#1031,#993,#87,.T.);
#779=EDGE_CURVE('',#1006,#992,#88,.T.);
#780=EDGE_CURVE('',#1029,#985,#89,.F.);
#781=EDGE_CURVE('',#1032,#1033,#90,.T.);
#782=EDGE_CURVE('',#1032,#1034,#36,.F.);
#783=EDGE_CURVE('',#1034,#1035,#91,.T.);
#784=EDGE_CURVE('',#1035,#1036,#37,.F.);
#785=EDGE_CURVE('',#1036,#1037,#92,.T.);
#786=EDGE_CURVE('',#1037,#1038,#38,.F.);
#787=EDGE_CURVE('',#1039,#1038,#93,.T.);
#788=EDGE_CURVE('',#1039,#1033,#39,.F.);
#789=EDGE_CURVE('',#986,#1028,#94,.T.);
#790=EDGE_CURVE('',#1027,#987,#95,.F.);
#791=EDGE_CURVE('',#1004,#998,#96,.T.);
#792=EDGE_CURVE('',#1040,#999,#97,.T.);
#793=EDGE_CURVE('',#983,#1040,#98,.T.);
#794=EDGE_CURVE('',#982,#1030,#99,.T.);
#795=EDGE_CURVE('',#1041,#1042,#100,.T.);
#796=EDGE_CURVE('',#1041,#1043,#40,.T.);
#797=EDGE_CURVE('',#1043,#1044,#101,.T.);
#798=EDGE_CURVE('',#1044,#1045,#41,.T.);
#799=EDGE_CURVE('',#1045,#1046,#102,.T.);
#800=EDGE_CURVE('',#1046,#1047,#42,.T.);
#801=EDGE_CURVE('',#1048,#1047,#103,.T.);
#802=EDGE_CURVE('',#1048,#1042,#43,.T.);
#803=EDGE_CURVE('',#1049,#1050,#104,.T.);
#804=EDGE_CURVE('',#1049,#1044,#105,.T.);
#805=EDGE_CURVE('',#1043,#1050,#106,.F.);
#806=EDGE_CURVE('',#1042,#1051,#107,.F.);
#807=EDGE_CURVE('',#1051,#1052,#108,.T.);
#808=EDGE_CURVE('',#1052,#1041,#109,.T.);
#809=EDGE_CURVE('',#1053,#1054,#110,.T.);
#810=EDGE_CURVE('',#1054,#1048,#111,.T.);
#811=EDGE_CURVE('',#1047,#1053,#112,.F.);
#812=EDGE_CURVE('',#1045,#1055,#113,.F.);
#813=EDGE_CURVE('',#1056,#1055,#114,.T.);
#814=EDGE_CURVE('',#1056,#1046,#115,.T.);
#815=EDGE_CURVE('',#1053,#1056,#44,.T.);
#816=EDGE_CURVE('',#1055,#1049,#45,.T.);
#817=EDGE_CURVE('',#1050,#1052,#46,.T.);
#818=EDGE_CURVE('',#1051,#1054,#47,.T.);
#819=EDGE_CURVE('',#1000,#1057,#116,.T.);
#820=EDGE_CURVE('',#1057,#1058,#117,.T.);
#821=EDGE_CURVE('',#1001,#1058,#118,.T.);
#822=EDGE_CURVE('',#1003,#994,#119,.T.);
#823=EDGE_CURVE('',#1002,#995,#120,.T.);
#824=EDGE_CURVE('',#996,#1059,#121,.T.);
#825=EDGE_CURVE('',#1059,#1060,#122,.T.);
#826=EDGE_CURVE('',#997,#1060,#123,.T.);
#827=EDGE_CURVE('',#1061,#1062,#124,.T.);
#828=EDGE_CURVE('',#1061,#1063,#48,.T.);
#829=EDGE_CURVE('',#1063,#1064,#125,.T.);
#830=EDGE_CURVE('',#1064,#1065,#49,.T.);
#831=EDGE_CURVE('',#1065,#1066,#126,.T.);
#832=EDGE_CURVE('',#1066,#1067,#50,.T.);
#833=EDGE_CURVE('',#1068,#1067,#127,.T.);
#834=EDGE_CURVE('',#1068,#1062,#51,.T.);
#835=EDGE_CURVE('',#1069,#1070,#128,.T.);
#836=EDGE_CURVE('',#1070,#1071,#129,.T.);
#837=EDGE_CURVE('',#1072,#1071,#130,.T.);
#838=EDGE_CURVE('',#1072,#1069,#131,.T.);
#839=EDGE_CURVE('',#1071,#1059,#132,.T.);
#840=EDGE_CURVE('',#1058,#1072,#133,.F.);
#841=EDGE_CURVE('',#1060,#1070,#134,.T.);
#842=EDGE_CURVE('',#1069,#1057,#135,.F.);
#843=EDGE_CURVE('',#1065,#1039,#136,.T.);
#844=EDGE_CURVE('',#1038,#1066,#137,.F.);
#845=EDGE_CURVE('',#1067,#1037,#138,.T.);
#846=EDGE_CURVE('',#1036,#1068,#139,.F.);
#847=EDGE_CURVE('',#1034,#1061,#140,.F.);
#848=EDGE_CURVE('',#1062,#1035,#141,.T.);
#849=EDGE_CURVE('',#1033,#1064,#142,.F.);
#850=EDGE_CURVE('',#1063,#1032,#143,.T.);
#851=EDGE_CURVE('',#1040,#1031,#144,.T.);
#852=EDGE_CURVE('',#1073,#1073,#52,.T.);
#853=EDGE_CURVE('',#1074,#1074,#53,.T.);
#854=EDGE_CURVE('',#1075,#1075,#54,.T.);
#855=EDGE_CURVE('',#1076,#1077,#1215,.T.);
#856=EDGE_CURVE('',#1078,#1076,#1216,.T.);
#857=EDGE_CURVE('',#1079,#1078,#1217,.T.);
#858=EDGE_CURVE('',#1080,#1079,#1218,.T.);
#859=EDGE_CURVE('',#1081,#1080,#1219,.T.);
#860=EDGE_CURVE('',#1082,#1081,#1220,.T.);
#861=EDGE_CURVE('',#1083,#1082,#1221,.T.);
#862=EDGE_CURVE('',#1084,#1083,#1222,.T.);
#863=EDGE_CURVE('',#1085,#1084,#1223,.T.);
#864=EDGE_CURVE('',#1086,#1085,#1224,.T.);
#865=EDGE_CURVE('',#1087,#1086,#1225,.T.);
#866=EDGE_CURVE('',#1088,#1087,#1226,.T.);
#867=EDGE_CURVE('',#1089,#1088,#1227,.T.);
#868=EDGE_CURVE('',#1090,#1089,#1228,.T.);
#869=EDGE_CURVE('',#1091,#1090,#1229,.T.);
#870=EDGE_CURVE('',#1092,#1091,#1230,.T.);
#871=EDGE_CURVE('',#1093,#1092,#1231,.T.);
#872=EDGE_CURVE('',#1094,#1093,#1232,.T.);
#873=EDGE_CURVE('',#1077,#1094,#1233,.T.);
#874=VERTEX_POINT('',#2241);
#875=VERTEX_POINT('',#2242);
#876=VERTEX_POINT('',#2247);
#877=VERTEX_POINT('',#2252);
#878=VERTEX_POINT('',#2259);
#879=VERTEX_POINT('',#2264);
#880=VERTEX_POINT('',#2269);
#881=VERTEX_POINT('',#2274);
#882=VERTEX_POINT('',#2279);
#883=VERTEX_POINT('',#2284);
#884=VERTEX_POINT('',#2294);
#885=VERTEX_POINT('',#2295);
#886=VERTEX_POINT('',#2300);
#887=VERTEX_POINT('',#2305);
#888=VERTEX_POINT('',#2310);
#889=VERTEX_POINT('',#2315);
#890=VERTEX_POINT('',#2320);
#891=VERTEX_POINT('',#2325);
#892=VERTEX_POINT('',#2330);
#893=VERTEX_POINT('',#2335);
#894=VERTEX_POINT('',#2340);
#895=VERTEX_POINT('',#2345);
#896=VERTEX_POINT('',#2350);
#897=VERTEX_POINT('',#2356);
#898=VERTEX_POINT('',#2361);
#899=VERTEX_POINT('',#2366);
#900=VERTEX_POINT('',#2371);
#901=VERTEX_POINT('',#2383);
#902=VERTEX_POINT('',#2384);
#903=VERTEX_POINT('',#2389);
#904=VERTEX_POINT('',#2394);
#905=VERTEX_POINT('',#2401);
#906=VERTEX_POINT('',#2406);
#907=VERTEX_POINT('',#2411);
#908=VERTEX_POINT('',#2417);
#909=VERTEX_POINT('',#2422);
#910=VERTEX_POINT('',#2435);
#911=VERTEX_POINT('',#2436);
#912=VERTEX_POINT('',#2442);
#913=VERTEX_POINT('',#2449);
#914=VERTEX_POINT('',#2454);
#915=VERTEX_POINT('',#2459);
#916=VERTEX_POINT('',#2464);
#917=VERTEX_POINT('',#2469);
#918=VERTEX_POINT('',#2474);
#919=VERTEX_POINT('',#2479);
#920=VERTEX_POINT('',#2485);
#921=VERTEX_POINT('',#2495);
#922=VERTEX_POINT('',#2496);
#923=VERTEX_POINT('',#2501);
#924=VERTEX_POINT('',#2509);
#925=VERTEX_POINT('',#2514);
#926=VERTEX_POINT('',#2519);
#927=VERTEX_POINT('',#2524);
#928=VERTEX_POINT('',#2529);
#929=VERTEX_POINT('',#2536);
#930=VERTEX_POINT('',#2541);
#931=VERTEX_POINT('',#2551);
#932=VERTEX_POINT('',#2552);
#933=VERTEX_POINT('',#2557);
#934=VERTEX_POINT('',#2562);
#935=VERTEX_POINT('',#2568);
#936=VERTEX_POINT('',#2573);
#937=VERTEX_POINT('',#2578);
#938=VERTEX_POINT('',#2583);
#939=VERTEX_POINT('',#2590);
#940=VERTEX_POINT('',#2595);
#941=VERTEX_POINT('',#2601);
#942=VERTEX_POINT('',#2611);
#943=VERTEX_POINT('',#2612);
#944=VERTEX_POINT('',#2617);
#945=VERTEX_POINT('',#2622);
#946=VERTEX_POINT('',#2627);
#947=VERTEX_POINT('',#2634);
#948=VERTEX_POINT('',#2639);
#949=VERTEX_POINT('',#2645);
#950=VERTEX_POINT('',#2652);
#951=VERTEX_POINT('',#2662);
#952=VERTEX_POINT('',#2663);
#953=VERTEX_POINT('',#2668);
#954=VERTEX_POINT('',#2673);
#955=VERTEX_POINT('',#2678);
#956=VERTEX_POINT('',#2684);
#957=VERTEX_POINT('',#2689);
#958=VERTEX_POINT('',#2694);
#959=VERTEX_POINT('',#2699);
#960=VERTEX_POINT('',#2704);
#961=VERTEX_POINT('',#2709);
#962=VERTEX_POINT('',#2714);
#963=VERTEX_POINT('',#2719);
#964=VERTEX_POINT('',#2725);
#965=VERTEX_POINT('',#2730);
#966=VERTEX_POINT('',#2740);
#967=VERTEX_POINT('',#2741);
#968=VERTEX_POINT('',#2746);
#969=VERTEX_POINT('',#2751);
#970=VERTEX_POINT('',#2756);
#971=VERTEX_POINT('',#2761);
#972=VERTEX_POINT('',#2766);
#973=VERTEX_POINT('',#2774);
#974=VERTEX_POINT('',#2780);
#975=VERTEX_POINT('',#2785);
#976=VERTEX_POINT('',#2790);
#977=VERTEX_POINT('',#2795);
#978=VERTEX_POINT('',#2802);
#979=VERTEX_POINT('',#2803);
#980=VERTEX_POINT('',#2805);
#981=VERTEX_POINT('',#2807);
#982=VERTEX_POINT('',#2811);
#983=VERTEX_POINT('',#2812);
#984=VERTEX_POINT('',#2814);
#985=VERTEX_POINT('',#2816);
#986=VERTEX_POINT('',#2818);
#987=VERTEX_POINT('',#2820);
#988=VERTEX_POINT('',#2824);
#989=VERTEX_POINT('',#2825);
#990=VERTEX_POINT('',#2827);
#991=VERTEX_POINT('',#2829);
#992=VERTEX_POINT('',#2833);
#993=VERTEX_POINT('',#2835);
#994=VERTEX_POINT('',#2837);
#995=VERTEX_POINT('',#2839);
#996=VERTEX_POINT('',#2841);
#997=VERTEX_POINT('',#2843);
#998=VERTEX_POINT('',#2847);
#999=VERTEX_POINT('',#2848);
#1000=VERTEX_POINT('',#2851);
#1001=VERTEX_POINT('',#2853);
#1002=VERTEX_POINT('',#2855);
#1003=VERTEX_POINT('',#2857);
#1004=VERTEX_POINT('',#2861);
#1005=VERTEX_POINT('',#2863);
#1006=VERTEX_POINT('',#2867);
#1007=VERTEX_POINT('',#2869);
#1008=VERTEX_POINT('',#2873);
#1009=VERTEX_POINT('',#2875);
#1010=VERTEX_POINT('',#2877);
#1011=VERTEX_POINT('',#2885);
#1012=VERTEX_POINT('',#2886);
#1013=VERTEX_POINT('',#2899);
#1014=VERTEX_POINT('',#2900);
#1015=VERTEX_POINT('',#2905);
#1016=VERTEX_POINT('',#2921);
#1017=VERTEX_POINT('',#2929);
#1018=VERTEX_POINT('',#2938);
#1019=VERTEX_POINT('',#2949);
#1020=VERTEX_POINT('',#2950);
#1021=VERTEX_POINT('',#2955);
#1022=VERTEX_POINT('',#2971);
#1023=VERTEX_POINT('',#2972);
#1024=VERTEX_POINT('',#2986);
#1025=VERTEX_POINT('',#2998);
#1026=VERTEX_POINT('',#3006);
#1027=VERTEX_POINT('',#3008);
#1028=VERTEX_POINT('',#3009);
#1029=VERTEX_POINT('',#3011);
#1030=VERTEX_POINT('',#3014);
#1031=VERTEX_POINT('',#3018);
#1032=VERTEX_POINT('',#3024);
#1033=VERTEX_POINT('',#3025);
#1034=VERTEX_POINT('',#3027);
#1035=VERTEX_POINT('',#3029);
#1036=VERTEX_POINT('',#3031);
#1037=VERTEX_POINT('',#3033);
#1038=VERTEX_POINT('',#3035);
#1039=VERTEX_POINT('',#3037);
#1040=VERTEX_POINT('',#3044);
#1041=VERTEX_POINT('',#3048);
#1042=VERTEX_POINT('',#3049);
#1043=VERTEX_POINT('',#3051);
#1044=VERTEX_POINT('',#3053);
#1045=VERTEX_POINT('',#3055);
#1046=VERTEX_POINT('',#3057);
#1047=VERTEX_POINT('',#3059);
#1048=VERTEX_POINT('',#3061);
#1049=VERTEX_POINT('',#3065);
#1050=VERTEX_POINT('',#3066);
#1051=VERTEX_POINT('',#3071);
#1052=VERTEX_POINT('',#3073);
#1053=VERTEX_POINT('',#3077);
#1054=VERTEX_POINT('',#3078);
#1055=VERTEX_POINT('',#3083);
#1056=VERTEX_POINT('',#3085);
#1057=VERTEX_POINT('',#3093);
#1058=VERTEX_POINT('',#3095);
#1059=VERTEX_POINT('',#3102);
#1060=VERTEX_POINT('',#3104);
#1061=VERTEX_POINT('',#3108);
#1062=VERTEX_POINT('',#3109);
#1063=VERTEX_POINT('',#3111);
#1064=VERTEX_POINT('',#3113);
#1065=VERTEX_POINT('',#3115);
#1066=VERTEX_POINT('',#3117);
#1067=VERTEX_POINT('',#3119);
#1068=VERTEX_POINT('',#3121);
#1069=VERTEX_POINT('',#3124);
#1070=VERTEX_POINT('',#3125);
#1071=VERTEX_POINT('',#3127);
#1072=VERTEX_POINT('',#3129);
#1073=VERTEX_POINT('',#3167);
#1074=VERTEX_POINT('',#3171);
#1075=VERTEX_POINT('',#3175);
#1076=VERTEX_POINT('',#3182);
#1077=VERTEX_POINT('',#3183);
#1078=VERTEX_POINT('',#3188);
#1079=VERTEX_POINT('',#3193);
#1080=VERTEX_POINT('',#3198);
#1081=VERTEX_POINT('',#3204);
#1082=VERTEX_POINT('',#3209);
#1083=VERTEX_POINT('',#3214);
#1084=VERTEX_POINT('',#3220);
#1085=VERTEX_POINT('',#3225);
#1086=VERTEX_POINT('',#3230);
#1087=VERTEX_POINT('',#3235);
#1088=VERTEX_POINT('',#3240);
#1089=VERTEX_POINT('',#3245);
#1090=VERTEX_POINT('',#3250);
#1091=VERTEX_POINT('',#3255);
#1092=VERTEX_POINT('',#3260);
#1093=VERTEX_POINT('',#3265);
#1094=VERTEX_POINT('',#3270);
#1095=B_SPLINE_CURVE_WITH_KNOTS('',3,(#2237,#2238,#2239,#2240),
 .UNSPECIFIED.,.F.,.F.,(4,4),(0.,9.56220111987287E-5),.UNSPECIFIED.);
#1096=B_SPLINE_CURVE_WITH_KNOTS('',3,(#2243,#2244,#2245,#2246),
 .UNSPECIFIED.,.F.,.F.,(4,4),(0.,0.000244894170105996),.UNSPECIFIED.);
#1097=B_SPLINE_CURVE_WITH_KNOTS('',3,(#2248,#2249,#2250,#2251),
 .UNSPECIFIED.,.F.,.F.,(4,4),(0.,0.000263007775569528),.UNSPECIFIED.);
#1098=B_SPLINE_CURVE_WITH_KNOTS('',3,(#2253,#2254,#2255,#2256,#2257,#2258),
 .UNSPECIFIED.,.F.,.F.,(4,1,1,4),(0.,6.4918016073127E-5,0.000129836032146254,
0.000259672064292508),.UNSPECIFIED.);
#1099=B_SPLINE_CURVE_WITH_KNOTS('',3,(#2260,#2261,#2262,#2263),
 .UNSPECIFIED.,.F.,.F.,(4,4),(0.,8.48012537695835E-5),.UNSPECIFIED.);
#1100=B_SPLINE_CURVE_WITH_KNOTS('',3,(#2265,#2266,#2267,#2268),
 .UNSPECIFIED.,.F.,.F.,(4,4),(0.,0.000174990197636206),.UNSPECIFIED.);
#1101=B_SPLINE_CURVE_WITH_KNOTS('',3,(#2270,#2271,#2272,#2273),
 .UNSPECIFIED.,.F.,.F.,(4,4),(0.,9.39245573109552E-5),.UNSPECIFIED.);
#1102=B_SPLINE_CURVE_WITH_KNOTS('',3,(#2275,#2276,#2277,#2278),
 .UNSPECIFIED.,.F.,.F.,(4,4),(0.,0.000409844190854458),.UNSPECIFIED.);
#1103=B_SPLINE_CURVE_WITH_KNOTS('',3,(#2280,#2281,#2282,#2283),
 .UNSPECIFIED.,.F.,.F.,(4,4),(0.,0.000415433248416437),.UNSPECIFIED.);
#1104=B_SPLINE_CURVE_WITH_KNOTS('',3,(#2285,#2286,#2287,#2288),
 .UNSPECIFIED.,.F.,.F.,(4,4),(0.,1.00423352285109E-6),.UNSPECIFIED.);
#1105=B_SPLINE_CURVE_WITH_KNOTS('',3,(#2290,#2291,#2292,#2293),
 .UNSPECIFIED.,.F.,.F.,(4,4),(0.,7.22630355791427E-5),.UNSPECIFIED.);
#1106=B_SPLINE_CURVE_WITH_KNOTS('',3,(#2296,#2297,#2298,#2299),
 .UNSPECIFIED.,.F.,.F.,(4,4),(0.,0.000244391482356357),.UNSPECIFIED.);
#1107=B_SPLINE_CURVE_WITH_KNOTS('',3,(#2301,#2302,#2303,#2304),
 .UNSPECIFIED.,.F.,.F.,(4,4),(0.,9.7322414862796E-7),.UNSPECIFIED.);
#1108=B_SPLINE_CURVE_WITH_KNOTS('',3,(#2306,#2307,#2308,#2309),
 .UNSPECIFIED.,.F.,.F.,(4,4),(0.,0.000100191347539602),.UNSPECIFIED.);
#1109=B_SPLINE_CURVE_WITH_KNOTS('',3,(#2311,#2312,#2313,#2314),
 .UNSPECIFIED.,.F.,.F.,(4,4),(0.,0.000179073662865262),.UNSPECIFIED.);
#1110=B_SPLINE_CURVE_WITH_KNOTS('',3,(#2316,#2317,#2318,#2319),
 .UNSPECIFIED.,.F.,.F.,(4,4),(0.,0.000243616338864465),.UNSPECIFIED.);
#1111=B_SPLINE_CURVE_WITH_KNOTS('',3,(#2321,#2322,#2323,#2324),
 .UNSPECIFIED.,.F.,.F.,(4,4),(0.,0.000100178818795681),.UNSPECIFIED.);
#1112=B_SPLINE_CURVE_WITH_KNOTS('',3,(#2326,#2327,#2328,#2329),
 .UNSPECIFIED.,.F.,.F.,(4,4),(0.,5.65792750935094E-7),.UNSPECIFIED.);
#1113=B_SPLINE_CURVE_WITH_KNOTS('',3,(#2331,#2332,#2333,#2334),
 .UNSPECIFIED.,.F.,.F.,(4,4),(0.,4.16350936767051E-5),.UNSPECIFIED.);
#1114=B_SPLINE_CURVE_WITH_KNOTS('',3,(#2336,#2337,#2338,#2339),
 .UNSPECIFIED.,.F.,.F.,(4,4),(0.,5.45710545985664E-5),.UNSPECIFIED.);
#1115=B_SPLINE_CURVE_WITH_KNOTS('',3,(#2341,#2342,#2343,#2344),
 .UNSPECIFIED.,.F.,.F.,(4,4),(0.,7.41323899740731E-5),.UNSPECIFIED.);
#1116=B_SPLINE_CURVE_WITH_KNOTS('',3,(#2346,#2347,#2348,#2349),
 .UNSPECIFIED.,.F.,.F.,(4,4),(0.,8.45791837996045E-5),.UNSPECIFIED.);
#1117=B_SPLINE_CURVE_WITH_KNOTS('',3,(#2351,#2352,#2353,#2354,#2355),
 .UNSPECIFIED.,.F.,.F.,(4,1,4),(0.,0.000105293573453928,0.000210587146907857),
 .UNSPECIFIED.);
#1118=B_SPLINE_CURVE_WITH_KNOTS('',3,(#2357,#2358,#2359,#2360),
 .UNSPECIFIED.,.F.,.F.,(4,4),(0.,3.91438069089724E-5),.UNSPECIFIED.);
#1119=B_SPLINE_CURVE_WITH_KNOTS('',3,(#2362,#2363,#2364,#2365),
 .UNSPECIFIED.,.F.,.F.,(4,4),(0.,0.000219660991347531),.UNSPECIFIED.);
#1120=B_SPLINE_CURVE_WITH_KNOTS('',3,(#2367,#2368,#2369,#2370),
 .UNSPECIFIED.,.F.,.F.,(4,4),(0.,0.000113156478275916),.UNSPECIFIED.);
#1121=B_SPLINE_CURVE_WITH_KNOTS('',3,(#2372,#2373,#2374,#2375,#2376,#2377),
 .UNSPECIFIED.,.F.,.F.,(4,1,1,4),(0.,0.000139042570087673,0.00020856385513151,
0.000278085140175347),.UNSPECIFIED.);
#1122=B_SPLINE_CURVE_WITH_KNOTS('',3,(#2379,#2380,#2381,#2382),
 .UNSPECIFIED.,.F.,.F.,(4,4),(0.,0.000292688180173486),.UNSPECIFIED.);
#1123=B_SPLINE_CURVE_WITH_KNOTS('',3,(#2385,#2386,#2387,#2388),
 .UNSPECIFIED.,.F.,.F.,(4,4),(0.,0.000158140609189034),.UNSPECIFIED.);
#1124=B_SPLINE_CURVE_WITH_KNOTS('',3,(#2390,#2391,#2392,#2393),
 .UNSPECIFIED.,.F.,.F.,(4,4),(0.,3.8267503644476E-5),.UNSPECIFIED.);
#1125=B_SPLINE_CURVE_WITH_KNOTS('',3,(#2395,#2396,#2397,#2398,#2399,#2400),
 .UNSPECIFIED.,.F.,.F.,(4,1,1,4),(0.,0.000185046361898448,0.000277569542847672,
0.000370092723796895),.UNSPECIFIED.);
#1126=B_SPLINE_CURVE_WITH_KNOTS('',3,(#2402,#2403,#2404,#2405),
 .UNSPECIFIED.,.F.,.F.,(4,4),(0.,5.38685280206454E-5),.UNSPECIFIED.);
#1127=B_SPLINE_CURVE_WITH_KNOTS('',3,(#2407,#2408,#2409,#2410),
 .UNSPECIFIED.,.F.,.F.,(4,4),(0.,4.10487515035444E-5),.UNSPECIFIED.);
#1128=B_SPLINE_CURVE_WITH_KNOTS('',3,(#2412,#2413,#2414,#2415,#2416),
 .UNSPECIFIED.,.F.,.F.,(4,1,4),(0.,0.000238267114788603,0.000476534229577206),
 .UNSPECIFIED.);
#1129=B_SPLINE_CURVE_WITH_KNOTS('',3,(#2418,#2419,#2420,#2421),
 .UNSPECIFIED.,.F.,.F.,(4,4),(0.,5.59817222008423E-5),.UNSPECIFIED.);
#1130=B_SPLINE_CURVE_WITH_KNOTS('',3,(#2423,#2424,#2425,#2426,#2427,#2428,
#2429),.UNSPECIFIED.,.F.,.F.,(4,1,1,1,4),(0.,0.000143732201933417,0.000215598302900126,
0.000287464403866834,0.000574928807733669),.UNSPECIFIED.);
#1131=B_SPLINE_CURVE_WITH_KNOTS('',3,(#2431,#2432,#2433,#2434),
 .UNSPECIFIED.,.F.,.F.,(4,4),(0.,3.72945303222339E-5),.UNSPECIFIED.);
#1132=B_SPLINE_CURVE_WITH_KNOTS('',3,(#2437,#2438,#2439,#2440,#2441),
 .UNSPECIFIED.,.F.,.F.,(4,1,4),(0.,0.000229287106534618,0.000458574213069236),
 .UNSPECIFIED.);
#1133=B_SPLINE_CURVE_WITH_KNOTS('',3,(#2443,#2444,#2445,#2446,#2447,#2448),
 .UNSPECIFIED.,.F.,.F.,(4,1,1,4),(0.,0.000227343089952248,0.000341014634928373,
0.000454686179904497),.UNSPECIFIED.);
#1134=B_SPLINE_CURVE_WITH_KNOTS('',3,(#2450,#2451,#2452,#2453),
 .UNSPECIFIED.,.F.,.F.,(4,4),(0.,0.000149646110557854),.UNSPECIFIED.);
#1135=B_SPLINE_CURVE_WITH_KNOTS('',3,(#2455,#2456,#2457,#2458),
 .UNSPECIFIED.,.F.,.F.,(4,4),(0.,0.000215117775861535),.UNSPECIFIED.);
#1136=B_SPLINE_CURVE_WITH_KNOTS('',3,(#2460,#2461,#2462,#2463),
 .UNSPECIFIED.,.F.,.F.,(4,4),(0.,8.31170299869593E-5),.UNSPECIFIED.);
#1137=B_SPLINE_CURVE_WITH_KNOTS('',3,(#2465,#2466,#2467,#2468),
 .UNSPECIFIED.,.F.,.F.,(4,4),(0.,0.0001235356280483),.UNSPECIFIED.);
#1138=B_SPLINE_CURVE_WITH_KNOTS('',3,(#2470,#2471,#2472,#2473),
 .UNSPECIFIED.,.F.,.F.,(4,4),(0.,8.41927440335983E-7),.UNSPECIFIED.);
#1139=B_SPLINE_CURVE_WITH_KNOTS('',3,(#2475,#2476,#2477,#2478),
 .UNSPECIFIED.,.F.,.F.,(4,4),(0.,3.42291111858988E-5),.UNSPECIFIED.);
#1140=B_SPLINE_CURVE_WITH_KNOTS('',3,(#2480,#2481,#2482,#2483,#2484),
 .UNSPECIFIED.,.F.,.F.,(4,1,4),(0.,0.000162516013003501,0.000325032026007002),
 .UNSPECIFIED.);
#1141=B_SPLINE_CURVE_WITH_KNOTS('',3,(#2486,#2487,#2488,#2489),
 .UNSPECIFIED.,.F.,.F.,(4,4),(0.,0.000125917726060938),.UNSPECIFIED.);
#1142=B_SPLINE_CURVE_WITH_KNOTS('',3,(#2491,#2492,#2493,#2494),
 .UNSPECIFIED.,.F.,.F.,(4,4),(0.,8.45644713545681E-5),.UNSPECIFIED.);
#1143=B_SPLINE_CURVE_WITH_KNOTS('',3,(#2497,#2498,#2499,#2500),
 .UNSPECIFIED.,.F.,.F.,(4,4),(0.,1.05429365911108E-6),.UNSPECIFIED.);
#1144=B_SPLINE_CURVE_WITH_KNOTS('',3,(#2502,#2503,#2504,#2505,#2506,#2507,
#2508),.UNSPECIFIED.,.F.,.F.,(4,1,1,1,4),(0.,0.000259228870102464,0.000324036087628081,
0.000388843305153697,0.000518457740204929),.UNSPECIFIED.);
#1145=B_SPLINE_CURVE_WITH_KNOTS('',3,(#2510,#2511,#2512,#2513),
 .UNSPECIFIED.,.F.,.F.,(4,4),(0.,0.000127296775325271),.UNSPECIFIED.);
#1146=B_SPLINE_CURVE_WITH_KNOTS('',3,(#2515,#2516,#2517,#2518),
 .UNSPECIFIED.,.F.,.F.,(4,4),(0.,4.00000000000005E-5),.UNSPECIFIED.);
#1147=B_SPLINE_CURVE_WITH_KNOTS('',3,(#2520,#2521,#2522,#2523),
 .UNSPECIFIED.,.F.,.F.,(4,4),(0.,0.000164447816334231),.UNSPECIFIED.);
#1148=B_SPLINE_CURVE_WITH_KNOTS('',3,(#2525,#2526,#2527,#2528),
 .UNSPECIFIED.,.F.,.F.,(4,4),(0.,0.000297592688314324),.UNSPECIFIED.);
#1149=B_SPLINE_CURVE_WITH_KNOTS('',3,(#2530,#2531,#2532,#2533,#2534,#2535),
 .UNSPECIFIED.,.F.,.F.,(4,1,1,4),(0.,0.000141238111789101,0.000282476223578201,
0.000564952447156402),.UNSPECIFIED.);
#1150=B_SPLINE_CURVE_WITH_KNOTS('',3,(#2537,#2538,#2539,#2540),
 .UNSPECIFIED.,.F.,.F.,(4,4),(0.,4.80783267601987E-5),.UNSPECIFIED.);
#1151=B_SPLINE_CURVE_WITH_KNOTS('',3,(#2542,#2543,#2544,#2545),
 .UNSPECIFIED.,.F.,.F.,(4,4),(0.,0.000220179542531762),.UNSPECIFIED.);
#1152=B_SPLINE_CURVE_WITH_KNOTS('',3,(#2547,#2548,#2549,#2550),
 .UNSPECIFIED.,.F.,.F.,(4,4),(0.,7.35876071196981E-5),.UNSPECIFIED.);
#1153=B_SPLINE_CURVE_WITH_KNOTS('',3,(#2553,#2554,#2555,#2556),
 .UNSPECIFIED.,.F.,.F.,(4,4),(0.,8.5061775009293E-5),.UNSPECIFIED.);
#1154=B_SPLINE_CURVE_WITH_KNOTS('',3,(#2558,#2559,#2560,#2561),
 .UNSPECIFIED.,.F.,.F.,(4,4),(0.,0.000282423961669386),.UNSPECIFIED.);
#1155=B_SPLINE_CURVE_WITH_KNOTS('',3,(#2563,#2564,#2565,#2566,#2567),
 .UNSPECIFIED.,.F.,.F.,(4,1,4),(0.,0.000207122810439366,0.000414245620878732),
 .UNSPECIFIED.);
#1156=B_SPLINE_CURVE_WITH_KNOTS('',3,(#2569,#2570,#2571,#2572),
 .UNSPECIFIED.,.F.,.F.,(4,4),(0.,3.5880736773222E-5),.UNSPECIFIED.);
#1157=B_SPLINE_CURVE_WITH_KNOTS('',3,(#2574,#2575,#2576,#2577),
 .UNSPECIFIED.,.F.,.F.,(4,4),(0.,8.77193679582606E-5),.UNSPECIFIED.);
#1158=B_SPLINE_CURVE_WITH_KNOTS('',3,(#2579,#2580,#2581,#2582),
 .UNSPECIFIED.,.F.,.F.,(4,4),(0.,0.000157461243092057),.UNSPECIFIED.);
#1159=B_SPLINE_CURVE_WITH_KNOTS('',3,(#2584,#2585,#2586,#2587,#2588,#2589),
 .UNSPECIFIED.,.F.,.F.,(4,1,1,4),(0.,8.2666542126191E-5,0.000165333084252382,
0.000330666168504764),.UNSPECIFIED.);
#1160=B_SPLINE_CURVE_WITH_KNOTS('',3,(#2591,#2592,#2593,#2594),
 .UNSPECIFIED.,.F.,.F.,(4,4),(0.,1.92240343275748E-6),.UNSPECIFIED.);
#1161=B_SPLINE_CURVE_WITH_KNOTS('',3,(#2596,#2597,#2598,#2599,#2600),
 .UNSPECIFIED.,.F.,.F.,(4,1,4),(0.,0.000202951130635625,0.00040590226127125),
 .UNSPECIFIED.);
#1162=B_SPLINE_CURVE_WITH_KNOTS('',3,(#2602,#2603,#2604,#2605),
 .UNSPECIFIED.,.F.,.F.,(4,4),(0.,9.0585613019398E-5),.UNSPECIFIED.);
#1163=B_SPLINE_CURVE_WITH_KNOTS('',3,(#2607,#2608,#2609,#2610),
 .UNSPECIFIED.,.F.,.F.,(4,4),(0.,0.000169567913852453),.UNSPECIFIED.);
#1164=B_SPLINE_CURVE_WITH_KNOTS('',3,(#2613,#2614,#2615,#2616),
 .UNSPECIFIED.,.F.,.F.,(4,4),(0.,7.11300232664585E-5),.UNSPECIFIED.);
#1165=B_SPLINE_CURVE_WITH_KNOTS('',3,(#2618,#2619,#2620,#2621),
 .UNSPECIFIED.,.F.,.F.,(4,4),(0.,5.5311450813176E-5),.UNSPECIFIED.);
#1166=B_SPLINE_CURVE_WITH_KNOTS('',3,(#2623,#2624,#2625,#2626),
 .UNSPECIFIED.,.F.,.F.,(4,4),(0.,4.68187996428792E-5),.UNSPECIFIED.);
#1167=B_SPLINE_CURVE_WITH_KNOTS('',3,(#2628,#2629,#2630,#2631,#2632,#2633),
 .UNSPECIFIED.,.F.,.F.,(4,1,1,4),(0.,0.000263749543676745,0.000395624315515118,
0.00052749908735349),.UNSPECIFIED.);
#1168=B_SPLINE_CURVE_WITH_KNOTS('',3,(#2635,#2636,#2637,#2638),
 .UNSPECIFIED.,.F.,.F.,(4,4),(0.,0.000263609169708121),.UNSPECIFIED.);
#1169=B_SPLINE_CURVE_WITH_KNOTS('',3,(#2640,#2641,#2642,#2643,#2644),
 .UNSPECIFIED.,.F.,.F.,(4,1,4),(0.,0.000125639392603561,0.000251278785207122),
 .UNSPECIFIED.);
#1170=B_SPLINE_CURVE_WITH_KNOTS('',3,(#2646,#2647,#2648,#2649,#2650,#2651),
 .UNSPECIFIED.,.F.,.F.,(4,1,1,4),(0.,0.000130491508968121,0.000260983017936242,
0.000521966035872484),.UNSPECIFIED.);
#1171=B_SPLINE_CURVE_WITH_KNOTS('',3,(#2653,#2654,#2655,#2656),
 .UNSPECIFIED.,.F.,.F.,(4,4),(0.,0.000183725254507862),.UNSPECIFIED.);
#1172=B_SPLINE_CURVE_WITH_KNOTS('',3,(#2658,#2659,#2660,#2661),
 .UNSPECIFIED.,.F.,.F.,(4,4),(0.,5.39028824423869E-5),.UNSPECIFIED.);
#1173=B_SPLINE_CURVE_WITH_KNOTS('',3,(#2664,#2665,#2666,#2667),
 .UNSPECIFIED.,.F.,.F.,(4,4),(0.,4.01335891672756E-5),.UNSPECIFIED.);
#1174=B_SPLINE_CURVE_WITH_KNOTS('',3,(#2669,#2670,#2671,#2672),
 .UNSPECIFIED.,.F.,.F.,(4,4),(0.,0.000165040304082894),.UNSPECIFIED.);
#1175=B_SPLINE_CURVE_WITH_KNOTS('',3,(#2674,#2675,#2676,#2677),
 .UNSPECIFIED.,.F.,.F.,(4,4),(0.,0.000239902370300631),.UNSPECIFIED.);
#1176=B_SPLINE_CURVE_WITH_KNOTS('',3,(#2679,#2680,#2681,#2682,#2683),
 .UNSPECIFIED.,.F.,.F.,(4,1,4),(0.,0.000100006697538137,0.000200013395076274),
 .UNSPECIFIED.);
#1177=B_SPLINE_CURVE_WITH_KNOTS('',3,(#2685,#2686,#2687,#2688),
 .UNSPECIFIED.,.F.,.F.,(4,4),(0.,7.51013085204891E-5),.UNSPECIFIED.);
#1178=B_SPLINE_CURVE_WITH_KNOTS('',3,(#2690,#2691,#2692,#2693),
 .UNSPECIFIED.,.F.,.F.,(4,4),(0.,8.3680492778618E-5),.UNSPECIFIED.);
#1179=B_SPLINE_CURVE_WITH_KNOTS('',3,(#2695,#2696,#2697,#2698),
 .UNSPECIFIED.,.F.,.F.,(4,4),(0.,0.00021594144410288),.UNSPECIFIED.);
#1180=B_SPLINE_CURVE_WITH_KNOTS('',3,(#2700,#2701,#2702,#2703),
 .UNSPECIFIED.,.F.,.F.,(4,4),(0.,5.0149340881404E-5),.UNSPECIFIED.);
#1181=B_SPLINE_CURVE_WITH_KNOTS('',3,(#2705,#2706,#2707,#2708),
 .UNSPECIFIED.,.F.,.F.,(4,4),(0.,4.89478494600025E-5),.UNSPECIFIED.);
#1182=B_SPLINE_CURVE_WITH_KNOTS('',3,(#2710,#2711,#2712,#2713),
 .UNSPECIFIED.,.F.,.F.,(4,4),(0.,0.000472604872541837),.UNSPECIFIED.);
#1183=B_SPLINE_CURVE_WITH_KNOTS('',3,(#2715,#2716,#2717,#2718),
 .UNSPECIFIED.,.F.,.F.,(4,4),(0.,4.77840921303545E-5),.UNSPECIFIED.);
#1184=B_SPLINE_CURVE_WITH_KNOTS('',3,(#2720,#2721,#2722,#2723,#2724),
 .UNSPECIFIED.,.F.,.F.,(4,1,4),(0.,0.000149212328969859,0.000298424657939719),
 .UNSPECIFIED.);
#1185=B_SPLINE_CURVE_WITH_KNOTS('',3,(#2726,#2727,#2728,#2729),
 .UNSPECIFIED.,.F.,.F.,(4,4),(0.,7.12110902723515E-5),.UNSPECIFIED.);
#1186=B_SPLINE_CURVE_WITH_KNOTS('',3,(#2731,#2732,#2733,#2734),
 .UNSPECIFIED.,.F.,.F.,(4,4),(0.,7.15834483038537E-7),.UNSPECIFIED.);
#1187=B_SPLINE_CURVE_WITH_KNOTS('',3,(#2736,#2737,#2738,#2739),
 .UNSPECIFIED.,.F.,.F.,(4,4),(0.,5.9572206285773E-5),.UNSPECIFIED.);
#1188=B_SPLINE_CURVE_WITH_KNOTS('',3,(#2742,#2743,#2744,#2745),
 .UNSPECIFIED.,.F.,.F.,(4,4),(0.,7.39730719401459E-5),.UNSPECIFIED.);
#1189=B_SPLINE_CURVE_WITH_KNOTS('',3,(#2747,#2748,#2749,#2750),
 .UNSPECIFIED.,.F.,.F.,(4,4),(0.,9.74244709863602E-7),.UNSPECIFIED.);
#1190=B_SPLINE_CURVE_WITH_KNOTS('',3,(#2752,#2753,#2754,#2755),
 .UNSPECIFIED.,.F.,.F.,(4,4),(0.,0.000168848953062518),.UNSPECIFIED.);
#1191=B_SPLINE_CURVE_WITH_KNOTS('',3,(#2757,#2758,#2759,#2760),
 .UNSPECIFIED.,.F.,.F.,(4,4),(0.,0.00018360434878766),.UNSPECIFIED.);
#1192=B_SPLINE_CURVE_WITH_KNOTS('',3,(#2762,#2763,#2764,#2765),
 .UNSPECIFIED.,.F.,.F.,(4,4),(0.,5.38812389356943E-5),.UNSPECIFIED.);
#1193=B_SPLINE_CURVE_WITH_KNOTS('',3,(#2767,#2768,#2769,#2770,#2771,#2772,
#2773),.UNSPECIFIED.,.F.,.F.,(4,1,1,1,4),(0.,0.00014663472695477,0.000293269453909539,
0.000439904180864309,0.000586538907819079),.UNSPECIFIED.);
#1194=B_SPLINE_CURVE_WITH_KNOTS('',3,(#2775,#2776,#2777,#2778,#2779),
 .UNSPECIFIED.,.F.,.F.,(4,1,4),(0.,0.000210925387902433,0.000421850775804867),
 .UNSPECIFIED.);
#1195=B_SPLINE_CURVE_WITH_KNOTS('',3,(#2781,#2782,#2783,#2784),
 .UNSPECIFIED.,.F.,.F.,(4,4),(0.,4.51774279923063E-5),.UNSPECIFIED.);
#1196=B_SPLINE_CURVE_WITH_KNOTS('',3,(#2786,#2787,#2788,#2789),
 .UNSPECIFIED.,.F.,.F.,(4,4),(0.,0.000213544490993033),.UNSPECIFIED.);
#1197=B_SPLINE_CURVE_WITH_KNOTS('',3,(#2791,#2792,#2793,#2794),
 .UNSPECIFIED.,.F.,.F.,(4,4),(0.,0.000243998976540314),.UNSPECIFIED.);
#1198=B_SPLINE_CURVE_WITH_KNOTS('',3,(#2796,#2797,#2798,#2799),
 .UNSPECIFIED.,.F.,.F.,(4,4),(0.,4.36087586802733E-5),.UNSPECIFIED.);
#1199=B_SPLINE_CURVE_WITH_KNOTS('',3,(#2878,#2879,#2880,#2881,#2882,#2883,
#2884),.UNSPECIFIED.,.F.,.F.,(4,1,1,1,4),(0.,4.90761484284573E-5,9.81522968569145E-5,
0.000147228445285372,0.000196304593713829),.UNSPECIFIED.);
#1200=B_SPLINE_CURVE_WITH_KNOTS('',3,(#2887,#2888,#2889,#2890,#2891,#2892,
#2893,#2894),.UNSPECIFIED.,.F.,.F.,(4,1,1,1,1,4),(0.,7.85094140916145E-5,
0.000117764121137422,0.000157018828183229,0.000235528242274844,0.000314037656366458),
 .UNSPECIFIED.);
#1201=B_SPLINE_CURVE_WITH_KNOTS('',3,(#2895,#2896,#2897,#2898),
 .UNSPECIFIED.,.F.,.F.,(4,4),(0.,4.5853512486221E-5),.UNSPECIFIED.);
#1202=B_SPLINE_CURVE_WITH_KNOTS('',3,(#2901,#2902,#2903,#2904),
 .UNSPECIFIED.,.F.,.F.,(4,4),(0.,2.20484013506731E-5),.UNSPECIFIED.);
#1203=B_SPLINE_CURVE_WITH_KNOTS('',3,(#2906,#2907,#2908,#2909,#2910),
 .UNSPECIFIED.,.F.,.F.,(4,1,4),(0.,5.90538875770433E-5,0.000118107775154087),
 .UNSPECIFIED.);
#1204=B_SPLINE_CURVE_WITH_KNOTS('',3,(#2911,#2912,#2913,#2914,#2915,#2916,
#2917,#2918,#2919,#2920),.UNSPECIFIED.,.T.,.F.,(1,1,1,1,1,1,1,1,1,1,1,1,
1,1),(-0.000167397870062583,-0.000111598580041722,-5.57992900208609E-5,
0.,5.57992900208609E-5,0.000111598580041722,0.000223197160083444,0.000278996450104305,
0.000334795740125166,0.000390595030146027,0.000446394320166887,0.000502193610187748,
0.000557992900208609,0.000669591480250331),.UNSPECIFIED.);
#1205=B_SPLINE_CURVE_WITH_KNOTS('',3,(#2922,#2923,#2924,#2925,#2926,#2927,
#2928),.UNSPECIFIED.,.T.,.F.,(1,1,1,1,1,1,1,1,1,1,1),(-0.0002721844488161,
-0.000181456299210734,-9.07281496053668E-5,0.,9.07281496053668E-5,0.000181456299210734,
0.0002721844488161,0.000362912598421467,0.000453640748026834,0.0005443688976322,
0.000635097047237567),.UNSPECIFIED.);
#1206=B_SPLINE_CURVE_WITH_KNOTS('',3,(#2930,#2931,#2932,#2933,#2934,#2935,
#2936,#2937),.UNSPECIFIED.,.T.,.F.,(1,1,1,1,1,1,1,1,1,1,1,1),(-0.000296668193440501,
-0.000237334554752401,-0.0001186672773762,0.,0.0001186672773762,0.000178000916064301,
0.000237334554752401,0.000356001832128601,0.000474669109504802,0.000593336386881002,
0.000652670025569103,0.000712003664257203),.UNSPECIFIED.);
#1207=B_SPLINE_CURVE_WITH_KNOTS('',3,(#2939,#2940,#2941,#2942,#2943,#2944,
#2945,#2946,#2947,#2948),.UNSPECIFIED.,.F.,.F.,(4,1,1,1,1,1,1,4),(0.,9.05943019972505E-5,
0.000135891452995876,0.000181188603994501,0.000226485754993126,0.000271782905991751,
0.000317080056990377,0.000362377207989002),.UNSPECIFIED.);
#1208=B_SPLINE_CURVE_WITH_KNOTS('',3,(#2951,#2952,#2953,#2954),
 .UNSPECIFIED.,.F.,.F.,(4,4),(0.,1.98272206243329E-5),.UNSPECIFIED.);
#1209=B_SPLINE_CURVE_WITH_KNOTS('',3,(#2956,#2957,#2958,#2959),
 .UNSPECIFIED.,.F.,.F.,(4,4),(0.,4.5582201757213E-5),.UNSPECIFIED.);
#1210=B_SPLINE_CURVE_WITH_KNOTS('',3,(#2960,#2961,#2962,#2963,#2964,#2965,
#2966,#2967,#2968,#2969,#2970),.UNSPECIFIED.,.F.,.F.,(4,1,1,1,1,1,1,1,4),
(0.,7.119729416279E-5,0.00014239458832558,0.00021359188248837,0.00028478917665116,
0.00035598647081395,0.00042718376497674,0.00049838105913953,0.00056957835330232),
 .UNSPECIFIED.);
#1211=B_SPLINE_CURVE_WITH_KNOTS('',3,(#2973,#2974,#2975,#2976),
 .UNSPECIFIED.,.F.,.F.,(4,4),(0.,2.14734035519752E-5),.UNSPECIFIED.);
#1212=B_SPLINE_CURVE_WITH_KNOTS('',3,(#2977,#2978,#2979,#2980,#2981,#2982,
#2983,#2984,#2985),.UNSPECIFIED.,.T.,.F.,(1,1,1,1,1,1,1,1,1,1,1,1,1),(-0.000174347515135088,
-0.000130760636351316,-8.71737575675441E-5,0.,8.71737575675441E-5,0.000130760636351316,
0.000174347515135088,0.00021793439391886,0.000261521272702632,0.000348695030270176,
0.000435868787837721,0.000479455666621493,0.000523042545405265),
 .UNSPECIFIED.);
#1213=B_SPLINE_CURVE_WITH_KNOTS('',3,(#2987,#2988,#2989,#2990,#2991,#2992,
#2993,#2994,#2995,#2996,#2997),.UNSPECIFIED.,.T.,.F.,(1,1,1,1,1,1,1,1,1,
1,1,1,1,1,1),(-0.000127215864751461,-9.54118985635957E-5,-6.36079323757305E-5,
0.,6.36079323757305E-5,0.000127215864751461,0.000190823797127191,0.000254431729502922,
0.000381647594254383,0.000413451560442248,0.000445255526630114,0.000508863459005844,
0.000572471391381574,0.000636079323757305,0.000699687256133036),
 .UNSPECIFIED.);
#1214=B_SPLINE_CURVE_WITH_KNOTS('',3,(#2999,#3000,#3001,#3002,#3003,#3004,
#3005),.UNSPECIFIED.,.T.,.F.,(1,1,1,1,1,1,1,1,1,1,1),(-0.00019065350814551,
-0.000127102338763673,-6.35511693818366E-5,0.,6.35511693818366E-5,0.000127102338763673,
0.00019065350814551,0.000254204677527347,0.000317755846909183,0.00038130701629102,
0.000444858185672856),.UNSPECIFIED.);
#1215=B_SPLINE_CURVE_WITH_KNOTS('',3,(#3178,#3179,#3180,#3181),
 .UNSPECIFIED.,.F.,.F.,(4,4),(0.,4.31056830444174E-5),.UNSPECIFIED.);
#1216=B_SPLINE_CURVE_WITH_KNOTS('',3,(#3184,#3185,#3186,#3187),
 .UNSPECIFIED.,.F.,.F.,(4,4),(0.,1.91612712364756E-6),.UNSPECIFIED.);
#1217=B_SPLINE_CURVE_WITH_KNOTS('',3,(#3189,#3190,#3191,#3192),
 .UNSPECIFIED.,.F.,.F.,(4,4),(0.,6.93646511003305E-5),.UNSPECIFIED.);
#1218=B_SPLINE_CURVE_WITH_KNOTS('',3,(#3194,#3195,#3196,#3197),
 .UNSPECIFIED.,.F.,.F.,(4,4),(0.,9.00904763732474E-5),.UNSPECIFIED.);
#1219=B_SPLINE_CURVE_WITH_KNOTS('',3,(#3199,#3200,#3201,#3202,#3203),
 .UNSPECIFIED.,.F.,.F.,(4,1,4),(0.,8.1251766697783E-5,0.000162503533395566),
 .UNSPECIFIED.);
#1220=B_SPLINE_CURVE_WITH_KNOTS('',3,(#3205,#3206,#3207,#3208),
 .UNSPECIFIED.,.F.,.F.,(4,4),(0.,0.000144563149867911),.UNSPECIFIED.);
#1221=B_SPLINE_CURVE_WITH_KNOTS('',3,(#3210,#3211,#3212,#3213),
 .UNSPECIFIED.,.F.,.F.,(4,4),(0.,0.000128388394747594),.UNSPECIFIED.);
#1222=B_SPLINE_CURVE_WITH_KNOTS('',3,(#3215,#3216,#3217,#3218,#3219),
 .UNSPECIFIED.,.F.,.F.,(4,1,4),(0.,0.000153309823323748,0.000306619646647497),
 .UNSPECIFIED.);
#1223=B_SPLINE_CURVE_WITH_KNOTS('',3,(#3221,#3222,#3223,#3224),
 .UNSPECIFIED.,.F.,.F.,(4,4),(0.,5.16855332004396E-5),.UNSPECIFIED.);
#1224=B_SPLINE_CURVE_WITH_KNOTS('',3,(#3226,#3227,#3228,#3229),
 .UNSPECIFIED.,.F.,.F.,(4,4),(0.,0.000106346999051705),.UNSPECIFIED.);
#1225=B_SPLINE_CURVE_WITH_KNOTS('',3,(#3231,#3232,#3233,#3234),
 .UNSPECIFIED.,.F.,.F.,(4,4),(0.,7.33348484691966E-5),.UNSPECIFIED.);
#1226=B_SPLINE_CURVE_WITH_KNOTS('',3,(#3236,#3237,#3238,#3239),
 .UNSPECIFIED.,.F.,.F.,(4,4),(0.,0.000332603655617373),.UNSPECIFIED.);
#1227=B_SPLINE_CURVE_WITH_KNOTS('',3,(#3241,#3242,#3243,#3244),
 .UNSPECIFIED.,.F.,.F.,(4,4),(0.,4.24264068711923E-5),.UNSPECIFIED.);
#1228=B_SPLINE_CURVE_WITH_KNOTS('',3,(#3246,#3247,#3248,#3249),
 .UNSPECIFIED.,.F.,.F.,(4,4),(0.,5.64358042380904E-5),.UNSPECIFIED.);
#1229=B_SPLINE_CURVE_WITH_KNOTS('',3,(#3251,#3252,#3253,#3254),
 .UNSPECIFIED.,.F.,.F.,(4,4),(0.,0.000157398446634379),.UNSPECIFIED.);
#1230=B_SPLINE_CURVE_WITH_KNOTS('',3,(#3256,#3257,#3258,#3259),
 .UNSPECIFIED.,.F.,.F.,(4,4),(0.,9.11731389217547E-5),.UNSPECIFIED.);
#1231=B_SPLINE_CURVE_WITH_KNOTS('',3,(#3261,#3262,#3263,#3264),
 .UNSPECIFIED.,.F.,.F.,(4,4),(0.,0.00019309645643293),.UNSPECIFIED.);
#1232=B_SPLINE_CURVE_WITH_KNOTS('',3,(#3266,#3267,#3268,#3269),
 .UNSPECIFIED.,.F.,.F.,(4,4),(0.,5.38204178428394E-5),.UNSPECIFIED.);
#1233=B_SPLINE_CURVE_WITH_KNOTS('',3,(#3271,#3272,#3273,#3274),
 .UNSPECIFIED.,.F.,.F.,(4,4),(0.,2.12798203849334E-5),.UNSPECIFIED.);
#1234=EDGE_LOOP('',(#236,#237,#238,#239,#240,#241,#242,#243,#244,#245));
#1235=EDGE_LOOP('',(#246,#247,#248,#249,#250,#251,#252,#253,#254,#255,#256,
#257,#258,#259,#260,#261,#262));
#1236=EDGE_LOOP('',(#263,#264,#265,#266,#267,#268,#269,#270,#271));
#1237=EDGE_LOOP('',(#272,#273,#274,#275,#276,#277,#278,#279,#280,#281,#282));
#1238=EDGE_LOOP('',(#283,#284,#285,#286,#287,#288,#289,#290,#291,#292));
#1239=EDGE_LOOP('',(#293,#294,#295,#296,#297,#298,#299,#300,#301,#302,#303));
#1240=EDGE_LOOP('',(#304,#305,#306,#307,#308,#309,#310,#311,#312));
#1241=EDGE_LOOP('',(#313,#314,#315,#316,#317,#318,#319,#320,#321,#322,#323,
#324,#325,#326,#327));
#1242=EDGE_LOOP('',(#328,#329,#330,#331,#332,#333,#334,#335,#336,#337,#338,
#339));
#1243=EDGE_LOOP('',(#340,#341,#342,#343));
#1244=EDGE_LOOP('',(#344,#345,#346,#347,#348,#349));
#1245=EDGE_LOOP('',(#350,#351,#352,#353));
#1246=EDGE_LOOP('',(#354,#355,#356,#357,#358,#359,#360,#361));
#1247=EDGE_LOOP('',(#362,#363,#364,#365,#366,#367,#368,#369));
#1248=EDGE_LOOP('',(#370,#371,#372,#373));
#1249=EDGE_LOOP('',(#374,#375,#376,#377));
#1250=EDGE_LOOP('',(#378));
#1251=EDGE_LOOP('',(#379));
#1252=EDGE_LOOP('',(#380));
#1253=EDGE_LOOP('',(#381,#382));
#1254=EDGE_LOOP('',(#383,#384,#385));
#1255=EDGE_LOOP('',(#386));
#1256=EDGE_LOOP('',(#387));
#1257=EDGE_LOOP('',(#388));
#1258=EDGE_LOOP('',(#389,#390,#391));
#1259=EDGE_LOOP('',(#392,#393));
#1260=EDGE_LOOP('',(#394));
#1261=EDGE_LOOP('',(#395));
#1262=EDGE_LOOP('',(#396));
#1263=EDGE_LOOP('',(#397,#398,#399,#400,#401,#402,#403,#404));
#1264=EDGE_LOOP('',(#405,#406,#407,#408,#409,#410,#411,#412));
#1265=EDGE_LOOP('',(#413,#414,#415,#416,#417,#418,#419,#420));
#1266=EDGE_LOOP('',(#421,#422,#423,#424));
#1267=EDGE_LOOP('',(#425,#426,#427,#428,#429,#430,#431,#432));
#1268=EDGE_LOOP('',(#433,#434,#435,#436,#437,#438,#439,#440));
#1269=EDGE_LOOP('',(#441,#442,#443,#444));
#1270=EDGE_LOOP('',(#445,#446,#447,#448));
#1271=EDGE_LOOP('',(#449,#450,#451,#452));
#1272=EDGE_LOOP('',(#453,#454,#455,#456));
#1273=EDGE_LOOP('',(#457,#458,#459,#460,#461,#462,#463,#464));
#1274=EDGE_LOOP('',(#465,#466,#467,#468));
#1275=EDGE_LOOP('',(#469,#470,#471,#472));
#1276=EDGE_LOOP('',(#473,#474,#475,#476));
#1277=EDGE_LOOP('',(#477,#478,#479,#480,#481,#482,#483,#484));
#1278=EDGE_LOOP('',(#485,#486,#487,#488));
#1279=EDGE_LOOP('',(#489,#490,#491,#492,#493,#494,#495,#496));
#1280=EDGE_LOOP('',(#497,#498,#499,#500,#501,#502,#503,#504));
#1281=EDGE_LOOP('',(#505,#506,#507,#508));
#1282=EDGE_LOOP('',(#509,#510,#511,#512));
#1283=EDGE_LOOP('',(#513,#514,#515,#516));
#1284=EDGE_LOOP('',(#517,#518,#519,#520));
#1285=EDGE_LOOP('',(#521,#522,#523,#524));
#1286=EDGE_LOOP('',(#525,#526,#527,#528));
#1287=EDGE_LOOP('',(#529,#530,#531,#532));
#1288=EDGE_LOOP('',(#533,#534,#535,#536));
#1289=EDGE_LOOP('',(#537,#538,#539,#540));
#1290=EDGE_LOOP('',(#541,#542,#543,#544));
#1291=EDGE_LOOP('',(#545,#546,#547,#548));
#1292=EDGE_LOOP('',(#549,#550,#551,#552));
#1293=EDGE_LOOP('',(#553,#554,#555,#556));
#1294=EDGE_LOOP('',(#557,#558,#559,#560));
#1295=EDGE_LOOP('',(#561,#562,#563,#564));
#1296=EDGE_LOOP('',(#565,#566,#567,#568));
#1297=EDGE_LOOP('',(#569,#570,#571,#572,#573,#574,#575,#576));
#1298=EDGE_LOOP('',(#577,#578,#579,#580,#581,#582));
#1299=EDGE_LOOP('',(#583,#584,#585,#586));
#1300=EDGE_LOOP('',(#587));
#1301=EDGE_LOOP('',(#588));
#1302=EDGE_LOOP('',(#589));
#1303=EDGE_LOOP('',(#590));
#1304=EDGE_LOOP('',(#591));
#1305=EDGE_LOOP('',(#592));
#1306=EDGE_LOOP('',(#593));
#1307=EDGE_LOOP('',(#594));
#1308=EDGE_LOOP('',(#595));
#1309=EDGE_LOOP('',(#596,#597,#598,#599,#600,#601,#602,#603,#604,#605,#606,
#607,#608,#609,#610,#611,#612,#613,#614));
#1310=FACE_BOUND('',#1234,.T.);
#1311=FACE_BOUND('',#1235,.T.);
#1312=FACE_BOUND('',#1236,.T.);
#1313=FACE_BOUND('',#1237,.T.);
#1314=FACE_BOUND('',#1238,.T.);
#1315=FACE_BOUND('',#1239,.T.);
#1316=FACE_BOUND('',#1240,.T.);
#1317=FACE_BOUND('',#1241,.T.);
#1318=FACE_BOUND('',#1242,.T.);
#1319=FACE_BOUND('',#1243,.T.);
#1320=FACE_BOUND('',#1244,.T.);
#1321=FACE_BOUND('',#1245,.T.);
#1322=FACE_BOUND('',#1246,.T.);
#1323=FACE_BOUND('',#1247,.T.);
#1324=FACE_BOUND('',#1248,.T.);
#1325=FACE_BOUND('',#1249,.T.);
#1326=FACE_BOUND('',#1250,.T.);
#1327=FACE_BOUND('',#1251,.T.);
#1328=FACE_BOUND('',#1252,.T.);
#1329=FACE_BOUND('',#1253,.T.);
#1330=FACE_BOUND('',#1254,.T.);
#1331=FACE_BOUND('',#1255,.T.);
#1332=FACE_BOUND('',#1256,.T.);
#1333=FACE_BOUND('',#1257,.T.);
#1334=FACE_BOUND('',#1258,.T.);
#1335=FACE_BOUND('',#1259,.T.);
#1336=FACE_BOUND('',#1260,.T.);
#1337=FACE_BOUND('',#1261,.T.);
#1338=FACE_BOUND('',#1262,.T.);
#1339=FACE_BOUND('',#1263,.T.);
#1340=FACE_BOUND('',#1264,.T.);
#1341=FACE_BOUND('',#1265,.T.);
#1342=FACE_BOUND('',#1266,.T.);
#1343=FACE_BOUND('',#1267,.T.);
#1344=FACE_BOUND('',#1268,.T.);
#1345=FACE_BOUND('',#1269,.T.);
#1346=FACE_BOUND('',#1270,.T.);
#1347=FACE_BOUND('',#1271,.T.);
#1348=FACE_BOUND('',#1272,.T.);
#1349=FACE_BOUND('',#1273,.T.);
#1350=FACE_BOUND('',#1274,.T.);
#1351=FACE_BOUND('',#1275,.T.);
#1352=FACE_BOUND('',#1276,.T.);
#1353=FACE_BOUND('',#1277,.T.);
#1354=FACE_BOUND('',#1278,.T.);
#1355=FACE_BOUND('',#1279,.T.);
#1356=FACE_BOUND('',#1280,.T.);
#1357=FACE_BOUND('',#1281,.T.);
#1358=FACE_BOUND('',#1282,.T.);
#1359=FACE_BOUND('',#1283,.T.);
#1360=FACE_BOUND('',#1284,.T.);
#1361=FACE_BOUND('',#1285,.T.);
#1362=FACE_BOUND('',#1286,.T.);
#1363=FACE_BOUND('',#1287,.T.);
#1364=FACE_BOUND('',#1288,.T.);
#1365=FACE_BOUND('',#1289,.T.);
#1366=FACE_BOUND('',#1290,.T.);
#1367=FACE_BOUND('',#1291,.T.);
#1368=FACE_BOUND('',#1292,.T.);
#1369=FACE_BOUND('',#1293,.T.);
#1370=FACE_BOUND('',#1294,.T.);
#1371=FACE_BOUND('',#1295,.T.);
#1372=FACE_BOUND('',#1296,.T.);
#1373=FACE_BOUND('',#1297,.T.);
#1374=FACE_BOUND('',#1298,.T.);
#1375=FACE_BOUND('',#1299,.T.);
#1376=FACE_BOUND('',#1300,.T.);
#1377=FACE_BOUND('',#1301,.T.);
#1378=FACE_BOUND('',#1302,.T.);
#1379=FACE_BOUND('',#1303,.T.);
#1380=FACE_BOUND('',#1304,.T.);
#1381=FACE_BOUND('',#1305,.T.);
#1382=FACE_BOUND('',#1306,.T.);
#1383=FACE_BOUND('',#1307,.T.);
#1384=FACE_BOUND('',#1308,.T.);
#1385=FACE_BOUND('',#1309,.T.);
#1386=PLANE('',#1885);
#1387=PLANE('',#1886);
#1388=PLANE('',#1887);
#1389=PLANE('',#1888);
#1390=PLANE('',#1889);
#1391=PLANE('',#1890);
#1392=PLANE('',#1891);
#1393=PLANE('',#1892);
#1394=PLANE('',#1893);
#1395=PLANE('',#1894);
#1396=PLANE('',#1895);
#1397=PLANE('',#1898);
#1398=PLANE('',#1899);
#1399=PLANE('',#1900);
#1400=PLANE('',#1907);
#1401=PLANE('',#1913);
#1402=PLANE('',#1914);
#1403=PLANE('',#1919);
#1404=PLANE('',#1924);
#1405=PLANE('',#1925);
#1406=PLANE('',#1926);
#1407=PLANE('',#1927);
#1408=PLANE('',#1928);
#1409=PLANE('',#1933);
#1410=PLANE('',#1934);
#1411=PLANE('',#1935);
#1412=PLANE('',#1940);
#1413=PLANE('',#1941);
#1414=PLANE('',#1942);
#1415=PLANE('',#1943);
#1416=PLANE('',#1944);
#1417=PLANE('',#1945);
#1418=PLANE('',#1954);
#1419=PLANE('',#1955);
#1420=PLANE('',#1958);
#1421=PLANE('',#1959);
#1422=PLANE('',#1960);
#1423=PLANE('',#1963);
#1424=PLANE('',#1966);
#1425=PLANE('',#1969);
#1426=PLANE('',#1970);
#1427=ADVANCED_FACE('',(#1310),#1386,.T.);
#1428=ADVANCED_FACE('',(#1311),#1387,.T.);
#1429=ADVANCED_FACE('',(#1312),#1388,.T.);
#1430=ADVANCED_FACE('',(#1313),#1389,.T.);
#1431=ADVANCED_FACE('',(#1314),#1390,.T.);
#1432=ADVANCED_FACE('',(#1315),#1391,.T.);
#1433=ADVANCED_FACE('',(#1316),#1392,.T.);
#1434=ADVANCED_FACE('',(#1317),#1393,.T.);
#1435=ADVANCED_FACE('',(#1318),#1394,.T.);
#1436=ADVANCED_FACE('',(#1319),#1395,.T.);
#1437=ADVANCED_FACE('',(#1320),#1396,.T.);
#1438=ADVANCED_FACE('',(#1321),#1397,.F.);
#1439=ADVANCED_FACE('',(#1322),#1398,.F.);
#1440=ADVANCED_FACE('',(#1323),#1399,.T.);
#1441=ADVANCED_FACE('',(#1324),#10,.F.);
#1442=ADVANCED_FACE('',(#1325),#11,.F.);
#1443=ADVANCED_FACE('',(#1326,#1327,#1328,#1329,#1330,#1331,#1332,#1333,
#1334,#1335,#1336,#1337,#1338,#1339),#1400,.F.);
#1444=ADVANCED_FACE('',(#1340),#1401,.T.);
#1445=ADVANCED_FACE('',(#1341,#1342),#1402,.T.);
#1446=ADVANCED_FACE('',(#1343,#1344),#1403,.F.);
#1447=ADVANCED_FACE('',(#1345),#1404,.F.);
#1448=ADVANCED_FACE('',(#1346),#1405,.T.);
#1449=ADVANCED_FACE('',(#1347),#1406,.T.);
#1450=ADVANCED_FACE('',(#1348),#1407,.F.);
#1451=ADVANCED_FACE('',(#1349,#1350),#1408,.F.);
#1452=ADVANCED_FACE('',(#1351),#1409,.T.);
#1453=ADVANCED_FACE('',(#1352),#1410,.T.);
#1454=ADVANCED_FACE('',(#1353,#1354),#1411,.F.);
#1455=ADVANCED_FACE('',(#1355),#1412,.F.);
#1456=ADVANCED_FACE('',(#1356),#1413,.T.);
#1457=ADVANCED_FACE('',(#1357),#1414,.F.);
#1458=ADVANCED_FACE('',(#1358),#1415,.T.);
#1459=ADVANCED_FACE('',(#1359),#1416,.T.);
#1460=ADVANCED_FACE('',(#1360),#1417,.F.);
#1461=ADVANCED_FACE('',(#1361),#12,.F.);
#1462=ADVANCED_FACE('',(#1362),#13,.F.);
#1463=ADVANCED_FACE('',(#1363),#14,.F.);
#1464=ADVANCED_FACE('',(#1364),#15,.F.);
#1465=ADVANCED_FACE('',(#1365),#16,.F.);
#1466=ADVANCED_FACE('',(#1366),#17,.F.);
#1467=ADVANCED_FACE('',(#1367),#18,.F.);
#1468=ADVANCED_FACE('',(#1368),#19,.F.);
#1469=ADVANCED_FACE('',(#1369),#1418,.T.);
#1470=ADVANCED_FACE('',(#1370),#1419,.F.);
#1471=ADVANCED_FACE('',(#1371),#20,.F.);
#1472=ADVANCED_FACE('',(#1372),#21,.F.);
#1473=ADVANCED_FACE('',(#1373),#1420,.T.);
#1474=ADVANCED_FACE('',(#1374),#1421,.F.);
#1475=ADVANCED_FACE('',(#1375),#1422,.T.);
#1476=ADVANCED_FACE('',(#1376,#1377),#22,.T.);
#1477=ADVANCED_FACE('',(#1378),#1423,.F.);
#1478=ADVANCED_FACE('',(#1379,#1380),#23,.T.);
#1479=ADVANCED_FACE('',(#1381),#1424,.F.);
#1480=ADVANCED_FACE('',(#1382,#1383),#24,.T.);
#1481=ADVANCED_FACE('',(#1384),#1425,.F.);
#1482=ADVANCED_FACE('',(#1385),#1426,.T.);
#1483=OPEN_SHELL('',(#1427));
#1484=OPEN_SHELL('',(#1428));
#1485=OPEN_SHELL('',(#1429));
#1486=OPEN_SHELL('',(#1430));
#1487=OPEN_SHELL('',(#1431));
#1488=OPEN_SHELL('',(#1432));
#1489=OPEN_SHELL('',(#1433));
#1490=OPEN_SHELL('',(#1434));
#1491=OPEN_SHELL('',(#1435));
#1492=OPEN_SHELL('',(#1436,#1437,#1438,#1439,#1440,#1441,#1442,#1443,#1444,
#1445,#1446,#1447,#1448,#1449,#1450,#1451,#1452,#1453,#1454,#1455,#1456,
#1457,#1458,#1459,#1460,#1461,#1462,#1463,#1464,#1465,#1466,#1467,#1468,
#1469,#1470,#1471,#1472,#1473,#1474,#1475,#1476,#1477,#1478,#1479,#1480,
#1481));
#1493=OPEN_SHELL('',(#1482));
#1494=SHELL_BASED_SURFACE_MODEL('SOLDER_TYPE_C_16PIN_2MD_USB1_5_0',(#1483));
#1495=SHELL_BASED_SURFACE_MODEL('',(#1484));
#1496=SHELL_BASED_SURFACE_MODEL('',(#1485));
#1497=SHELL_BASED_SURFACE_MODEL('',(#1486));
#1498=SHELL_BASED_SURFACE_MODEL('',(#1487));
#1499=SHELL_BASED_SURFACE_MODEL('',(#1488));
#1500=SHELL_BASED_SURFACE_MODEL('',(#1489));
#1501=SHELL_BASED_SURFACE_MODEL('',(#1490));
#1502=SHELL_BASED_SURFACE_MODEL('',(#1491));
#1503=SHELL_BASED_SURFACE_MODEL('',(#1492));
#1504=SHELL_BASED_SURFACE_MODEL('',(#1493));
#1505=SHAPE_REPRESENTATION_RELATIONSHIP('','',#1862,#1507);
#1506=SHAPE_REPRESENTATION_RELATIONSHIP('','',#1862,#235);
#1507=TESSELLATED_SHAPE_REPRESENTATION('',(#1830,#1831,#1832,#1833,#1834,
#1835,#1836,#1837,#1838,#1839),#3276);
#1508=PROPERTY_DEFINITION_REPRESENTATION(#1571,#1529);
#1509=PROPERTY_DEFINITION_REPRESENTATION(#1572,#1530);
#1510=PROPERTY_DEFINITION_REPRESENTATION(#1573,#1531);
#1511=PROPERTY_DEFINITION_REPRESENTATION(#1574,#1532);
#1512=PROPERTY_DEFINITION_REPRESENTATION(#1575,#1533);
#1513=PROPERTY_DEFINITION_REPRESENTATION(#1576,#1534);
#1514=PROPERTY_DEFINITION_REPRESENTATION(#1577,#1535);
#1515=PROPERTY_DEFINITION_REPRESENTATION(#1578,#1536);
#1516=PROPERTY_DEFINITION_REPRESENTATION(#1579,#1537);
#1517=PROPERTY_DEFINITION_REPRESENTATION(#1580,#1538);
#1518=PROPERTY_DEFINITION_REPRESENTATION(#1581,#1539);
#1519=PROPERTY_DEFINITION_REPRESENTATION(#1582,#1540);
#1520=PROPERTY_DEFINITION_REPRESENTATION(#1583,#1541);
#1521=PROPERTY_DEFINITION_REPRESENTATION(#1584,#1542);
#1522=PROPERTY_DEFINITION_REPRESENTATION(#1585,#1543);
#1523=PROPERTY_DEFINITION_REPRESENTATION(#1586,#1544);
#1524=PROPERTY_DEFINITION_REPRESENTATION(#1587,#1545);
#1525=PROPERTY_DEFINITION_REPRESENTATION(#1588,#1546);
#1526=PROPERTY_DEFINITION_REPRESENTATION(#1589,#1547);
#1527=PROPERTY_DEFINITION_REPRESENTATION(#1590,#1548);
#1528=PROPERTY_DEFINITION_REPRESENTATION(#1591,#1549);
#1529=REPRESENTATION('HYBRID_SOURCE_ID',(#1550),$);
#1530=REPRESENTATION('HYBRID_SOURCE_ID',(#1551),$);
#1531=REPRESENTATION('HYBRID_SOURCE_ID',(#1552),$);
#1532=REPRESENTATION('HYBRID_SOURCE_ID',(#1553),$);
#1533=REPRESENTATION('HYBRID_SOURCE_ID',(#1554),$);
#1534=REPRESENTATION('HYBRID_SOURCE_ID',(#1555),$);
#1535=REPRESENTATION('HYBRID_SOURCE_ID',(#1556),$);
#1536=REPRESENTATION('HYBRID_SOURCE_ID',(#1557),$);
#1537=REPRESENTATION('HYBRID_SOURCE_ID',(#1558),$);
#1538=REPRESENTATION('HYBRID_SOURCE_ID',(#1559),$);
#1539=REPRESENTATION('HYBRID_SOURCE_ID',(#1560),$);
#1540=REPRESENTATION('HYBRID_SOURCE_ID',(#1561),$);
#1541=REPRESENTATION('HYBRID_SOURCE_ID',(#1562),$);
#1542=REPRESENTATION('HYBRID_SOURCE_ID',(#1563),$);
#1543=REPRESENTATION('HYBRID_SOURCE_ID',(#1564),$);
#1544=REPRESENTATION('HYBRID_SOURCE_ID',(#1565),$);
#1545=REPRESENTATION('HYBRID_SOURCE_ID',(#1566),$);
#1546=REPRESENTATION('HYBRID_SOURCE_ID',(#1567),$);
#1547=REPRESENTATION('HYBRID_SOURCE_ID',(#1568),$);
#1548=REPRESENTATION('HYBRID_SOURCE_ID',(#1569),$);
#1549=REPRESENTATION('HYBRID_SOURCE_ID',(#1570),$);
#1550=DESCRIPTIVE_REPRESENTATION_ITEM('3714','3714');
#1551=DESCRIPTIVE_REPRESENTATION_ITEM('3714','3714');
#1552=DESCRIPTIVE_REPRESENTATION_ITEM('3714','3714');
#1553=DESCRIPTIVE_REPRESENTATION_ITEM('3714','3714');
#1554=DESCRIPTIVE_REPRESENTATION_ITEM('3714','3714');
#1555=DESCRIPTIVE_REPRESENTATION_ITEM('3714','3714');
#1556=DESCRIPTIVE_REPRESENTATION_ITEM('3714','3714');
#1557=DESCRIPTIVE_REPRESENTATION_ITEM('3714','3714');
#1558=DESCRIPTIVE_REPRESENTATION_ITEM('3714','3714');
#1559=DESCRIPTIVE_REPRESENTATION_ITEM('3714','3714');
#1560=DESCRIPTIVE_REPRESENTATION_ITEM('3714','3714');
#1561=DESCRIPTIVE_REPRESENTATION_ITEM('3714','3714');
#1562=DESCRIPTIVE_REPRESENTATION_ITEM('3714','3714');
#1563=DESCRIPTIVE_REPRESENTATION_ITEM('3714','3714');
#1564=DESCRIPTIVE_REPRESENTATION_ITEM('3714','3714');
#1565=DESCRIPTIVE_REPRESENTATION_ITEM('3714','3714');
#1566=DESCRIPTIVE_REPRESENTATION_ITEM('3714','3714');
#1567=DESCRIPTIVE_REPRESENTATION_ITEM('3714','3714');
#1568=DESCRIPTIVE_REPRESENTATION_ITEM('3714','3714');
#1569=DESCRIPTIVE_REPRESENTATION_ITEM('3714','3714');
#1570=DESCRIPTIVE_REPRESENTATION_ITEM('3714','3714');
#1571=PROPERTY_DEFINITION('HYBRID_SOURCE_ID','HYBRID_SOURCE_ID',$);
#1572=PROPERTY_DEFINITION('HYBRID_SOURCE_ID','HYBRID_SOURCE_ID',$);
#1573=PROPERTY_DEFINITION('HYBRID_SOURCE_ID','HYBRID_SOURCE_ID',$);
#1574=PROPERTY_DEFINITION('HYBRID_SOURCE_ID','HYBRID_SOURCE_ID',$);
#1575=PROPERTY_DEFINITION('HYBRID_SOURCE_ID','HYBRID_SOURCE_ID',$);
#1576=PROPERTY_DEFINITION('HYBRID_SOURCE_ID','HYBRID_SOURCE_ID',$);
#1577=PROPERTY_DEFINITION('HYBRID_SOURCE_ID','HYBRID_SOURCE_ID',$);
#1578=PROPERTY_DEFINITION('HYBRID_SOURCE_ID','HYBRID_SOURCE_ID',$);
#1579=PROPERTY_DEFINITION('HYBRID_SOURCE_ID','HYBRID_SOURCE_ID',$);
#1580=PROPERTY_DEFINITION('HYBRID_SOURCE_ID','HYBRID_SOURCE_ID',$);
#1581=PROPERTY_DEFINITION('HYBRID_SOURCE_ID','HYBRID_SOURCE_ID',$);
#1582=PROPERTY_DEFINITION('HYBRID_SOURCE_ID','HYBRID_SOURCE_ID',$);
#1583=PROPERTY_DEFINITION('HYBRID_SOURCE_ID','HYBRID_SOURCE_ID',$);
#1584=PROPERTY_DEFINITION('HYBRID_SOURCE_ID','HYBRID_SOURCE_ID',$);
#1585=PROPERTY_DEFINITION('HYBRID_SOURCE_ID','HYBRID_SOURCE_ID',$);
#1586=PROPERTY_DEFINITION('HYBRID_SOURCE_ID','HYBRID_SOURCE_ID',$);
#1587=PROPERTY_DEFINITION('HYBRID_SOURCE_ID','HYBRID_SOURCE_ID',$);
#1588=PROPERTY_DEFINITION('HYBRID_SOURCE_ID','HYBRID_SOURCE_ID',$);
#1589=PROPERTY_DEFINITION('HYBRID_SOURCE_ID','HYBRID_SOURCE_ID',$);
#1590=PROPERTY_DEFINITION('HYBRID_SOURCE_ID','HYBRID_SOURCE_ID',$);
#1591=PROPERTY_DEFINITION('HYBRID_SOURCE_ID','HYBRID_SOURCE_ID',$);
#1592=STYLED_ITEM('',(#1623),#1810);
#1593=STYLED_ITEM('',(#1624),#1830);
#1594=STYLED_ITEM('',(#1625),#1811);
#1595=STYLED_ITEM('',(#1626),#1831);
#1596=STYLED_ITEM('',(#1627),#1812);
#1597=STYLED_ITEM('',(#1628),#1832);
#1598=STYLED_ITEM('',(#1629),#1813);
#1599=STYLED_ITEM('',(#1630),#1833);
#1600=STYLED_ITEM('',(#1631),#1814);
#1601=STYLED_ITEM('',(#1632),#1834);
#1602=STYLED_ITEM('',(#1633),#1815);
#1603=STYLED_ITEM('',(#1634),#1835);
#1604=STYLED_ITEM('',(#1635),#1816);
#1605=STYLED_ITEM('',(#1636),#1836);
#1606=STYLED_ITEM('',(#1637),#1817);
#1607=STYLED_ITEM('',(#1638),#1837);
#1608=STYLED_ITEM('',(#1639),#1818);
#1609=STYLED_ITEM('',(#1640),#1838);
#1610=STYLED_ITEM('',(#1641),#1819);
#1611=STYLED_ITEM('',(#1642),#1839);
#1612=STYLED_ITEM('',(#1643),#1494);
#1613=STYLED_ITEM('',(#1644),#1495);
#1614=STYLED_ITEM('',(#1645),#1496);
#1615=STYLED_ITEM('',(#1646),#1497);
#1616=STYLED_ITEM('',(#1647),#1498);
#1617=STYLED_ITEM('',(#1648),#1499);
#1618=STYLED_ITEM('',(#1649),#1500);
#1619=STYLED_ITEM('',(#1650),#1501);
#1620=STYLED_ITEM('',(#1651),#1502);
#1621=STYLED_ITEM('',(#1652),#1503);
#1622=STYLED_ITEM('',(#1653),#1504);
#1623=PRESENTATION_STYLE_ASSIGNMENT((#1654));
#1624=PRESENTATION_STYLE_ASSIGNMENT((#1655));
#1625=PRESENTATION_STYLE_ASSIGNMENT((#1656));
#1626=PRESENTATION_STYLE_ASSIGNMENT((#1657));
#1627=PRESENTATION_STYLE_ASSIGNMENT((#1658));
#1628=PRESENTATION_STYLE_ASSIGNMENT((#1659));
#1629=PRESENTATION_STYLE_ASSIGNMENT((#1660));
#1630=PRESENTATION_STYLE_ASSIGNMENT((#1661));
#1631=PRESENTATION_STYLE_ASSIGNMENT((#1662));
#1632=PRESENTATION_STYLE_ASSIGNMENT((#1663));
#1633=PRESENTATION_STYLE_ASSIGNMENT((#1664));
#1634=PRESENTATION_STYLE_ASSIGNMENT((#1665));
#1635=PRESENTATION_STYLE_ASSIGNMENT((#1666));
#1636=PRESENTATION_STYLE_ASSIGNMENT((#1667));
#1637=PRESENTATION_STYLE_ASSIGNMENT((#1668));
#1638=PRESENTATION_STYLE_ASSIGNMENT((#1669));
#1639=PRESENTATION_STYLE_ASSIGNMENT((#1670));
#1640=PRESENTATION_STYLE_ASSIGNMENT((#1671));
#1641=PRESENTATION_STYLE_ASSIGNMENT((#1672));
#1642=PRESENTATION_STYLE_ASSIGNMENT((#1673));
#1643=PRESENTATION_STYLE_ASSIGNMENT((#1674));
#1644=PRESENTATION_STYLE_ASSIGNMENT((#1675));
#1645=PRESENTATION_STYLE_ASSIGNMENT((#1676));
#1646=PRESENTATION_STYLE_ASSIGNMENT((#1677));
#1647=PRESENTATION_STYLE_ASSIGNMENT((#1678));
#1648=PRESENTATION_STYLE_ASSIGNMENT((#1679));
#1649=PRESENTATION_STYLE_ASSIGNMENT((#1680));
#1650=PRESENTATION_STYLE_ASSIGNMENT((#1681));
#1651=PRESENTATION_STYLE_ASSIGNMENT((#1682));
#1652=PRESENTATION_STYLE_ASSIGNMENT((#1683));
#1653=PRESENTATION_STYLE_ASSIGNMENT((#1684));
#1654=SURFACE_STYLE_USAGE(.BOTH.,#1685);
#1655=SURFACE_STYLE_USAGE(.BOTH.,#1686);
#1656=SURFACE_STYLE_USAGE(.BOTH.,#1687);
#1657=SURFACE_STYLE_USAGE(.BOTH.,#1688);
#1658=SURFACE_STYLE_USAGE(.BOTH.,#1689);
#1659=SURFACE_STYLE_USAGE(.BOTH.,#1690);
#1660=SURFACE_STYLE_USAGE(.BOTH.,#1691);
#1661=SURFACE_STYLE_USAGE(.BOTH.,#1692);
#1662=SURFACE_STYLE_USAGE(.BOTH.,#1693);
#1663=SURFACE_STYLE_USAGE(.BOTH.,#1694);
#1664=SURFACE_STYLE_USAGE(.BOTH.,#1695);
#1665=SURFACE_STYLE_USAGE(.BOTH.,#1696);
#1666=SURFACE_STYLE_USAGE(.BOTH.,#1697);
#1667=SURFACE_STYLE_USAGE(.BOTH.,#1698);
#1668=SURFACE_STYLE_USAGE(.BOTH.,#1699);
#1669=SURFACE_STYLE_USAGE(.BOTH.,#1700);
#1670=SURFACE_STYLE_USAGE(.BOTH.,#1701);
#1671=SURFACE_STYLE_USAGE(.BOTH.,#1702);
#1672=SURFACE_STYLE_USAGE(.BOTH.,#1703);
#1673=SURFACE_STYLE_USAGE(.BOTH.,#1704);
#1674=SURFACE_STYLE_USAGE(.BOTH.,#1705);
#1675=SURFACE_STYLE_USAGE(.BOTH.,#1706);
#1676=SURFACE_STYLE_USAGE(.BOTH.,#1707);
#1677=SURFACE_STYLE_USAGE(.BOTH.,#1708);
#1678=SURFACE_STYLE_USAGE(.BOTH.,#1709);
#1679=SURFACE_STYLE_USAGE(.BOTH.,#1710);
#1680=SURFACE_STYLE_USAGE(.BOTH.,#1711);
#1681=SURFACE_STYLE_USAGE(.BOTH.,#1712);
#1682=SURFACE_STYLE_USAGE(.BOTH.,#1713);
#1683=SURFACE_STYLE_USAGE(.BOTH.,#1714);
#1684=SURFACE_STYLE_USAGE(.BOTH.,#1715);
#1685=SURFACE_SIDE_STYLE('',(#1716));
#1686=SURFACE_SIDE_STYLE('',(#1717));
#1687=SURFACE_SIDE_STYLE('',(#1718));
#1688=SURFACE_SIDE_STYLE('',(#1719));
#1689=SURFACE_SIDE_STYLE('',(#1720));
#1690=SURFACE_SIDE_STYLE('',(#1721));
#1691=SURFACE_SIDE_STYLE('',(#1722));
#1692=SURFACE_SIDE_STYLE('',(#1723));
#1693=SURFACE_SIDE_STYLE('',(#1724));
#1694=SURFACE_SIDE_STYLE('',(#1725));
#1695=SURFACE_SIDE_STYLE('',(#1726));
#1696=SURFACE_SIDE_STYLE('',(#1727));
#1697=SURFACE_SIDE_STYLE('',(#1728));
#1698=SURFACE_SIDE_STYLE('',(#1729));
#1699=SURFACE_SIDE_STYLE('',(#1730));
#1700=SURFACE_SIDE_STYLE('',(#1731));
#1701=SURFACE_SIDE_STYLE('',(#1732));
#1702=SURFACE_SIDE_STYLE('',(#1733));
#1703=SURFACE_SIDE_STYLE('',(#1734));
#1704=SURFACE_SIDE_STYLE('',(#1735));
#1705=SURFACE_SIDE_STYLE('',(#1736));
#1706=SURFACE_SIDE_STYLE('',(#1737));
#1707=SURFACE_SIDE_STYLE('',(#1738));
#1708=SURFACE_SIDE_STYLE('',(#1739));
#1709=SURFACE_SIDE_STYLE('',(#1740));
#1710=SURFACE_SIDE_STYLE('',(#1741));
#1711=SURFACE_SIDE_STYLE('',(#1742));
#1712=SURFACE_SIDE_STYLE('',(#1743));
#1713=SURFACE_SIDE_STYLE('',(#1744));
#1714=SURFACE_SIDE_STYLE('',(#1745));
#1715=SURFACE_SIDE_STYLE('',(#1746));
#1716=SURFACE_STYLE_FILL_AREA(#1747);
#1717=SURFACE_STYLE_FILL_AREA(#1748);
#1718=SURFACE_STYLE_FILL_AREA(#1749);
#1719=SURFACE_STYLE_FILL_AREA(#1750);
#1720=SURFACE_STYLE_FILL_AREA(#1751);
#1721=SURFACE_STYLE_FILL_AREA(#1752);
#1722=SURFACE_STYLE_FILL_AREA(#1753);
#1723=SURFACE_STYLE_FILL_AREA(#1754);
#1724=SURFACE_STYLE_FILL_AREA(#1755);
#1725=SURFACE_STYLE_FILL_AREA(#1756);
#1726=SURFACE_STYLE_FILL_AREA(#1757);
#1727=SURFACE_STYLE_FILL_AREA(#1758);
#1728=SURFACE_STYLE_FILL_AREA(#1759);
#1729=SURFACE_STYLE_FILL_AREA(#1760);
#1730=SURFACE_STYLE_FILL_AREA(#1761);
#1731=SURFACE_STYLE_FILL_AREA(#1762);
#1732=SURFACE_STYLE_FILL_AREA(#1763);
#1733=SURFACE_STYLE_FILL_AREA(#1764);
#1734=SURFACE_STYLE_FILL_AREA(#1765);
#1735=SURFACE_STYLE_FILL_AREA(#1766);
#1736=SURFACE_STYLE_FILL_AREA(#1767);
#1737=SURFACE_STYLE_FILL_AREA(#1768);
#1738=SURFACE_STYLE_FILL_AREA(#1769);
#1739=SURFACE_STYLE_FILL_AREA(#1770);
#1740=SURFACE_STYLE_FILL_AREA(#1771);
#1741=SURFACE_STYLE_FILL_AREA(#1772);
#1742=SURFACE_STYLE_FILL_AREA(#1773);
#1743=SURFACE_STYLE_FILL_AREA(#1774);
#1744=SURFACE_STYLE_FILL_AREA(#1775);
#1745=SURFACE_STYLE_FILL_AREA(#1776);
#1746=SURFACE_STYLE_FILL_AREA(#1777);
#1747=FILL_AREA_STYLE('',(#1778));
#1748=FILL_AREA_STYLE('',(#1779));
#1749=FILL_AREA_STYLE('',(#1780));
#1750=FILL_AREA_STYLE('',(#1781));
#1751=FILL_AREA_STYLE('',(#1782));
#1752=FILL_AREA_STYLE('',(#1783));
#1753=FILL_AREA_STYLE('',(#1784));
#1754=FILL_AREA_STYLE('',(#1785));
#1755=FILL_AREA_STYLE('',(#1786));
#1756=FILL_AREA_STYLE('',(#1787));
#1757=FILL_AREA_STYLE('',(#1788));
#1758=FILL_AREA_STYLE('',(#1789));
#1759=FILL_AREA_STYLE('',(#1790));
#1760=FILL_AREA_STYLE('',(#1791));
#1761=FILL_AREA_STYLE('',(#1792));
#1762=FILL_AREA_STYLE('',(#1793));
#1763=FILL_AREA_STYLE('',(#1794));
#1764=FILL_AREA_STYLE('',(#1795));
#1765=FILL_AREA_STYLE('',(#1796));
#1766=FILL_AREA_STYLE('',(#1797));
#1767=FILL_AREA_STYLE('',(#1798));
#1768=FILL_AREA_STYLE('',(#1799));
#1769=FILL_AREA_STYLE('',(#1800));
#1770=FILL_AREA_STYLE('',(#1801));
#1771=FILL_AREA_STYLE('',(#1802));
#1772=FILL_AREA_STYLE('',(#1803));
#1773=FILL_AREA_STYLE('',(#1804));
#1774=FILL_AREA_STYLE('',(#1805));
#1775=FILL_AREA_STYLE('',(#1806));
#1776=FILL_AREA_STYLE('',(#1807));
#1777=FILL_AREA_STYLE('',(#1808));
#1778=FILL_AREA_STYLE_COLOUR('',#1809);
#1779=FILL_AREA_STYLE_COLOUR('',#1809);
#1780=FILL_AREA_STYLE_COLOUR('',#1809);
#1781=FILL_AREA_STYLE_COLOUR('',#1809);
#1782=FILL_AREA_STYLE_COLOUR('',#1809);
#1783=FILL_AREA_STYLE_COLOUR('',#1809);
#1784=FILL_AREA_STYLE_COLOUR('',#1809);
#1785=FILL_AREA_STYLE_COLOUR('',#1809);
#1786=FILL_AREA_STYLE_COLOUR('',#1809);
#1787=FILL_AREA_STYLE_COLOUR('',#1809);
#1788=FILL_AREA_STYLE_COLOUR('',#1809);
#1789=FILL_AREA_STYLE_COLOUR('',#1809);
#1790=FILL_AREA_STYLE_COLOUR('',#1809);
#1791=FILL_AREA_STYLE_COLOUR('',#1809);
#1792=FILL_AREA_STYLE_COLOUR('',#1809);
#1793=FILL_AREA_STYLE_COLOUR('',#1809);
#1794=FILL_AREA_STYLE_COLOUR('',#1809);
#1795=FILL_AREA_STYLE_COLOUR('',#1809);
#1796=FILL_AREA_STYLE_COLOUR('',#1809);
#1797=FILL_AREA_STYLE_COLOUR('',#1809);
#1798=FILL_AREA_STYLE_COLOUR('',#1809);
#1799=FILL_AREA_STYLE_COLOUR('',#1809);
#1800=FILL_AREA_STYLE_COLOUR('',#1809);
#1801=FILL_AREA_STYLE_COLOUR('',#1809);
#1802=FILL_AREA_STYLE_COLOUR('',#1809);
#1803=FILL_AREA_STYLE_COLOUR('',#1809);
#1804=FILL_AREA_STYLE_COLOUR('',#1809);
#1805=FILL_AREA_STYLE_COLOUR('',#1809);
#1806=FILL_AREA_STYLE_COLOUR('',#1809);
#1807=FILL_AREA_STYLE_COLOUR('',#1809);
#1808=FILL_AREA_STYLE_COLOUR('',#1809);
#1809=COLOUR_RGB('',0.498039215686275,0.498039215686275,0.498039215686275);
#1810=COMPLEX_TRIANGULATED_FACE('ConvergentBody',#1820,578,((-0.943603902085982,
0.0474615388042235,-0.327656952165589),(-0.536984000142788,0.0634009641521521,
-0.841206574709939),(-0.970539984037248,-0.047633864247174,-0.236184576892439),
(-0.534780762779988,-0.047494037530165,-0.84365505519705),(-0.505042760786528,
-0.385002819267725,-0.772466594056355),(-0.911139327628743,-0.370601969232535,
-0.180220159941138),(-0.958572779986335,-0.0738255470064306,-0.275114547195292),
(-0.895730156243605,-0.391742334541693,-0.210250875203008),(-0.949696206416692,
-0.216987748733026,0.225817254472542),(-0.510083335090559,0.076828444501464,
-0.856686863082643),(-0.100890344958887,-0.0747111809787609,-0.992088392095601),
(-0.945857765174767,-0.302570909248714,-0.117490139735219),(-0.944259003603143,
-0.210909948248279,0.252768526213823),(-0.539944691571772,-0.0436658226465514,
-0.840567085946186),(0.0523976157360696,-0.274395755681529,-0.960188241507434),
(-0.446060194790367,-0.412997154507849,-0.79401741353197),(-0.320294595069785,
-0.470120450273311,-0.822434273728851),(-0.647481450957753,-0.533559324842749,
-0.544134374524338),(-0.947853614135795,-0.300343452014763,-0.106617714295357),
(-0.971339888026802,-0.228733015989535,0.0646531462839322),(-0.952989531364265,
-0.301105682002511,0.0338573681186353),(-0.0673154267197197,-0.154122264348468,
-0.985756035212386),(-0.277192099365968,-0.485803454483283,-0.828950869268617),
(0.15854027532986,-0.426180659513871,-0.890637427101879),(0.119873928837183,
-0.347829751343723,-0.929862734636302),(-0.927727425318037,-0.32014214836092,
-0.19191359815193),(-0.952596008687703,-0.276509964974066,-0.126897925524015),
(-0.998946815402772,-0.0347497913437117,0.0299618423704169),(-0.982286093945894,
-0.17194078877074,-0.0745009717883886),(-0.647481450957753,-0.533559324842749,
-0.544134374524338),(-0.797026725299687,-0.209234831337515,-0.566541423475124),
(-0.990669367563326,-0.135986193146189,-0.00905314560180636),(-0.295004928528777,
-0.353273081090083,-0.887789514649081),(-0.77447069424074,-0.20843765033129,
-0.59728459689384),(-0.647481450957753,-0.533559324842749,-0.544134374524338),
(0.0607614919188783,-0.3675394233911,-0.928020912131365),(-0.0795790145063663,
-0.203964981643655,-0.975738421255051),(-0.332698051518493,-0.326333871512378,
-0.884770145755122),(-0.0315375638311156,-0.344362570076467,-0.938306880715434),
(-0.152817593709207,-0.239271001717334,-0.958851485262505),(-0.153680654920348,
-0.133403325681794,-0.979073954816637),(-0.161885910706738,-0.333908127380192,
-0.928600190816319),(-0.0953821855517338,-0.0662157321168897,-0.99323598177855),
(0.219328740187648,-0.149187455700395,-0.964177373095502),(-0.157944462474766,
-0.22934063062799,-0.960445949502997),(0.199523100536596,-0.267514434027226,
-0.942669910381867),(-0.079363608149688,-0.098206914232004,-0.991996380889815),
(-0.140605381990483,-0.277301312302824,-0.950438903218109),(-0.0371052630431862,
-0.268757204035862,-0.962492994641167),(0.122844948648268,-0.221973510896996,
-0.9672832465476),(0.412627614532123,0.0388520718597934,-0.9100708589103),
(-0.154745728952266,-0.0875798830973225,-0.984064796366424),(-0.115654735693353,
-0.158488401679574,-0.980563821811082),(0.274437115888234,-0.342502112670356,
-0.898541358112853),(-0.0176665807933494,-0.219696304524078,-0.975408337929062),
(0.513064177440511,-0.213112916874844,-0.831473411774777),(0.473141862458467,
-0.353289786883027,-0.80704591224631),(0.345727283981685,-0.32816824941513,
-0.879078065467713),(0.630335138998006,-0.206962161241516,-0.748227422885987),
(0.636855635225312,-0.367144434138052,-0.677952700682882),(0.671818376723714,
0.00961887608731988,-0.740653458723532),(0.976013019014054,-0.020054415976471,
-0.216786547356876),(0.888536304453476,-0.422993339303237,-0.177707260890649),
(0.599984315717577,-0.366096535469615,-0.71133125026956),(0.689246437824928,
-0.378534138377144,-0.617779292327543),(0.899711012363093,-0.32626797915416,
-0.289947064153508),(0.890015848830446,-0.394826238686901,-0.228000065953883),
(0.986516578265854,-0.161828390457411,-0.0244256596347714),(0.979245951716961,
-0.0650861325751481,-0.191940515244576),(0.492885602043147,-0.346492334075372,
-0.798127086199664),(0.537593023814563,-0.324781785897511,-0.778145572688773),
(0.944075846210054,-0.256971934783215,-0.206606440694721),(0.850526857711561,
-0.351135866707974,-0.391545230366222),(0.589934668374541,-0.305546461347477,
-0.747407818401611),(0.978934870902133,-0.202893175225098,0.022822751343802),
(0.989233275851061,-0.115369586507067,-0.0900410154216741),(0.889043972210703,
-0.349209799758338,-0.296063052792063),(0.954284873893868,-0.291736671547511,
0.0650391722867331),(0.988765891947312,-0.133477750371591,-0.0672733311006342),
(0.991565111194443,0.0948335588050122,-0.0883471922945384),(0.892174943420291,
-0.416223803367769,0.175446903201709),(0.98634417958094,-0.164292838305469,
-0.011533546216855),(0.880404343619846,-0.433551757095673,0.192148551008229),
(0.87952329126959,-0.415850198844615,0.231316649282326),(0.970858281526918,
-0.00647005699145565,0.239566975088651),(0.803858127766756,-0.0188151092665708,
0.594523424338026),(0.71875657514267,-0.381267587072102,0.581398325365147),
(0.970068255530064,-0.238155281446694,-0.0474303861665118),(0.818550604816117,
-0.513321692633519,-0.257828910766478),(0.949787224423988,-0.304383233528935,
0.0724918993229326),(0.812627011020455,-0.434794096062178,0.388061122749285),
(0.927809979491654,-0.339536831028034,0.154542493609807),(0.71875657514267,
-0.381267587072102,0.581398325365147),(0.913430015133237,-0.357207395685775,
0.195060205888029),(0.71875657514267,-0.381267587072102,0.581398325365147),
(0.817695879484175,-0.0364363155803857,0.574496164984179),(0.698893678909014,
-0.123386851117506,0.704502172141669),(0.990350921960947,-0.0594940196813775,
0.125161947065605),(0.928385067465614,-0.284245494388232,0.239386017609335),
(0.850458243124433,0.0216143685799284,0.525598321698798),(0.965454315523991,
-0.24246560913305,0.0954379014010779),(0.686666633347467,-0.175321172522143,
0.705515004172637),(0.55387098413515,0.0546583208028273,0.830806476202597),
(0.528396660273956,-0.00280114293669031,0.84899300527718),(0.525337564876065,
-0.321039622979736,0.788006347313976),(0.132586927272667,-0.326663444005133,
0.935794689591204),(0.424061609240441,-0.00425578964001306,0.905623343240968),
(0.340075964314252,-0.392523420255021,0.85456053211404),(0.812725063100536,
-0.417802113238751,0.406102654487093),(0.886963542701807,0.0531212285103078,
0.458774246225108),(0.427071772015559,-0.0234407651346854,0.903913841069707),
(0.0943278223074794,-0.267254653991879,0.958998024950213),(0.683499233034336,
-0.275468054028967,0.675977920978909),(0.340075964314252,-0.392523420255021,
0.85456053211404),(0.537581817365158,-0.0286572338190411,0.842724482015454),
(0.0691864149290199,-0.0512901956006597,0.996284374977604),(0.325656652386326,
0.210709364711268,0.921709991472104),(0.275981807628805,-0.324566699807207,
0.904704647514423),(0.914676072362543,-0.262970716673678,0.306943129617791),
(0.340075964314252,-0.392523420255021,0.85456053211404),(0.691681520409365,
-0.177403814910345,0.700074682287144),(0.888256814025802,-0.258513937342491,
0.379697743654625),(0.24706183692977,-0.228825495561886,0.941594042734843),
(0.532500299943868,-0.139580036382186,0.834841807771531),(0.344502830162709,
-0.319715233989519,0.882666397437282),(0.0630159219253649,0.000787409136296427,
0.998012211133084),(0.329802067773984,-0.211642907240502,0.920020584501669),
(-0.133355885756606,-0.23184400456633,0.963568661425183),(0.321808350734413,
-0.111464658951238,0.940220726852201),(-0.155691342292642,-0.17962209630313,
0.971337278423301),(-0.0428211747812262,-0.189861215604337,0.98087668225909),
(-0.144738323565923,-0.252424591173181,0.956730183208609),(0.0435013060292474,
-0.131357628460676,0.990380133998525),(0.0782778402447217,-0.138725092387916,
0.987232459185062),(-0.217379900655922,-0.358979714105193,0.907678105746622),
(0.258986401943082,-0.16087404793311,0.952389407915792),(-0.078538086091839,
-0.300472925264619,0.950551308565694),(0.0613761448936177,-0.166973356466421,
0.984049219840316),(0.0342661783934766,-0.27751572488092,0.960109812189274),
(0.0369035354547201,-0.13094529530556,0.99070250767235),(-0.501995996692754,
-0.116121290906042,0.857039010257271),(0.00720192113461376,0.0482410243222207,
0.998809759616071),(-0.598352995738085,0.287359628568031,0.747929232187446),
(-0.605753583797207,-0.0887671466080083,0.790685139230473),(-0.160450308440078,
-0.231508423272172,0.959510056474405),(-0.0622539121454753,-0.341790944844785,
0.937711789647914),(-0.450530001842681,-0.0809683608810471,0.889082022074381),
(-0.931210437796362,-0.0493404585178742,0.361126902476614),(-0.974712526239777,
-0.0581071350467137,0.215775466742483),(-0.930640069777987,-0.080160242499012,
0.357048170484213),(-0.838634139676503,-0.451115634284999,0.305266218689022),
(-0.30298031843309,-0.228306804007673,0.925245334971209),(-0.958366183650996,
-0.0765223452637783,0.275097416762784),(-0.922775876975777,-0.287670913933345,
-0.256378872273711),(-0.83436721300246,-0.444973411171525,0.325315258198695),
(-0.980778654331619,-0.148511949983078,0.126559993361575),(-0.930256450199665,
-0.262814975718958,-0.25602973538197),(-0.274272570340165,-0.445818628266321,
0.852068253046512),(-0.800895719289293,-0.480439200330465,0.357413236478323),
(-0.417663740612943,-0.502715862894187,0.756857820843359),(-0.924952172629546,
-0.280668738369934,-0.25629775194042),(-0.959999922960593,-0.161675691821572,
0.228606908446949),(-0.917072197339064,-0.305245767770233,-0.256522135742826),
(-0.941108432754497,-0.268147680265401,0.205941106549079),(-0.783229669938324,
-0.475293697196166,0.400808165503029),(-0.977970328030103,-0.207542947660665,
0.0223598383047397),(-0.988894598426292,-0.0971920201007827,0.112433021982117),
(-0.980462483322419,-0.186404894588038,0.0628214459468965),(-0.953463294737803,
-0.235751421444009,0.187960136398288),(-0.974953422117547,-0.186441540794688,
-0.121265727092974),(-0.936011223501574,-0.290424204694265,-0.198838554628596),
(-0.966951144012883,-0.249579364317004,0.0521116685522228),(-0.880910733911098,
-0.311075630946421,-0.356690665299076),(-0.921006550788865,-0.313201164747447,
-0.231628935594933),(-0.84923693033002,-0.206818598421352,-0.485821678716246),
(-0.875083787270464,-0.252729257624717,-0.412742398593652),(-0.987580591290761,
-0.0244664830698867,0.155196542848037),(-0.695395596568593,-0.174989865951177,
-0.696996062461905),(-0.81033967599114,-0.18795374800473,-0.554998196506573),
(-0.859997287508508,-0.383627967568606,-0.336502968749444),(-0.684295035312712,
-0.203972234489137,-0.700096873442442),(-0.556445651394961,-0.568670584762046,
-0.605790395326658),(-0.412444312924115,-0.121774068465011,-0.902807158249221),
(-0.96723695935085,-0.25101244391241,-0.0380186463046907),(-0.656637889698572,
-0.625080885852159,-0.422019629821274),(-0.27010434893198,-0.297642570732207,
-0.915670541611968),(-0.445215115513979,-0.558509949437716,-0.699892947026154),
(-0.499566094017553,-0.66438000295946,-0.555907302862297),(-0.82751871248593,
-0.537804831009506,-0.16117923013982),(-0.228782160283062,-0.0925088228801024,
-0.969072154602305),(-0.305148857149444,-0.729662258243865,-0.611945392886369),
(-0.125535615003013,-0.46708432465885,-0.875255987139649),(-0.0603401774833207,
-0.369362835219637,-0.927324193009),(-0.990928359610411,-0.07561162134942,
0.111102965022234),(-0.97854530792397,-0.192438445396185,0.0735970452768434),
(-0.933766105479662,-0.349668803538304,0.0762403311209797),(-0.767547149480397,
-0.532103238596917,0.357403856721202),(-0.637217835621852,-0.760550319935807,
0.124565809157023),(-0.609594108117032,-0.693387350229044,-0.384199174766612),
(-0.292167863212778,-0.949900494593021,-0.1110269790529),(-0.813159313236553,
-0.577609386228532,0.0716891082198385),(-0.341990343812124,-0.849089974693658,
-0.402602557883067),(-0.797558417559731,-0.601261193969838,0.0488420638956158),
(-0.610210764865495,-0.748489053264836,0.259628503028802),(-0.180146212224051,
-0.864622799230025,-0.469014666372986),(0.116206696358136,-0.517605558766549,
-0.847691270012554),(-0.0784867914866281,-0.798536325934732,-0.596807808029346),
(-0.103104397870634,-0.861391699442892,-0.497366890002361),(0.159802101290705,
-0.468054019464731,-0.869131016179945),(-0.153117382535171,-0.0304236643066862,
-0.987739574896001),(0.0879544101804292,-0.450265191668968,-0.888552350118506),
(0.180412230503114,-0.510890162448537,-0.840501439022087),(0.285195481830578,
-0.646710881334088,-0.707409763226033),(-0.0678022283798326,-0.518378855158513,
-0.852458925902755),(-0.111753583419447,-0.847081763896988,-0.519580236215814),
(0.0145971867460544,-0.320467357783028,-0.947147081891015),(0.00625854842342854,
-0.485225760010465,-0.874366509190453),(0.0784649598951005,-0.366910046531153,
-0.926941350800129),(-0.251570480347879,-0.369099225986291,-0.894694391842186),
(0.147229775956805,-0.377845305136926,-0.914087697356054),(-0.114264367174449,
-0.38737660005743,-0.914813108849107),(0.344396924627902,-0.361705099298746,
-0.866348763171119),(-0.0989656275216427,-0.433173371698782,-0.89586083440474),
(0.255800806414551,-0.364439190191809,-0.89540494977971),(-0.0191936782515625,
-0.45660874043527,-0.889460544865983),(-0.0916366498770951,-0.629286056577854,
-0.771752410683631),(-0.421228019434127,-0.623106885891004,-0.659018030404949),
(-0.0159305918661303,-0.831576895411781,-0.555181126534483),(-0.14890424975672,
-0.473967161170937,-0.867860964979962),(0.269603167803994,-0.525927324071432,
-0.806668817858429),(-0.00351233400664831,-0.613428346262027,-0.78974257040637),
(0.512784274980444,-0.418173573841654,-0.749788736560692),(0.458024666356957,
-0.326800832695152,-0.826688950427157),(0.504467610686349,-0.548379786936391,
-0.666927311667474),(0.238317020746663,-0.697723731567213,-0.675563906695997),
(0.660535655512973,-0.39062973006268,-0.641171632082398),(0.747502062233757,
-0.447839190817685,-0.490592219795668),(0.827094459381411,-0.451411293900784,
-0.334876990847971),(0.887080990632382,-0.418852629828399,-0.194035539385203),
(0.683569856865677,-0.538191927395323,-0.49303316325694),(0.8377993672772,
-0.492069687826804,-0.236557905198611),(0.846921575390927,-0.47762781100574,
-0.233656840882554),(0.923534425547348,-0.379434557029229,-0.0557994781423917),
(0.719070806551817,-0.692544196076102,0.0576169388828023),(0.445065015484434,
-0.72648004082239,-0.523587511576182),(0.585039377606818,-0.728610761115285,
-0.356167496322211),(0.921042504465816,-0.383780436740323,-0.0662818326749051),
(0.686423630813396,-0.683806236720831,-0.24745025698643),(0.940512798331642,
-0.302494357019202,-0.154702424499178),(0.718669946353236,-0.693426364012063,
0.051704795731611),(0.815354536439302,-0.494645356163558,-0.300870323451279),
(0.805476892713393,-0.590216660693605,0.0533972728186343),(0.935098164545011,
-0.329736932533364,-0.129865230096583),(0.883417725312701,-0.441425020148418,
-0.157216647306519),(0.648652348611921,-0.736549160256912,-0.191691066993421),
(0.845445921193667,-0.532521022989575,0.0405284395348265),(0.890284698829177,
-0.38506089505556,0.243148642047725),(0.843859899966055,-0.450058613315192,
-0.292143310397631),(0.911389949252684,-0.338162506702683,-0.234551656275856),
(0.867454948347165,-0.46264263911845,0.182985521442362),(0.98196824027949,
-0.188710186897534,0.0112623462697597),(0.95968357187934,-0.224405531594501,
-0.169261924999988),(0.907770056635156,-0.369678641175789,-0.198220146642635),
(0.993882601713122,-0.108465947011227,0.0207969312859644),(0.86936116478839,
-0.486225652344279,-0.0882937152925012),(0.945726237988724,-0.324438338249273,
0.0184837077921704),(0.848788788647593,-0.502950700000093,-0.1630895019171),
(0.824120785519951,-0.558853759300896,-0.0922356036963759),(0.730066156919733,
-0.656837461514701,0.188594686222535),(0.698142022369471,-0.7133180829419,
0.0614412658557585),(0.645561530554185,-0.69444953409122,0.317789481998737),
(0.909441436077223,-0.252613580636683,0.330306907623368),(0.959846905028494,
-0.13026370854088,0.248445738833247),(0.575676533795659,-0.724311457191863,
0.379433052616157),(0.580225064665021,-0.786942654887787,0.209905055328911),
(0.808530373620678,-0.199573801964563,0.553578298438636),(0.653780580209595,
-0.392675115742679,0.646820845688572),(0.460132717828155,-0.736291439591048,
0.496137882013677),(0.442736814628774,-0.256656558595768,0.859134171071168),
(0.492735295161718,-0.437724975127734,0.752069661036342),(0.139296292269994,
-0.621976230210392,0.770546631952344),(0.398087580514608,-0.749367659648318,
0.529126061457219),(0.0147071586387288,-0.32796484113864,0.944575440323155),
(0.063775034682236,-0.724388779259878,0.686435460501323),(-0.15363380944258,
-0.536449063888894,0.829830738433381),(0.454450358200598,-0.806444472078584,
0.378314928842679),(0.254692823606144,-0.798566002191433,0.545365845783838),
(-0.143397784380119,-0.628776520341434,0.76424941145034),(0.057663903038715,
-0.720436450860505,0.691119522628222),(-0.17115558425102,-0.505723491097869,
0.845546874236713),(-0.193748838111167,-0.428825752251988,0.882366058921177),
(0.072431179326499,-0.528414417821314,0.845891202992403),(0.0201834940653532,
-0.600793220865551,0.799149630750907),(-0.0349976359992195,-0.409593270206913,
0.911596686301389),(0.0342198165111575,-0.380253613250672,0.924248989054222),
(0.0204328759910593,-0.409128384057706,0.912248027094093),(0.0917730590350085,
-0.24322303969457,0.96561910637533),(0.268197288816739,-0.37706047967121,
0.886507534621939),(-0.0919189225436419,-0.401305336354202,0.911320436889274),
(0.191003636991275,-0.0998839410088372,0.976494141807645),(-0.178431222029642,
-0.58632068940262,0.790183743304964),(0.232693057057166,-0.563498163782568,
0.792668758442683),(0.096520470692979,-0.240723236095595,0.965782647566661),
(-0.248784920080676,-0.388285233472563,0.887322174301763),(0.225626037682934,
-0.511767103951215,0.828967624478112),(0.257145773461264,-0.559873122767158,
0.787666260286652),(-0.304077676237542,-0.576290854624874,0.758568136484594),
(-0.012210089969571,-0.695146748002392,0.718764156343814),(-0.389285812676027,
-0.457784919857953,0.799305650674267),(-0.354390555669984,-0.469117060521612,
0.80891069814874),(-0.46780006199875,-0.633068635342837,0.616755385010236),
(-0.293643941266945,-0.722158698465409,0.626306674072663),(-0.562277476593511,
-0.476441299309242,0.675905117326504),(-0.612336566157324,-0.519889008377396,
0.595616780081811),(-0.757573874812276,-0.437982762392673,0.483996822354029),
(-0.743049705192522,-0.51755019235275,0.424286382068688),(-0.537057520558976,
-0.628628059513166,0.562490873173739),(-0.888134513439395,-0.392963314014422,
0.238321043713249),(-0.648631930436076,-0.626631639964071,0.431983109177555),
(-0.828383903650252,-0.481580864680151,0.286111829442768),(-0.434522568961952,
-0.706680403642774,0.558384226290456),(-0.511713260895018,-0.702641131285022,
0.494413773322196),(-0.736642476302293,-0.647042926831003,0.196706158889843),
(-0.630239637476701,-0.703109439545063,0.329294876024306),(-0.853109280058171,
-0.503500529408067,0.136717859712715),(-0.911980290113119,-0.26535134442954,
-0.312858777173706),(-0.99946290300684,-0.0277628584167881,-0.0174106061258411),
(-0.929664812515662,-0.351948515851419,0.108883325446103),(-0.916718142014481,
-0.232821729180854,-0.324687373519135),(-0.722503455415967,-0.68009269717267,
0.124349025586822),(-0.89596416215026,-0.319987200767937,0.307987680739154),
(-0.717712040435343,-0.682779865812804,0.13675189890742),(-0.988063162631455,
-0.12240033037082,-0.0935379376287587),(-0.985203724700455,-0.165835688448071,
-0.0432682940882177),(-0.89596416215026,-0.319987200767937,0.307987680739154),
(-0.810354608366751,-0.585461964680024,-0.0236579080177548),(-0.97337363953562,
-0.229150826424331,0.00580143139461387),(-0.629986335042582,-0.750064358601441,
0.20129748040009),(-0.89596416215026,-0.319987200767937,0.307987680739154),
(-0.709972707386162,-0.678778759980982,0.187611699436478),(-0.660061320891195,
-0.698372171760481,0.276758671723072),(-0.142103951578895,-0.934378129046616,
-0.32671697064127),(-0.271145321910764,-0.952113967246787,-0.141277060344173),
(-0.122080352423391,-0.912636732628795,-0.390116113239146),(-0.228745819732449,
-0.92394321627782,-0.306601179138516),(-0.266084255738352,-0.889015477441704,
-0.37262668948596),(-0.205640729459647,-0.891609041477165,-0.403416915291705),
(-0.258191535586248,-0.947402554646268,-0.1891177686029),(-0.27166894307717,
-0.939544101487004,-0.208453512151539),(-0.339857583261674,-0.858132166814885,
-0.384845433098957),(-0.27841452972472,-0.92011583501646,-0.275449087473758),
(-0.259345127493592,-0.95703906859738,-0.129677777678336),(-0.304846420487112,
-0.822418818946912,-0.480308178316965),(-0.311813642680235,-0.899884558828102,
-0.304926274730851),(-0.392095079355219,-0.835457937584577,-0.385060363154077),
(-0.454419427234014,-0.886420657181939,0.0880988233374889),(-0.36981139384086,
-0.928466780616977,-0.0344814482907445),(-0.262644443510397,-0.964154831731421,
-0.037727400414946),(-0.318829599195515,-0.894659562027884,-0.31294081668728),
(-0.269382858684369,-0.880480968388136,-0.390110419949696),(-0.340185305896248,
-0.780537627524324,-0.524437765298205),(-0.141788810161245,-0.589868833810039,
-0.794953264168809),(-0.172567868095374,-0.957817153160394,-0.229796936473784),
(-0.110876242316956,-0.745467341396622,-0.657255583316508),(-0.0500090048487054,
-0.942327046773046,-0.330936302562943),(0.105069243462308,-0.830006593162232,
-0.547767751319374),(0.137913045092719,-0.965170461771195,-0.22231952617265),
(0.0262272111272972,-0.994447419705103,-0.101913997264101),(0.281370008096272,
-0.875756076524971,-0.39227823413171),(0.139346513501301,-0.990210017430402,
0.00816520394817097),(0.274051389311167,-0.95504457220211,-0.1130738746303),
(0.215419685758001,-0.973600468673557,0.0754750712921391),(0.209941568310058,
-0.974630443272959,0.0775888970218552),(0.217234562904944,-0.967393364239203,
0.130227583504629),(0.353181300993795,-0.935227338216039,-0.0247546860548489),
(0.389070525484282,-0.887968397454165,-0.245226938410256),(0.287214561509908,
-0.952153803143788,0.104455401083391),(0.406062555744234,-0.889348016738129,
-0.210174465495736),(0.286763536447757,-0.956372980981066,-0.0558336405168595),
(0.418071117657806,-0.874962522749181,-0.244248079551798),(0.187278918468065,
-0.968699447706582,-0.16293552930652),(0.223136630465964,-0.974589380589718,
0.0196362772960232),(0.23548296611361,-0.948371892696358,-0.212458291939534),
(0.676259869909179,-0.684525317519463,-0.272208886749311),(0.102395904785275,
-0.989840785188089,-0.0986422762380989),(0.163771604696046,-0.966506011459049,
-0.197598054921606),(0.209568548958098,-0.973585189932954,0.0906250585147998),
(0.152107531032204,-0.98721022922408,-0.0477416204021827),(0.0588899036207433,
-0.990318576900287,-0.125702408480228),(0.077570468801527,-0.990058493594185,
-0.117332866801778),(0.170188659484773,-0.978362621101124,-0.117653736935612),
(0.267966527927999,-0.955129349528062,-0.126181875007129),(0.761858075378536,
-0.623529940553431,-0.175449953587764),(0.0460172717738186,-0.989853208782456,
-0.134435991317692),(0.526770151787694,-0.849148488933949,0.0382106127503831),
(0.213410329970527,-0.976957796507664,0.00308138033360048),(0.452869280234256,
-0.87441272006993,0.174102871889046),(0.321779035722164,-0.942328404039448,
0.0920621046369322),(0.125820052378591,-0.981076623214045,-0.147166483284668),
(0.407377870583192,-0.88624302208308,0.220491669611697),(0.302395076579942,
-0.945624859760317,-0.119795000995416),(0.417304309865225,-0.899378264170134,
0.13029140764542),(0.104947062885571,-0.96896517315615,-0.223813777954272),
(0.16611861968546,-0.936003924782661,-0.310324438266232),(0.423840892884479,
-0.904736086682691,-0.0425618487965245),(0.510447606219006,-0.84209156483456,
0.174140856032606),(0.380756392051108,-0.868606911772916,0.317090843028523),
(0.508191504538174,-0.860865502586077,-0.0255339219950162),(0.345212519508536,
-0.810775190653406,0.472728152954214),(0.587118307305732,-0.785912345503807,
0.193994531910457),(0.48565016849718,-0.748979049116616,0.450748597139281),
(0.365136512007161,-0.752321409593614,0.54835009279321),(0.184021141847554,
-0.632736199264287,0.752184233744438),(0.491496807186765,-0.685776394236457,
0.536788250274966),(0.247585091268856,-0.555818288316992,0.793579014940391),
(0.371599549212322,-0.602932135600998,0.705965023839581),(0.24144242542936,
-0.501415171922395,0.830835952862431),(0.15332789829855,-0.63062854442009,
0.760787877509854),(0.122712082474784,-0.617160454876323,0.777209571320086),
(0.00596590780501614,-0.710144959609919,0.704030215462865),(-0.0455398089385474,
-0.71411467776994,0.698545884531128),(-0.107114010771097,-0.782731881320441,
0.613072092547925),(-0.2385388779343,-0.73942121326922,0.629567687450142),
(-0.225069932905898,-0.82466028742434,0.518920933907026),(-0.370238304736453,
-0.729044488052792,0.575688919596096),(-0.317144070315896,-0.843382430051891,
0.433734613955623),(-0.47333403287519,-0.728308103615515,0.495501967231293),
(-0.395486574657929,-0.861993321132813,0.317108630579114),(-0.625561893889305,
-0.720025783418652,0.300391724463212),(-0.486082278835214,-0.850741814400025,
0.199905936464424),(-0.721645172224747,-0.680771477873678,0.125612261815492),
(-0.564547725227687,-0.821387201144478,0.0812953364977634),(-0.3299718602435,
-0.943461869039107,0.031595460380867),(-0.382657764437104,-0.9237540170144,
0.0158603709211442),(-0.245596962600325,-0.968007515605136,-0.051415772808223),
(-0.541684248710206,-0.840082234529682,0.0289829937528297),(-0.705327937396352,
-0.698088141855332,0.123229245429717),(-0.338212248653764,-0.940914238400735,
-0.0171134694123773),(-0.60135680652913,-0.782665537427295,0.160638251250223),
(-0.483367176164188,-0.87367136072098,0.0552677705630588),(-0.298277989744506,
-0.954073913470711,0.0278066263444225),(0.233432433895395,-0.970257449528201,
0.0641075692933579),(0.236742509759449,-0.968467462672313,-0.0776128714702002),
(0.190543905258344,-0.981662324161216,0.00566581779613117),(0.244179869293349,
-0.968759123142049,0.0433814794691401),(0.130918042062178,-0.968514175387622,
-0.211756365514335),(0.120313127341125,-0.991330437666383,-0.0528082829258462),
(0.132613459287511,-0.966532742602926,-0.219609034177253),(0.171408552621783,
-0.983637811776274,-0.0554595648386083),(0.103214263964079,-0.92921800479769,
-0.354824907911145),(0.129781662538935,-0.976042956293932,-0.17463352352178),
(0.114093135360608,-0.942615209985577,-0.313782284980261),(-0.209695916862686,
-0.950463711063198,-0.229447938328263),(-0.185975275232356,-0.958013107637905,
-0.218229426513046),(-0.203258690777132,-0.962428830110908,-0.18004624848887),
(-0.194445311458949,-0.972627167572022,-0.127229767556414),(-0.194640606253485,
-0.975899363448693,-0.0986684692174329),(-0.207461783648249,-0.977529371993916,
-0.0373622164046362),(-0.198291012187667,-0.980126824574663,0.00566411818180234),
(-0.228938014345228,-0.969788069728062,-0.0842525097595523),(-0.257943840079712,
-0.965337208056098,-0.0398628913576227),(-0.332086229763335,-0.941252049558922,
0.0613458654083662),(-0.350266729894076,-0.923103745281624,0.15872206329414),
(-0.338096216243354,-0.920315738229039,0.196748292317535),(-0.323146733677263,
-0.917402157505097,0.232270251902196),(-0.245155452015085,-0.900929408328874,
0.358085193153059),(-0.182190679285156,-0.868417914617689,0.461147353838964),
(-0.05332447568323,-0.806359404980626,0.589016986420934),(0.195211100663275,
-0.977066571243233,0.085050229493073),(0.21048811036706,-0.977299741115623,
0.0240825955710943),(0.208698959648238,-0.976170313426427,0.0594664899476596),
(0.021779000088216,-0.756441504210604,0.653698650650861),(-0.017045110711848,
-0.782415536542807,0.622523407091855),(-0.152697074074188,-0.857980798183204,
0.49046157190762),(-0.219308096578037,-0.887667375751504,0.404908123901901),
(-0.30283965755111,-0.915454650220125,0.265011179395651),(-0.14454529578775,
-0.989270657961339,-0.02121845334542),(-0.218567832276318,-0.975792245902681,
0.00758917190694925),(-0.201609159456324,-0.979453857823416,0.004887455180516),
(-0.216557362135932,-0.965282788050467,-0.146054948557878),(-0.187295151077933,
-0.959858977368691,-0.208785224447098),(-0.0484579821099867,-0.988318685151804,
-0.144492216225091),(0.237740508145756,-0.69073834069252,0.68290555385349),
(0.461548801257231,-0.705639267226349,0.537629917886156),(0.515940716238792,
-0.78232960342737,0.348949235460083),(0.537795520106946,-0.729689681510659,
0.422290122131424),(0.406163603571037,-0.681443240911147,0.608823649795819),
(0.0997844714702223,-0.746425282227755,0.657945558009646),(0.111837262778218,
-0.919477894966942,-0.376898961687927),(0.100663722105297,-0.935449304207004,
-0.338823574018309),(0.108171023469935,-0.979342115766225,-0.170845105191812),
(0.168589646439635,-0.985601009954887,0.0129684343413686),(0.199417705144167,
-0.978977141998385,0.0428524715705817),(0.156342178404028,-0.986757417813551,
0.0432078886526144),(0.162313050516997,-0.986326988143726,0.02852272937839),
(0.114514487083997,-0.992122720017917,-0.0507832715777466),(0.098889023169183,
-0.984115302097585,-0.147438235454794),(0.0354891524162987,-0.958194186042293,
-0.283909178956088),(0.0601069315896352,-0.914002459823283,-0.401231429740825),
(0.103633684596371,-0.922693231810274,-0.371345202457892),(0.256305987530957,
-0.932986414950529,-0.252672891845446),(0.451952779629522,-0.881000330976432,
-0.139918196831457),(0.618325186318876,-0.785467704368969,0.0267291854920601),
(0.468666199296489,-0.801718349436008,0.370944310934387),(0.660806648297524,
-0.748236450994324,0.0589642855397359),(0.0787870821431606,-0.994008202474865,
-0.0757646956045753),(0.199587690932399,-0.265520317732179,-0.943219865407677),
(0.425303445364447,0.0279526218482827,-0.904619052581216),(0.6613966423779,
-0.0642181535667145,-0.74728208208395),(0.947674750726545,-0.0206414002644035,
-0.318569457780411),(0.969105681378032,0.00288638050664838,-0.246628966523381),
(0.753194677208155,-0.0593159215781686,-0.655117851743208),(0.936747332052322,
-0.295422564645783,0.187696414965668),(0.930864102602692,-0.318957025377179,
0.178208974095657),(0.954168487051992,-0.296565881097476,0.0401394629484519),
(0.985512793907486,-0.167492835114203,-0.0266586426898777),(0.98668864437712,
0.0947275999370751,0.132182452948201),(0.823543181019767,0.004091243155263,
0.567238830410337),(0.977046836613522,0.182743770473813,-0.109472340874418),
(0.2164676032545,-0.00936682506472043,-0.976244866480464),(0.800571741527056,
-0.0224919251967733,0.598814662453484),(0.847547762538222,-0.0386605665433991,
0.529309125947208),(-0.00941581951245862,-0.354109577199585,-0.93515653752644),
(-0.0737217034393754,-0.224276442513713,-0.971733084635585),(-0.145159291489658,
-0.114066416008344,-0.982811087052457),(-0.538742340684483,0.181225687534978,
-0.8227477988614),(-0.468659907057957,0.163557017152707,-0.868105404692619),
(-0.979189968776271,-0.171196764625634,-0.108989324383819),(-0.967080999045414,
-0.20884488442036,-0.145389667916155),(-0.959015386478105,-0.262426717568134,
-0.106872383732499),(-0.953205209233533,-0.297172042531701,-0.0555752303422354),
(-0.957036393814931,-0.275311839316261,-0.0910205034374656),(-0.968214776537852,
-0.222427718934102,-0.114394302058841),(-0.932406364628133,-0.344862628011908,
-0.108111696877207),(-0.967022963411061,0.0480449791711808,0.250116509275437),
(-0.966062606989796,0.0481516946946614,0.253780325624568),(-0.981941051054504,
-0.0603567094670803,0.179300975670193),(-0.966989006885933,-0.0173870543463582,
0.254224213840686),(-0.0713965030313484,0.0617993169900602,0.995531709075335),
(-0.194457725362133,-0.135672278747812,0.97148300336463),(0.0461431746265906,
-0.134006271609761,0.989905614998031),(-0.0916236001534541,-0.185109754122029,
0.978437271787927),(-0.0882659559677661,0.0131054043099004,0.996010727550146),
(0.200716726425158,0.213371729307912,0.956130378591392),(-0.0709289520594276,
0.0249793265952406,-0.997168549946597),(0.199523100536596,-0.267514434027226,
-0.942669910381867),(-0.042320187931949,0.0253927602131424,-0.998781362172003),
(-0.0513085312384389,0.0623980841591589,-0.99673161568971),(0.325311683220753,
0.104729972091017,-0.939789307082122),(0.132586927272667,-0.326663444005133,
0.935794689591204),(0.537613775878086,-0.0306041997662799,0.842635633558641),
(0.132586927272667,-0.326663444005133,0.935794689591204),(0.69643122181297,
-0.223997873084975,0.681768660278178),(0.537613775878086,-0.0306041997662799,
0.842635633558641),(0.0691864149290199,-0.0512901956006597,0.996284374977604),
(0.0691864149290199,-0.0512901956006597,0.996284374977604),(0.325656652386326,
0.210709364711268,0.921709991472104),(-0.00370846580146508,0.218799482286471,
0.97576279588462),(-0.649444042224265,0.254296827772008,0.716627908614018),
(-0.573199264492469,0.302536590493943,0.761520987627783),(-0.91914503001808,
0.,0.393919298579116),(-0.565126588141717,-0.0584490735003874,0.822931130278985),
(-0.5992463319139,0.286807956562016,0.747425601475128),(-0.971440291122825,
-0.226584039086676,0.0704516430920487),(-0.932561699821004,-0.115196342070364,
-0.34213809901934),(-0.917789366290211,0.199152916455502,-0.343512437899824),
(-0.579249942860064,0.21558550505166,-0.786124922457133),(0.689864503263942,
-0.190188208911452,0.698509421788603),(0.898993267267699,-0.0427040208858455,
0.435875523524238),(0.718182612195062,-0.190078533600627,0.66939068308792),
(-0.418511547058992,0.161647317122262,-0.893710372461607),(-0.100491285743417,
-0.115899949555919,-0.98816430981015),(-0.0953821855517338,-0.0662157321168897,
-0.99323598177855),(0.266100826006647,-0.0641206809634743,-0.961810214476515),
(0.936826818393232,-0.295164614014592,0.187705521956153),(0.955078908354081,
0.175294786965763,-0.238947727505004),(0.923568611352093,-0.0162941909521564,
-0.383086830191775),(0.936511467396768,-0.34556710679509,-0.0594108250710545)),
$,(22,22,25,25,25,25,18,18,18,48,48,33,33,47,47,47,36,36,36,39,26,86,65,
65,85,34,21,42,44,44,44,45,62,62,62,95,75,75,136,140,101,235,235,235,233,
233,317,231,311,366,366,148,230,360,305,397,385,349,413,427,427,427,427,
403,414,414,435,435,436,380,391,422,408,408,430,425,415,442,429,441,441,
426,424,431,431,431,431,423,423,421,421,418,418,405,416,416,416,416,412,
412,404,406,406,389,389,389,409,409,409,409,386,386,386,386,364,364,364,
364,400,392,392,392,356,381,318,318,312,312,350,234,135,232,139,88,304,
304,229,93,147,54,54,52,52,52,61,98,27,27,16,31,31,31,19,19,19,13,13,71,
43,43,30,30,35,35,35,7,2,17,32,14,20,29,29,41,56,38,38,68,63,63,73,73,79,
55,76,92,92,91,69,105,104,104,115,46,64,67,67,67,83,83,83,96,82,82,108,
128,128,119,173,153,153,181,150,150,150,227,225,294,285,285,224,343,275,
333,190,190,190,190,221,322,266,353,370,341,301,382,371,384,374,351,393,
363,377,377,330,338,367,346,375,375,407,407,369,348,348,402,402,402,383,
383,399,390,372,401,378,394,355,358,376,357,388,388,398,368,352,387,379,
379,373,359,359,354,345,340,334,347,336,320,327,282,295,272,297,228,226,
156,174,223,106,179,179,179,118,118,265,222,130,189,97,81,112,151,70,80,
59,74,100,40,84,66,124,114,78,103,58,58,58,37,37,77,77,102,57,60,60,60,
72,72,72,99,94,116,110,126,132,149,144,127,160,163,177,152,172,183,184,
107,122,146,187,196,193,193,197,219,218,258,252,215,284,248,270,244,261,
253,290,308,271,326,302,332,319,288,337,337,298,324,262,276,310,293,329,
342,342,307,344,328,339,325,303,335,299,321,281,279,296,316,331,292,323,
300,300,306,306,291,280,274,259,256,238,241,195,199,171,185,142,161,125,
143,117,129,113,123,145,131,155,121,111,134,109,120,141,217,245,213,249,
220,205,254,257,250,269,264,191,186,182,175,169,164,165,162,159,154,157,
158,170,180,192,209,211,214,208,246,243,203,188,176,168,166,167,178,194,
207,263,273,283,278,268,255,247,242,210,201,206,202,200,198,204,216,251,
260,277,286,289,287,287,212,267,396,417,437,428,428,439,443,444,440,432,
432,434,239,420,419,133,89,87,24,49,4,5,8,11,9,6,1,1,3,10,15,240,138,90,
137,237,313,309,309,315,365,365,362,362,395,395,361,361,314,314,53,53,28,
28,28,50,12,12,23,23,411,411,410,51,51,236,236,433,433,438,438),((1,3,7),
(10,4,2),(6,12,8),(10,14,4),(16,17,5),(6,19,12),(9,20,21),(9,13,20),(22,
15,11),(16,23,17),(25,24,15),(22,25,15),(21,20,26),(21,26,27),(13,28,20),
(19,29,12),(12,29,28),(20,32,26),(20,28,32),(23,33,17),(18,35,30),(25,36,
24),(36,37,24),(23,38,33),(39,36,25),(39,40,36),(40,41,36),(36,41,37),(42,
45,39),(45,40,39),(47,48,45),(45,48,40),(47,49,48),(50,49,47),(48,52,40),
(40,52,41),(49,53,48),(48,53,52),(50,54,49),(54,55,49),(49,55,53),(56,54,
50),(56,57,54),(57,58,54),(54,58,55),(59,57,56),(60,64,59),(59,64,57),(60,
65,64),(67,66,63),(69,68,62),(64,70,57),(57,70,58),(65,71,64),(64,71,70),
(67,72,66),(72,73,66),(65,74,71),(75,72,68),(75,76,72),(76,77,72),(72,77,
73),(78,79,75),(79,76,75),(80,82,79),(79,82,76),(81,83,82),(84,83,81),(82,
88,76),(76,88,77),(83,90,82),(82,90,88),(84,92,83),(92,94,83),(83,94,91),
(95,93,87),(98,99,92),(99,101,92),(92,101,94),(102,100,97),(104,107,103),
(102,110,100),(104,111,107),(115,111,104),(109,119,99),(99,119,101),(114,
120,108),(109,122,119),(118,123,112),(123,124,112),(113,124,121),(125,123,
118),(125,127,123),(127,129,123),(123,129,124),(130,128,126),(131,132,130),
(130,132,128),(131,133,132),(134,133,131),(132,135,128),(127,136,129),(133,
137,132),(132,137,135),(134,138,133),(138,139,133),(133,139,137),(140,138,
134),(142,140,134),(140,145,138),(145,146,138),(138,146,139),(147,145,141),
(149,150,148),(147,152,145),(149,153,150),(156,153,149),(152,158,145),(145,
158,146),(155,159,151),(152,160,158),(157,161,154),(161,163,154),(155,165,
159),(166,162,156),(167,166,156),(166,168,162),(168,169,162),(162,169,164),
(170,168,166),(27,171,170),(170,171,168),(27,26,171),(171,172,168),(168,
172,169),(26,174,171),(171,174,173),(26,32,174),(34,175,31),(31,175,176),
(29,177,28),(34,178,175),(38,178,33),(178,179,175),(178,181,179),(183,181,
178),(38,183,178),(175,180,184),(175,184,176),(182,185,180),(183,186,181),
(187,188,182),(182,188,185),(180,189,184),(180,185,189),(41,183,37),(190,
186,183),(41,190,183),(187,191,188),(193,192,186),(190,193,186),(28,177,
194),(28,194,32),(177,184,195),(177,195,194),(184,189,196),(184,196,195),
(185,199,189),(188,202,185),(185,202,199),(189,203,196),(189,201,203),(191,
205,188),(188,205,202),(193,206,192),(207,208,191),(191,208,205),(209,206,
193),(210,193,190),(211,209,193),(209,212,206),(212,213,206),(207,215,208),
(52,190,41),(52,210,190),(53,210,52),(53,216,210),(55,216,53),(216,209,
211),(216,217,209),(218,217,216),(55,218,216),(217,212,209),(218,219,217),
(219,221,217),(217,221,212),(58,218,55),(222,220,218),(58,222,218),(219,
223,221),(224,223,220),(222,224,220),(221,225,212),(212,225,214),(223,229,
221),(221,229,225),(224,230,223),(230,231,223),(223,231,229),(232,230,224),
(233,224,222),(233,232,224),(232,234,230),(234,235,230),(230,235,231),(70,
222,58),(70,233,222),(71,233,70),(71,236,233),(74,236,71),(236,232,233),
(236,237,232),(238,237,236),(73,238,236),(237,234,232),(238,239,237),(239,
240,237),(237,240,234),(77,238,73),(241,239,238),(77,241,238),(239,242,
240),(243,242,239),(241,243,239),(240,245,234),(234,245,235),(242,246,240),
(240,246,245),(243,247,242),(247,248,242),(242,248,246),(249,247,243),(251,
243,241),(252,250,244),(249,253,247),(253,254,247),(247,254,248),(89,241,
77),(89,251,241),(90,252,88),(90,256,252),(94,257,91),(256,250,252),(258,
259,249),(261,260,257),(94,261,257),(259,253,249),(261,262,259),(262,263,
259),(259,263,253),(101,261,94),(264,262,261),(101,264,261),(262,265,263),
(266,265,262),(264,266,262),(263,267,253),(253,267,254),(265,268,263),(263,
268,267),(266,269,265),(269,270,265),(265,270,268),(271,269,266),(273,266,
264),(273,272,266),(271,274,269),(274,275,269),(269,275,270),(119,264,101),
(119,273,264),(122,273,119),(122,276,273),(124,276,121),(276,272,273),(276,
277,272),(279,277,276),(124,279,276),(278,274,271),(279,280,277),(281,282,
278),(278,282,274),(129,279,124),(283,281,279),(129,283,279),(281,284,282),
(285,284,281),(283,285,281),(282,286,274),(274,286,275),(284,287,282),(282,
287,286),(285,288,284),(288,289,284),(284,289,287),(290,288,285),(291,285,
283),(291,290,285),(290,292,288),(292,293,288),(288,293,289),(136,283,129),
(135,291,283),(137,291,135),(137,294,291),(139,294,137),(294,290,291),(294,
295,290),(296,295,294),(139,296,294),(295,292,290),(296,297,295),(297,298,
295),(295,298,292),(146,296,139),(299,297,296),(146,299,296),(297,300,298),
(303,300,297),(299,303,297),(298,305,292),(292,305,293),(302,306,298),(298,
306,305),(304,307,301),(307,308,301),(302,308,306),(309,307,304),(310,304,
299),(310,309,304),(309,311,307),(311,312,307),(307,312,308),(158,299,146),
(158,310,299),(160,310,158),(160,313,310),(165,313,159),(313,309,310),(313,
314,309),(315,314,313),(165,315,313),(314,311,309),(315,316,314),(316,317,
314),(314,317,311),(169,315,164),(318,316,315),(169,318,315),(316,319,317),
(320,319,316),(318,320,316),(317,321,311),(311,321,312),(319,322,317),(317,
322,321),(320,323,319),(323,324,319),(319,324,322),(325,323,320),(328,320,
318),(328,325,320),(325,330,323),(330,332,323),(323,332,324),(172,318,169),
(172,328,318),(174,329,173),(174,333,329),(32,333,174),(333,326,329),(333,
334,327),(194,334,333),(32,194,333),(336,330,325),(194,195,334),(195,337,
334),(335,339,331),(195,196,337),(338,340,330),(330,340,332),(198,341,338),
(338,341,340),(197,204,341),(205,342,202),(202,342,343),(202,343,200),(205,
344,342),(208,344,205),(344,345,342),(344,346,345),(347,346,344),(208,347,
344),(342,345,348),(342,348,343),(346,349,345),(347,350,346),(350,351,346),
(346,351,349),(345,352,348),(345,349,352),(215,347,208),(353,350,347),(215,
353,347),(350,354,351),(355,354,350),(353,355,350),(200,343,356),(200,356,
204),(343,348,357),(343,357,356),(348,352,358),(348,358,357),(355,359,354),
(360,359,355),(361,355,353),(361,360,355),(360,363,359),(228,353,215),(227,
361,353),(229,362,226),(229,364,362),(231,364,229),(364,360,361),(364,365,
360),(366,365,364),(231,366,364),(365,363,360),(366,367,365),(367,368,365),
(365,368,363),(235,366,231),(369,367,366),(235,369,366),(367,370,368),(371,
370,367),(369,371,367),(368,370,372),(371,373,370),(370,373,374),(370,374,
372),(375,373,371),(376,371,369),(376,375,371),(375,377,373),(377,374,373),
(245,369,235),(245,376,369),(246,376,245),(246,378,376),(248,378,246),(378,
375,376),(378,379,375),(380,379,378),(248,380,378),(379,377,375),(380,381,
379),(381,382,379),(379,382,377),(255,380,248),(383,381,380),(255,384,380),
(381,385,382),(386,385,381),(383,386,381),(382,387,377),(377,387,374),(385,
388,382),(382,388,387),(386,389,385),(389,390,385),(385,390,388),(391,389,
386),(392,386,383),(392,391,386),(391,394,389),(389,394,390),(267,384,255),
(267,393,384),(268,393,267),(268,395,393),(270,395,268),(395,391,392),(395,
396,391),(397,396,395),(270,397,395),(396,394,391),(397,398,396),(398,399,
396),(396,399,394),(275,397,270),(400,398,397),(275,400,397),(398,401,399),
(402,401,398),(400,402,398),(394,399,403),(394,403,390),(399,401,404),(399,
404,403),(402,405,401),(406,405,402),(407,402,400),(407,406,402),(406,408,
405),(286,400,275),(286,407,400),(287,407,286),(287,409,407),(289,409,287),
(409,406,407),(409,410,406),(412,411,409),(289,412,409),(410,408,406),(412,
414,411),(293,413,289),(415,414,413),(293,415,413),(415,416,414),(417,416,
415),(417,418,416),(305,415,293),(305,417,415),(306,417,305),(306,419,417),
(308,419,306),(419,418,417),(419,420,418),(421,420,419),(308,421,419),(421,
422,420),(312,421,308),(423,422,421),(312,423,421),(423,424,422),(425,424,
423),(425,426,424),(321,423,312),(321,425,423),(322,425,321),(322,427,425),
(324,427,322),(427,426,425),(427,428,426),(429,428,427),(324,429,427),(429,
430,428),(332,429,324),(431,430,429),(332,431,429),(432,433,430),(431,432,
430),(432,434,433),(434,435,433),(436,434,432),(437,432,431),(437,436,432),
(436,438,434),(434,438,435),(340,431,332),(340,437,431),(341,437,340),(341,
439,437),(204,439,341),(439,436,437),(439,440,436),(356,440,439),(204,356,
439),(440,438,436),(356,357,440),(357,441,440),(440,441,438),(357,358,441),
(442,443,444),(372,445,442),(442,445,443),(444,446,447),(444,443,446),(372,
374,445),(448,446,443),(449,443,445),(449,448,443),(448,450,446),(387,445,
374),(387,449,445),(388,449,387),(388,451,449),(390,451,388),(451,448,449),
(451,452,448),(403,452,451),(390,403,451),(452,450,448),(403,404,452),(354,
453,454),(349,351,455),(352,349,456),(352,457,458),(441,358,459),(435,460,
461),(430,433,462),(430,463,464),(426,428,465),(424,426,466),(422,424,467),
(420,422,468),(372,442,469),(469,470,372),(469,442,471),(472,420,473),(468,
473,420),(468,422,474),(467,474,422),(467,424,475),(466,475,424),(466,426,
476),(465,476,426),(465,428,464),(464,428,430),(462,463,430),(462,433,461),
(461,433,435),(460,435,477),(477,435,478),(478,441,479),(459,479,441),(459,
358,458),(458,358,352),(456,457,352),(456,349,480),(455,480,349),(455,351,
454),(454,351,354),(453,354,481),(481,363,482),(438,478,435),(438,441,478),
(359,363,481),(359,481,354),(418,420,472),(416,418,483),(414,416,484),(411,
414,485),(485,414,486),(484,486,414),(484,416,487),(483,487,416),(483,418,
488),(472,488,418),(450,489,490),(447,446,491),(444,447,492),(442,444,493),
(493,471,442),(493,444,494),(492,494,444),(492,447,495),(495,447,496),(496,
447,497),(491,497,447),(491,446,498),(498,446,490),(490,446,450),(489,450,
499),(499,450,500),(501,408,502),(502,408,503),(503,408,410),(452,500,450),
(404,500,452),(401,501,404),(404,501,500),(408,501,405),(401,405,501),(485,
504,411),(410,505,503),(506,368,372),(372,470,506),(363,368,506),(506,482,
363),(46,44,507),(508,56,51),(509,56,508),(510,69,511),(69,62,511),(509,
59,56),(512,59,509),(512,61,59),(79,78,513),(513,78,514),(514,78,515),(515,
78,516),(516,75,68),(78,75,516),(516,68,69),(517,80,519),(517,85,80),(507,
44,520),(521,86,518),(96,86,521),(521,522,96),(523,22,524),(524,22,525),
(523,39,25),(523,25,22),(42,39,523),(10,2,526),(526,527,10),(166,167,528),
(170,166,529),(27,170,530),(531,27,532),(530,532,27),(530,170,533),(529,
533,170),(528,529,166),(528,167,534),(535,167,536),(536,167,537),(531,21,
27),(537,156,149),(167,156,537),(538,149,148),(537,149,538),(130,126,539),
(131,130,540),(541,131,542),(540,542,131),(540,130,543),(539,543,130),(539,
126,544),(541,134,131),(142,134,541),(47,45,545),(545,547,47),(548,50,47),
(548,47,547),(508,51,549),(550,106,552),(115,104,551),(551,554,115),(556,
116,555),(126,117,557),(557,544,126),(558,142,541),(560,143,563),(563,143,
559),(538,148,561),(562,141,144),(562,147,141),(564,9,21),(564,21,531),
(1,7,565),(566,1,565),(526,2,567),(102,97,568),(568,570,102),(553,105,102),
(553,102,570),(571,10,527),(22,11,572),(572,525,22),(569,96,522),(573,43,
523),(520,44,574),(513,575,79),(80,79,576),(576,519,80),(577,69,510),(516,
69,578),(507,546,46)),());
#1811=COMPLEX_TRIANGULATED_FACE('ConvergentBody',#1821,565,((0.146443955212926,
-0.299187006947592,-0.942889867829396),(0.492104327901069,-0.0600082802890075,
-0.868465506947624),(0.0477921881274709,-0.206220156848542,-0.977337788926301),
(0.454486233441613,-0.136620227799856,-0.88021427900709),(0.159806552691044,
-0.294447860596321,-0.942211400433711),(0.215267729857878,-0.14133977822335,
-0.96627266937113),(0.430938908927606,-0.121497334852703,-0.894164444828788),
(0.911726413019423,-0.117730312148508,-0.393566412952314),(0.496492355775333,
-0.19441678650511,-0.845989038807056),(0.238983588446121,-0.628018226479364,
-0.740594323272282),(-0.0447487736207332,-0.113996875815936,-0.992472800415027),
(0.962645012542311,-0.161115580285519,-0.217615141055661),(0.878465349867782,
-0.403383200260747,-0.256087139132509),(0.403111526805952,-0.650635920580409,
-0.643563513420904),(0.533943433412927,-0.2190170115608,-0.816661471212026),
(-0.019027049916095,-0.186031195284218,-0.982359590858977),(-0.0621642949243185,
-0.502698668403708,-0.862223665426611),(0.298598126361995,-0.531271991059642,
-0.792836193957257),(0.910169424437687,-0.395114723818208,-0.124402467181446),
(0.967450412968008,-0.247037575365691,0.0548829190684225),(0.173852011315,
-0.373676068525106,-0.911121108290961),(0.105343588415824,-0.0556812886455421,
-0.992875784010492),(0.0244032844613438,-0.208372585916552,-0.977745030744697),
(0.123962958815833,-0.497642628678459,-0.858478304305716),(0.0745680212583042,
-0.598960641823733,-0.797299040355451),(0.242531369153682,-0.262865343688513,
-0.933852421993947),(0.235014817686295,-0.63592245511996,-0.735099086206806),
(0.291016495368754,-0.104348389940786,-0.95101041684098),(0.204016682292054,
-0.285465384680129,-0.936422291221204),(0.761846068130817,-0.552760317075558,
-0.337707862419788),(0.882913008921941,-0.192317685111711,-0.428343935021471),
(0.404947392650399,-0.140166665299605,-0.903532464897876),(0.296900659051211,
-0.600759927298992,-0.742251647628125),(0.950495462644379,-0.310453908230224,
0.0132945987915227),(0.981341777553759,0.0479380460932348,-0.186199514941345),
(0.909786950647467,-0.343609364074055,-0.232852548519888),(0.868783684307698,
-0.495133074319433,-0.00762552265284022),(0.890772246930523,-0.242291230182206,
-0.384473359122763),(0.747105812001654,-0.543620922311089,-0.382503854227627),
(0.980163598099102,-0.15906621432489,-0.118225464354219),(0.965045460762803,
-0.142433306316001,-0.220000027075001),(0.911335482687276,-0.283988852543991,
-0.298023438047911),(0.977895611340204,-0.121594186542594,-0.170102989746251),
(0.980273007585462,-0.180143035551262,-0.0813223053149049),(0.964247848079794,
-0.257331066411741,0.0632993659753503),(0.967006167795295,-0.246506988899856,
-0.0642913358811502),(0.934088896696056,-0.294872891722029,0.201315450963491),
(0.951944562235163,-0.299958972243843,0.0618560053779801),(0.945092864014299,
-0.251347178732671,0.208863769314776),(0.945426806987468,-0.265392925208932,
-0.189036366550267),(0.935600651125547,-0.350093017421428,0.0456760414901768),
(0.919324344012087,-0.224362813813661,0.323270905409631),(0.881796491373393,
-0.471575578112054,-0.00717090857944107),(0.925678634419334,-0.374529219039395,
0.0533566290661063),(0.869894286012549,-0.259856350033007,0.419235743359557),
(0.826395054474602,-0.298860195343889,0.477235578701894),(0.779809245204599,
-0.275478500321231,0.562146899799509),(0.977270259990393,-0.18574345207213,
0.10218712712782),(0.753306216197307,-0.454220791432081,0.475618773041298),
(0.964119132748691,-0.265349466067519,0.00799741993357489),(0.692658489454102,
-0.255910122463256,0.674339844742992),(0.379690358652522,-0.234880746779729,
0.89479956769017),(0.569677647657938,-0.270733896015482,0.775996478927061),
(0.302128971640749,-0.26559532798957,0.91552018341783),(0.221128762841599,
-0.259829650858637,0.939995012103161),(-0.163627692566633,-0.0669063341622218,
0.984250740753743),(0.192941260248928,0.267761989717747,0.943968848509287),
(0.807990567503463,-0.203635423328793,0.552886839408514),(0.979471783205698,
-0.179625903880227,0.091485302421002),(0.382892820956999,-0.118643210713148,
0.916142388611763),(0.840848462777252,-0.177529472852196,0.511328807044893),
(0.319458052401602,-0.231403407471274,0.918911865070018),(0.31928642258495,
-0.0904743412228011,0.943329515033429),(0.221832487532528,-0.177528156978396,
0.95878782895643),(0.142605126531268,0.275155876126976,0.95076444071063),
(0.304949151779608,-0.166834840107434,0.937641803118453),(0.292116919254484,
-0.100580138388842,0.951079040483466),(0.0249063378616456,-0.0307171064174677,
0.999217760904829),(0.129146209868601,0.292444943043395,0.947521615460524),
(-0.00712884072521529,0.0175119159062197,0.999821240238078),(0.0879857945136923,
-0.137930660481104,0.986526042668434),(-0.11744820585725,-0.206339841564463,
0.97140608847385),(-0.221264114027613,-0.132571805702477,0.966160912155092),
(-0.0628114400711618,0.0879568785594243,0.994141997156477),(0.246547133333756,
-0.23751469784506,0.939575052538368),(0.00114121630686221,-0.416802947077654,
0.908996150119858),(-0.380032527331271,-0.325907315519108,0.865655647391811),
(-0.18524710201789,-0.484086549070379,0.85518636811113),(-0.524161595284772,
-0.261545853097611,0.810461836705446),(-0.375714811057167,-0.0102117897280951,
0.926679070715869),(-0.618297623038881,-0.293715406982849,0.728998840222239),
(-0.185869247966519,-0.152611258431401,0.970650517158645),(-0.290436256936596,
-0.446695226618715,0.846232920166023),(-0.142607217826671,-0.290652698215643,
0.946141739087597),(-0.530849513835508,-0.0859942202383841,0.843091802679991),
(-0.888543097461587,-0.125215108388953,0.441375509724443),(-0.757476913703192,
-0.311098926757014,0.573974026396074),(-0.949178447031858,-0.137340915191452,
0.283192070341956),(-0.88684447665464,-0.285969590423856,0.362943890401766),
(-0.810023921525535,-0.249340768795553,0.530745162552459),(-0.901439200052572,
-0.250721673222268,0.352910769437835),(-0.919010857392195,-0.221627009745386,
0.326037593762715),(-0.605856603314133,-0.209982158159772,0.767362541094642),
(-0.147092131032268,-0.216700641738045,0.965093123412816),(-0.958482521706938,
-0.15065696979251,0.242102732399383),(-0.57185609471089,-0.180595485318992,
0.800228640842358),(-0.910564357848698,-0.30227510017723,0.281961547074123),
(-0.955447412888987,-0.161926193704839,0.246779555466017),(-0.95451712067679,
-0.249130365717558,0.163802097704294),(-0.978520605816149,-0.0694590661457092,
0.194094982220982),(-0.938418667375091,-0.31613905096884,0.139378998326429),
(-0.953198665655842,-0.210825420068621,0.216713972887795),(-0.9917516859966,
-0.125696737679749,0.0250783464281461),(-0.949063530192154,-0.307185714652298,
-0.0701095740449415),(-0.948456848572159,-0.228216153199788,-0.219879498396872),
(-0.897159882557254,-0.338248529131497,-0.284063509923809),(-0.97640498788859,
-0.213447984856294,-0.0327606072451261),(-0.968478567042464,-0.162178299470022,
-0.189069998572981),(-0.937295916832338,-0.236813000502535,-0.255726351951483),
(-0.942801591363293,-0.248100261241699,0.222646400587664),(-0.977081919627856,
-0.0310884253266475,-0.210581177095799),(-0.831712901097502,-0.554002733853053,
-0.0365324654426702),(-0.967074537262649,0.,0.254493299279635),(-0.988755653509216,
-0.0795196408919183,-0.126644717086757),(-0.950743648755084,-0.259566769024841,
-0.169444996296361),(-0.968070668348821,-0.105288502682826,-0.227493982965431),
(-0.751484357268181,-0.207601842989612,-0.626236964390114),(-0.960005504440802,
-0.134138324267805,-0.245756671132212),(-0.932697046989725,-0.277000958936181,
-0.230969018019911),(-0.946760614476498,-0.0524719222418542,-0.31763349359337),
(-0.363998008101673,-0.0531280710069953,-0.929883249751865),(-0.364662350885183,
-0.0371567898141445,-0.9303981635932),(-0.553870961982234,0.0176274889673401,
-0.832415899118693),(-0.83555565509334,-0.244192151266166,-0.492155402796253),
(-0.615922978228784,0.0503969707492865,-0.7861927436889),(-0.160275786495231,
-0.129115523768828,-0.978591259814452),(-0.609866472685752,-0.344801712660724,
-0.713564758406741),(-0.209204734095638,-0.102434158130599,-0.972491965252181),
(-0.831464531620681,-0.384210163268372,-0.401309460514068),(-0.719131547485189,
-0.416407527392518,-0.556286426710563),(-0.0723500503846336,-0.151571972548889,
-0.985794809961475),(-0.220453395078256,-0.327857574813205,-0.918645585215579),
(-0.666932198408332,-0.404522797870293,-0.625749749284344),(-0.184620156630447,
-0.189951447766888,-0.96427892503),(-0.0137915736991336,-0.152044469139082,
-0.988277426585833),(0.0274462226450699,-0.537463392895723,-0.842840320677372),
(-0.178069253942064,-0.246604277252725,-0.952616224531778),(-0.0840233403182769,
-0.0678369552389973,-0.994152013419307),(-0.129970727298991,-0.191438186167874,
-0.972861259852671),(0.0658065065673246,-0.536500498324256,-0.841330326917572),
(0.0463442107257265,-0.527540802688025,-0.848264649523651),(0.0573337766056286,
-0.0958391852257006,-0.993744277284357),(0.012993846435345,-0.193937106872326,
-0.980927906898772),(0.115540206230005,-0.219152623308704,-0.968825365296162),
(0.373965544165026,-0.304700205769874,-0.875960933136377),(0.17056122654387,
-0.239123632239534,-0.955891602905069),(0.522502424285493,-0.341640564627489,
-0.781199680758251),(0.877952145871285,-0.339850692584776,-0.337196584071747),
(0.433352778375432,-0.425857231600798,-0.794261284318704),(0.558230249175112,
-0.448105120054466,-0.698269854917757),(0.856755205973566,-0.41377070670399,
-0.307838138168215),(0.885718450930438,-0.353670853059449,-0.300698775151457),
(0.198547508130417,-0.379423859812342,-0.903668313940633),(0.537607348737449,
-0.460723056338937,-0.706195867972335),(0.235863269350718,-0.401043613678137,
-0.885173733285829),(0.869530647536655,-0.408094168851072,-0.278164703627614),
(0.873711846570488,-0.408171693202401,-0.264619496694165),(0.537213397699872,
-0.443472467261503,-0.71744960527744),(0.163564330734238,-0.390800687996217,
-0.905826435898812),(-0.0929804662678106,-0.549484320151598,-0.830314166325106),
(0.887118804527236,-0.366110510816419,-0.281039713428386),(0.892655453877714,
-0.400005776339425,-0.207753747396926),(0.858581698015891,-0.423757131451976,
-0.288560845188223),(0.112422519021648,-0.270952172891601,-0.95600528095934),
(0.128836995844754,-0.634848965032105,-0.761818758038527),(-0.05936174258931,
-0.376249800837231,-0.924614660756958),(0.0582858213038568,-0.320386283644419,
-0.945492142900962),(-0.233719615212468,-0.48735995645947,-0.841341437410971),
(0.182463391490048,-0.512609700318077,-0.839010372942886),(-0.103707622543873,
-0.643794855042916,-0.758137793311063),(0.496185688664506,-0.539643042336147,
-0.680136125509238),(0.348543869736639,-0.80025672491535,-0.487961417631319),
(0.0399973466123898,-0.764964637281882,-0.642829149908564),(0.156673098866858,
-0.488451425879051,-0.858410592110895),(-0.228896715545677,-0.581939771201808,
-0.780354019856365),(0.766946196728749,-0.600458773131339,-0.226368710498855),
(0.331411769750064,-0.78624282767295,-0.521525123847332),(0.490875805957366,
-0.535500879226211,-0.687226128340346),(0.88055867256971,-0.430240100712015,
-0.198770923179387),(0.811867687973298,-0.556179853662059,-0.17758048205065),
(0.879546444553193,-0.452122722667299,-0.148266973806527),(0.923588464942943,
-0.348922581431152,-0.158862769684276),(0.858506318628477,-0.510494890862664,
-0.0485990460615854),(0.847716570389554,-0.518764875449346,-0.110723169603277),
(0.9300671814988,-0.356341026271966,0.0894209756954183),(0.869616572488791,
-0.474327232124925,0.13704267115594),(0.949283706018532,-0.306993826633222,
0.0679355275008057),(0.86352621789387,-0.479018287921531,-0.157683070894229),
(0.814233456018853,-0.524922948978756,0.247951157962694),(0.843785981478084,
-0.53287078186676,-0.0638274807099166),(0.816124579761428,-0.535258075656468,
0.217806020930936),(0.821823155493745,-0.567623795020438,-0.0490910217952388),
(0.987278801192199,-0.150515813122917,-0.0512402060538603),(0.801242821359104,
-0.563795860396141,0.200360098374598),(0.818509457629433,-0.568138170502847,
-0.0852131855339875),(0.829926475899407,-0.55360924836089,0.0688392673586977),
(0.784292910352965,-0.567028030924177,0.251721756938742),(0.804919575116577,
-0.593375772327243,-0.0031097281549419),(0.762757986301847,-0.593952952954324,
0.255773618673997),(0.829478445650413,-0.555256833584952,-0.0604595481176328),
(0.833030877658548,-0.549981380061019,-0.0598334225463239),(0.989939029714483,
-0.137134411042694,0.0348549961400257),(0.925636029412185,-0.108832027705786,
0.362427276566613),(0.805216276860582,-0.561579408706674,0.190408285522044),
(0.750783960447658,-0.659720890255389,-0.0330422713378778),(0.856283845138856,
-0.500242211613258,-0.128591237160593),(0.720774439389783,-0.673591142734944,
0.163582333860892),(0.949042099938958,-0.0765099442342427,0.305720985502674),
(0.529316932715044,-0.0270073756599525,0.847994213660152),(0.469653783645129,
-0.559244967410492,0.683132776211076),(0.83101053462347,-0.533756399572911,
0.15660650452576),(0.827531703420576,-0.559894273741702,0.0413483018404938),
(0.566495101120889,-0.518287033152788,0.640672967801604),(0.435874873208937,
-0.812684605340165,0.386725777713607),(0.50897229785125,-0.543785728094706,
0.667266275140989),(0.566489453703418,-0.0117889371526336,0.823984659932219),
(0.167550882231253,0.0213927415878952,0.985631296414071),(0.115878494287204,
-0.444200894767626,0.888401789535214),(0.605895328877225,-0.498629702982395,
0.619886497472278),(0.118077621272819,-0.443474525232615,0.888475109850726),
(0.244374024404662,-0.835499175764411,0.492161013788433),(0.50880150961858,
-0.819579473239055,0.263458746021171),(0.0434032254959666,-0.399833396746587,
0.915559618409764),(0.228428550675628,0.00224414589772001,0.973558093307956),
(0.179754683928169,-0.84037139200297,0.511335679479611),(-0.00821816975965184,
-0.794441434007455,0.60728516334419),(0.0239736684066237,-0.440728031704397,
0.897320491960981),(0.611832737666009,-0.775121339306569,0.157631248398615),
(0.372925042524582,-0.855978902606381,0.358088021233347),(0.0951993734813047,
-0.794085097568586,0.60030487013538),(0.176841195469563,-0.835970710658746,
0.519499915789798),(0.00277727418224952,-0.737610193493156,0.675221066912981),
(-0.208772283098454,-0.506537165102397,0.83656095664326),(-0.0451423832533679,
-0.409209869351852,0.911322910970226),(0.127782717494141,-0.748170653984645,
0.651085439574563),(-0.306173131809603,-0.577234665934621,0.757006046079717),
(-0.0272941451911774,-0.389494828673844,0.920624140501766),(0.197401821913335,
-0.808410270959893,0.554531653300195),(-0.146616004430779,-0.552609493856861,
0.820442864887018),(-0.154320458785176,-0.499401539226936,0.852515864144533),
(-0.0503503582488927,-0.515673866481732,0.855304217721384),(-0.00581783777442314,
-0.456944266976486,0.889476300775322),(0.003192707179952,-0.448135509070681,
0.893959938772887),(-0.0294009819792275,-0.746405574762642,0.664841560239661),
(0.028038053284792,-0.399842509822542,0.916154918617375),(0.0137023402179154,
-0.415139503591503,0.909654570939075),(0.0246078186319471,-0.452059637198503,
0.891648215204929),(0.21930480907489,-0.807535760127447,0.547532096622666),
(0.285938815639487,-0.505891750746751,0.81382585989699),(0.140839698025521,
-0.50083451982696,0.85400758966755),(0.187319870976358,-0.815246252932946,
0.547982493348275),(-0.0727925502174097,-0.491769463491335,0.867677382101372),
(0.0288540069675422,-0.601129573203438,0.798630504364922),(-0.213670627559773,
-0.582794057628826,0.784025477462781),(-0.152190326051098,-0.60453659243892,
0.781903838754357),(0.0404084607190055,-0.175010436769112,0.983737009227672),
(-0.466121939020083,-0.193023364231041,0.863407388678768),(-0.235930905475366,
-0.577342224333124,0.781672926385233),(-0.6307777168471,-0.672306748287158,
0.387457233945512),(-0.150064859796202,-0.669947248157814,0.727084054659514),
(-0.422028086453567,-0.16623292794392,0.891212044303449),(-0.9434334566165,
-0.124667082127094,0.307231885667096),(-0.738554345076632,-0.643607711901934,
0.20076501823969),(-0.318457533857802,-0.652582969588189,0.687546556192865),
(-0.384861257634212,-0.645442259195877,0.659762155944349),(-0.744054563692226,
-0.646902492416248,0.167032845735256),(-0.773109843433006,-0.628784053152706,
0.0832573389428747),(-0.970066838080779,-0.143217180532066,0.196110093713725),
(-0.784188026047506,-0.619756197026225,-0.0308447086435631),(-0.742615947465093,
-0.647079100610062,0.172656283187711),(-0.886453206155997,-0.462424896968332,
0.0190768959629283),(-0.832701169601046,-0.532253177226528,-0.152693541046488),
(-0.761736776161121,-0.631929656254932,-0.1429055400927),(-0.444027256383739,
-0.74658414631671,0.495431032593719),(-0.713206426124516,-0.682036959201056,
0.161747272058827),(-0.873659938332085,-0.484514332233369,-0.0443190028546468),
(-0.838621004675382,-0.544694253423472,-0.00479382985711413),(-0.770881083262135,
-0.634677313010319,0.0541023457772315),(-0.799252854240687,-0.598482404843203,
0.0548970498406998),(-0.875792890428455,-0.403824009021384,0.264410632942151),
(-0.870695447224187,-0.465064789141704,0.160013062228228),(-0.785366801311676,
-0.619016963432568,0.00412145364999413),(-0.791810389375826,-0.592394690935204,
0.14867695661496),(-0.930849048994538,-0.365038842742941,-0.0163306850700672),
(-0.837980044264394,-0.540271247300875,-0.0767881810866869),(-0.864529470310527,
-0.501665296988549,-0.0303434467717627),(-0.912100613884493,-0.364146712360709,
0.188333857891826),(-0.783906714549195,-0.550448229168312,-0.287222927166612),
(-0.913211651441198,-0.401073238616505,-0.0720051174411099),(-0.824585664535499,
-0.53169655997588,-0.193280236838548),(-0.831517898977609,-0.4641758743128,
0.305153635708),(-0.816222360728292,-0.55626664498687,0.156039986933431),
(-0.808645181864333,-0.501966162334711,-0.306794624657217),(-0.888079799319216,
-0.452331044136226,-0.0819200619614801),(-0.6446206924749,-0.758042484785331,
-0.09917537039841),(-0.743375831044153,-0.560007504182319,-0.365764909578415),
(-0.735844865755405,-0.540105732623436,-0.408433753659895),(-0.702403528881119,
-0.551610746609554,-0.449838712029324),(-0.740110956896514,-0.603803707682062,
-0.296069002212526),(-0.722808765577382,-0.523949371929584,-0.450582449790374),
(-0.651315027444788,-0.597796135536341,-0.467363365447499),(-0.622736678773185,
-0.56448795398662,-0.541804742240729),(-0.433809334442305,-0.352118515688864,
-0.829350355555356),(-0.457310796111607,-0.65490738510626,-0.601633736332205),
(-0.556419833429325,-0.600791011209349,-0.573974851205635),(-0.20154521888848,
-0.682587556453333,-0.702462634250579),(-0.528302876267249,-0.297410572761547,
-0.795262863547268),(-0.00649501809321961,-0.312077509803071,-0.950034442857248),
(-0.278966578530603,-0.632481906087691,-0.722595520699243),(-0.0410455276238846,
-0.683084045207533,-0.729185471498843),(-0.631222526529625,-0.603970756261092,
-0.486597829406341),(-0.434103833064099,-0.606736165940627,-0.665901709758073),
(-0.033633422597841,-0.563835805915232,-0.825201779477163),(-0.238706031460174,
-0.56537379668184,-0.789539043094194),(0.0201010675487734,-0.631709621034228,
-0.774944450768048),(0.0687710342074899,-0.701701114392644,-0.709144619181555),
(0.0650785572498187,-0.332864434991244,-0.940726341347069),(-0.130717488231459,
-0.477437840493406,-0.868887821721223),(-0.149864847250167,-0.499308570377528,
-0.853364798375368),(0.0876843934558913,-0.260665604581511,-0.961438968282661),
(0.0421031570769541,-0.665581649078922,-0.745136492579404),(-0.135694229892858,
-0.530730948761403,-0.836607277042583),(-0.264411129619078,-0.443048524234709,
-0.856618211169369),(-0.155216307017175,-0.478517341826362,-0.864250572234339),
(-0.232507457008811,-0.508337662411019,-0.829176159455756),(0.139180350190928,
-0.784556890640465,-0.604234487156514),(-0.0718662448541612,-0.710868889699588,
-0.699643240879119),(0.418020120371751,-0.810766419838506,-0.409776758036174),
(0.176407811860705,-0.877107669986651,-0.446724097363358),(0.309809500317792,
-0.899675156780936,-0.307575496072165),(0.549976534547928,-0.790639589312651,
-0.269100076659547),(0.806288549585813,-0.568013439581235,-0.165104534346883),
(0.000161851143030867,-0.796495968418886,-0.604643817546056),(0.430492944563616,
-0.885302796035479,-0.175826004938717),(0.737426604300282,-0.672097755201799,
-0.0669821672003709),(0.530103735280351,-0.846271497862393,0.053052631862713),
(-0.171058567247565,-0.635729451830012,-0.752719755717307),(-0.138266318077558,
-0.716685399774198,-0.683552823881062),(0.524797002707698,-0.810447213721166,
0.260314078990391),(0.389483823844945,-0.910373494861936,0.139722764129486),
(0.731444000805724,-0.659664943378991,0.172718951369295),(0.376868990467704,
-0.882220301072392,0.282235902038689),(0.656253186533365,-0.682270906037025,
0.322239299186524),(0.470650513480208,-0.796750400264236,0.379047350392528),
(0.592206773263581,-0.727873604687155,0.345674924315411),(0.406494833553258,
-0.808389149046378,0.425756895421063),(0.323709129625716,-0.866265588593239,
0.380521128738169),(0.518171920563546,-0.811155044355241,0.271155591416686),
(0.275761962287098,-0.849827069088441,0.449165106391982),(0.343301961326347,
-0.859980311894356,0.377594526580522),(0.187303093397912,-0.906786121657405,
0.37769892874232),(0.140880275297394,-0.889196499058957,0.435295685819909),
(0.243473300778139,-0.863546394084939,0.441597528379743),(0.141606285323289,
-0.896547356325973,0.41970286849371),(0.302417557378892,-0.904921250754233,
0.299434718966221),(0.43070654183172,-0.86995210534001,0.240156634798719),
(0.219436152643249,-0.890863945686718,0.397755207619738),(0.303875074349107,
-0.889272321258768,0.341840134905731),(0.232574326459382,-0.924218023848665,
0.302869983764047),(0.188002888544846,-0.867404845246433,0.460720900699985),
(0.160130258912823,-0.914832952417215,0.370727621512228),(0.214452863772591,
-0.911065004697527,0.352094485096301),(0.186222008559112,-0.866217984169436,
0.463667733867312),(0.214930232802466,-0.903406476239543,0.371027941961155),
(0.185773119593736,-0.900171168128317,0.393929201896625),(0.193359055931168,
-0.900870388806762,0.38864484823623),(0.257469191024969,-0.895330061675204,
0.363446964953105),(0.250932975792381,-0.88412774747041,0.394145617523371),
(0.305653914068141,-0.88388448618124,0.354011157879169),(0.337545862405134,
-0.858187117432714,0.386752714593839),(0.280100598274184,-0.855894080398392,
0.434728625679786),(0.345315060023243,-0.865714439979164,0.362347923593755),
(0.30170384019875,-0.808530124035863,0.505226514878108),(0.364696923377132,
-0.849828742262642,0.380509215267582),(0.31056108392341,-0.841584006771111,
0.441914214185739),(0.106778151239275,-0.673720790458629,0.731230964143151),
(-0.0245387529053679,-0.918265963984532,0.39520307310724),(0.182867861345993,
-0.915031469214411,0.35955076920243),(0.340544388988202,-0.885678294881102,
0.315600185527759),(-0.167197077948704,-0.848922039288103,0.501374618759609),
(0.226455324726623,-0.937618102007968,0.26379969804747),(-0.105705074910498,
-0.951732550320718,0.288152025497286),(0.303887268984571,-0.900254374222177,
0.311760468056704),(0.22527174021061,-0.949056887468037,0.220326274901486),
(0.147085407610334,-0.947107910615883,0.285223576369343),(-0.18346008986432,
-0.975452351849643,0.121799444571706),(0.0599488109214792,-0.990381024126044,
0.124705922554421),(-0.328326862718534,-0.927904560849267,0.176619922920757),
(-0.416717938978443,-0.865248480301672,0.278731459776622),(-0.23922712840555,
-0.961594919165981,0.134557023112899),(-0.585281587050605,-0.799143458077286,
0.13716849956095),(-0.446802731977665,-0.884848251514263,0.131950333419228),
(-0.678549248397171,-0.719674467302732,0.147103972115521),(-0.493002232744462,
-0.849994754560986,0.185627895877164),(-0.325400175088373,-0.936627279522676,
0.129784688258696),(-0.685762939225009,-0.682245963141551,0.253514569527146),
(-0.368833545898779,-0.920519456290448,0.128863284183162),(-0.490130727749643,
-0.846079809148188,0.209572961680104),(-0.134018799484333,-0.989260277906452,
0.0583357861113328),(-0.246026059962675,-0.96919479193875,-0.011516644391692),
(-0.382387064587121,-0.919725690507753,0.0887963234401167),(-0.293716238179283,
-0.952794338630064,-0.0769007132886888),(-0.429499043425988,-0.899496027299118,
0.0802338368100691),(-0.653483640985544,-0.725155039808764,0.217046767320378),
(-0.30023189426626,-0.953394358386126,-0.0300001177130947),(-0.566583617934938,
-0.821128104757976,0.0687869134671005),(-0.311780796143101,-0.949212018312841,
-0.0422998752579413),(-0.512592710359014,-0.857913015809534,-0.0351279175498677),
(-0.217370210806852,-0.975096779063362,-0.0440052600724316),(-0.195892784072748,
-0.972174098074142,-0.128466105187147),(-0.263309954611826,-0.962969591092842,
-0.0579433726391864),(-0.726311269409798,-0.662796033876846,-0.182135546792631),
(-0.159141278216519,-0.981195236023965,-0.109224367114162),(-0.204780545137273,
-0.978733265757685,-0.0120881277531725),(-0.236026021979765,-0.956381064884695,
-0.172124883960524),(-0.247773195710175,-0.957874093813921,-0.145209035144949),
(-0.182996113145192,-0.983104451230109,-0.00424977002875792),(-0.271020247532752,
-0.961968675666576,-0.0341217300789461),(-0.210385380824461,-0.974488171174375,
-0.0781715790845327),(-0.212669655084161,-0.960851725147256,-0.177582600746599),
(-0.722277143978127,-0.634512761951239,-0.27515319770595),(-0.539998947241294,
-0.634464831543908,-0.553042054921916),(-0.228528390491045,-0.973406426885467,
0.015959412195971),(-0.46228131670057,-0.613855291352533,-0.63990441904091),
(-0.154279734102265,-0.931802701294412,-0.328544501560703),(-0.229273204222033,
-0.95378908465096,-0.194216837134287),(-0.184173910436182,-0.897203989673413,
-0.401378838043008),(-0.261451618796654,-0.560942140166647,-0.785485178990584),
(-0.0928572755105186,-0.809715442451462,-0.579429399185437),(-0.248195728839996,
-0.899264990509826,-0.360168511989799),(-0.306896695193123,-0.951419593674683,
-0.02480272669365),(-0.15970550107638,-0.652357744935484,-0.74089373431595),
(-0.352783229865595,-0.923612904756324,-0.149943972513686),(-0.244505671726759,
-0.822554861625648,-0.513439846631967),(-0.35551089365222,-0.933670403146324,
0.0432617935733309),(-0.42494942195097,-0.904389839772807,0.0386911682332369),
(-0.377829792688815,-0.869658711020012,-0.317708001321555),(-0.454025326610035,
-0.887588216448706,-0.0777699223225501),(-0.291633371939491,-0.834901411020975,
-0.466786471790248),(-0.217439678355687,-0.633138296712767,-0.742870031373074),
(-0.151409524107527,-0.603621174343286,-0.782762182207319),(-0.394344208799659,
-0.848538425890726,-0.352810409105314),(-0.177632313789322,-0.575987462338209,
-0.797925563149246),(-0.213479022390873,-0.692903926890497,-0.688702297875334),
(-0.26043805505981,-0.767256231402004,-0.586080109585249),(-0.354311351683902,
-0.91102559871181,-0.210940334122507),(-0.415599133172009,-0.908310026777485,
-0.0474368607957954),(0.00383344498143858,-0.918210796051004,0.396073526904988),
(-0.0546065481138947,-0.958021642174168,0.281447433864649),(-0.133131782563037,
-0.939624638493427,0.315248262814698),(0.0443279572822465,-0.929052821148826,
0.367281755221506),(-0.127024752448457,-0.978149114279987,0.164587431168619),
(-0.228202374542838,-0.94395076944983,0.238496585107804),(-0.294987653026423,
-0.94144443414264,0.163293178007557),(-0.342752928633275,-0.922597347980352,
0.177015715158101),(0.0733212871378021,-0.987205402197152,0.141596196012518),
(0.154119327815592,-0.947804623510961,0.27913012815695),(0.000573349524185234,
-0.99945317846614,0.033060782269222),(-0.120645705703224,-0.990753752628555,
-0.0620613837084475),(-0.22598350251088,-0.9728830787843,0.0492947421952483),
(0.263280983871705,-0.926232101365606,0.269772529979241),(0.169515919975514,
-0.976022352688699,0.136545669747786),(0.0763829952575254,-0.996918479312126,
0.017865711334503),(-0.0857346892518448,-0.991777525754544,-0.095010012457025),
(-0.210051671518567,-0.965246170390935,-0.155493169746749),(-0.231104736268971,
-0.963527621819058,-0.134926360900156),(-0.317768896882821,-0.947622733526701,
-0.0321571621455912),(-0.390536427695791,-0.915348928752853,0.0980695532446968),
(-0.420073720333815,-0.901665675326701,0.102650277264857),(-0.312737131342655,
-0.928509761460289,-0.200162707696825),(-0.357642441756599,-0.933542185920196,
-0.024307837454631),(-0.36043248800257,-0.921152005266295,0.146858451531268),
(-0.316455026612583,-0.920198590674604,0.2304143438506),(-0.202358805738943,
-0.932076923403244,0.300472166097048),(-0.0930665211662328,-0.933573540449671,
0.346091125587297),(0.0232762516667786,-0.92101688496156,0.388826585670332),
(0.115284860751563,-0.913882905688797,0.389265250916767),(0.275654659327113,
-0.893181333282043,0.355304960094516),(-0.149070314649805,-0.934449573397458,
0.323391459484502),(-0.273684483000213,-0.923814482914384,0.26770058819983),
(0.333125168163134,-0.890660692719306,0.309436831649126),(0.355237838335142,
-0.913484825737815,0.19837225451592),(0.384603963393112,-0.92304951214339,
0.00770645665397996),(0.371374096712566,-0.927912484690301,-0.0325530497311247),
(0.317585499441222,-0.935564577762273,-0.154461553084156),(0.247193340830722,
-0.919300755391301,-0.306237772630891),(0.107538762099849,-0.875543623214318,
-0.471018872758593),(0.19416848655829,-0.910775469799783,-0.364399015419428),
(0.286304912659891,-0.928784508543054,-0.235348324143702),(0.360325151698982,
-0.930320331060578,0.0683364227073812),(-0.0997754940373721,-0.810548605567786,
-0.577109875848366),(-0.173646602409393,-0.787597743019549,-0.591216248645271),
(-0.0256909019716823,-0.836976879417409,-0.546634869795714),(-0.211306350577437,
-0.774198057577886,-0.596629695747935),(-0.30504276309636,-0.930060452518263,
-0.204783952848026),(0.191237850709974,-0.0878281680513122,0.977606412291051),
(0.945818926963516,-0.315895110496569,0.0750788689442271),(0.992391777161659,
-0.122747500434081,-0.00957140319436643),(0.915925590271912,-0.191554180398819,
0.352685850377904),(0.851571107485303,-0.204679768164345,0.48263116497015),
(0.97498894542097,-0.153859748561724,0.1603862028961),(0.986310055705811,
-0.017293345901349,-0.163992116277391),(0.960435923226593,-0.165403443802419,
-0.224063692181892),(0.940460380939909,-0.33961069311731,-0.0141013830080856),
(0.96769588477114,-0.251656689179957,0.0152835005147058),(0.955741813007615,
-0.00882223212005691,-0.29407440400235),(0.947406586279326,-0.0294083056635462,
-0.318678383064421),(0.770202774401918,-0.206620050997742,0.603403547246186),
(0.0830045578775594,0.093082153316267,-0.992192499520913),(0.138500871957989,
0.0283689600571662,-0.989955913448751),(0.231541619911469,0.046151450530468,
-0.971729654720235),(0.594109603292332,-0.0191852913785106,-0.804155273483019),
(0.33330961525332,0.0714077050436162,-0.940109376636617),(0.230176484984815,
-0.000690035762888047,-0.973148657508544),(0.0500819276731034,0.11787184098635,
-0.991765108089125),(0.10009061314796,0.287298357851774,0.952597251064341),
(0.137741232799645,0.292103634329268,0.94641577522697),(0.138140924114599,
0.268944696432026,0.953197689540764),(-0.364028163736615,-0.0335411106385239,
-0.930783804061761),(-0.279924173060125,-0.157049495697972,-0.947089179136589),
(-0.434357010749272,-0.0306257161682077,-0.900220002400603),(-0.201976362450175,
-0.194094219251339,-0.959965094711578),(-0.193057322503653,0.206239519016219,
0.959267497116252),(-0.449244998198154,0.11352020279853,0.88616708083212),
(-0.265475164918197,0.193014103835422,0.944599646692854),(-0.00503256683033528,
0.230965041418183,0.972949034078248),(-0.890790951180574,0.0340873923548519,
0.453133016869501),(-0.986767600503841,-0.0770262418721915,0.142676769864401),
(-0.986942849360143,-0.14804656632591,-0.0634509755322243),(-0.96731061920175,
-0.165100656621882,-0.192488802693949),(-0.994391096432725,-0.0785045602434669,
0.0708758164418839),(-0.97991549486299,-0.07247286609436,0.185777572940036),
(-0.959502787440812,-0.165419577205228,0.228014833663417),(-0.99131529340716,
0.0267731423800516,0.128752428731164),(-0.963936669971284,0.0104970248618841,
0.265924629836575),(-0.870471552095451,-0.347361118779928,-0.348739917635611),
(-0.930788871794988,-0.173757923913125,-0.321621299077059),(-0.847754041261546,
-0.267664471334969,-0.457896075883697),(0.258636917428861,-0.197413734831355,
0.945586993482267),(0.328238526781562,-0.278337399399226,0.902655948649288),
(0.757558610527579,-0.339083708870059,0.557787764292521),(-0.510157880222535,
0.0719591115339974,0.857065238773623),(-0.862277893721133,0.0717685395134434,
0.501324356814981),(0.0818687535176695,0.102574584872719,0.991350574587846),
(-0.751484357268181,-0.207601842989612,-0.626236964390115),(-0.361381388698244,
-0.0349498441681178,-0.931762845521945),(-0.948439944765867,-0.0341500471110495,
-0.315111798342799),(-0.163627692566632,-0.0669063341622218,0.984250740753743),
(0.192941260248138,0.267761989717798,0.943968848509434),(-0.163627692566632,
-0.0669063341622218,0.984250740753743),(0.228614017371084,-0.0609136033139844,
0.971609573847829),(-0.244974075216975,0.0127558646422264,-0.969445712966341),
(0.158296171668128,0.0129908712287187,-0.987306213542654),(0.574865378849558,
-0.184370374635044,-0.797205971601498),(0.948522930433587,-0.0702394581288084,
-0.308821419210928)),$,(401,401,396,396,367,370,419,419,391,391,391,426,
412,412,412,361,361,361,417,425,316,314,303,303,350,350,379,379,297,390,
390,390,390,418,418,418,393,393,393,421,424,406,436,444,435,431,442,429,
430,413,415,428,428,410,423,438,416,416,411,411,414,395,407,389,366,366,
366,409,409,398,398,360,384,313,313,311,354,225,225,132,222,135,79,80,298,
220,86,143,56,52,62,62,92,92,25,25,36,16,24,46,40,18,64,64,51,51,31,45,
11,9,21,39,3,10,5,14,20,27,28,30,19,19,19,32,29,33,33,35,34,38,38,59,41,
41,58,58,58,84,42,55,87,65,65,134,138,138,91,226,224,224,223,223,144,221,
374,345,385,385,353,372,372,388,332,342,342,376,356,356,322,322,392,363,
378,287,287,279,269,269,293,293,331,331,331,331,260,344,344,344,369,348,
387,408,375,352,405,386,399,399,381,381,373,404,404,359,382,355,349,357,
346,383,403,403,403,403,358,341,341,394,394,394,394,380,380,380,377,377,
377,377,362,362,362,351,347,347,339,335,335,338,333,320,323,280,280,289,
270,270,270,288,219,216,154,163,214,214,104,171,117,261,261,212,212,129,
179,89,71,71,71,107,107,148,57,57,57,57,73,73,48,48,68,98,49,94,72,121,
111,99,108,74,47,90,106,44,67,67,43,69,82,54,77,70,101,95,88,93,93,76,63,
96,100,66,83,75,75,97,102,103,103,103,112,118,105,115,131,124,164,153,153,
172,152,218,218,217,215,181,213,304,277,327,284,302,336,336,267,324,340,
328,253,246,329,319,343,309,337,326,334,321,299,330,291,310,282,272,285,
268,296,325,278,318,286,292,276,271,273,265,266,263,257,258,252,251,254,
247,229,233,186,186,186,195,236,162,199,176,240,205,184,184,193,157,141,
169,126,146,120,133,158,116,149,127,182,168,139,156,122,113,142,110,123,
109,128,147,114,114,151,130,161,166,155,170,140,119,119,119,160,125,125,
150,145,145,145,159,167,165,173,174,177,183,178,188,190,190,187,192,208,
207,204,204,200,259,242,245,255,211,237,201,206,238,250,202,194,197,244,
231,198,189,175,180,185,191,196,209,203,210,230,243,256,264,275,283,249,
239,294,300,308,307,301,290,274,281,295,306,248,241,262,235,235,365,433,
446,441,439,443,445,440,432,434,434,427,437,232,317,371,402,400,368,312,
234,228,305,60,85,61,136,78,50,53,81,23,7,1,4,2,8,12,15,17,13,6,22,397,
422,422,26,26,137,37,37,37,315,315,364,364,227,227,420,420),((1,3,5),(1,
5,6),(7,9,4),(12,13,8),(7,15,9),(3,16,5),(3,11,16),(12,19,13),(20,19,12),
(6,5,21),(6,21,22),(5,16,23),(5,24,21),(10,25,17),(14,27,10),(10,27,25),
(16,29,23),(18,26,29),(19,30,13),(14,33,27),(20,34,19),(34,37,19),(19,39,
30),(40,34,20),(40,41,35),(41,42,36),(36,42,38),(43,41,40),(44,45,43),(45,
46,43),(43,46,41),(47,45,44),(45,48,46),(49,48,45),(47,49,45),(46,50,41),
(41,50,42),(48,51,46),(46,51,50),(49,52,48),(53,54,48),(48,54,51),(55,52,
49),(56,49,47),(56,55,49),(55,57,52),(57,59,52),(53,60,54),(61,57,55),(62,
63,61),(61,63,57),(62,64,63),(65,64,62),(63,68,57),(58,69,60),(64,70,63),
(63,71,68),(65,72,64),(72,73,64),(64,73,70),(74,72,65),(74,76,72),(76,77,
72),(72,77,73),(78,76,74),(80,81,78),(78,81,76),(80,82,81),(83,82,80),(84,
83,80),(81,85,76),(76,85,77),(82,86,81),(81,86,85),(83,87,82),(87,88,82),
(82,88,86),(89,87,83),(90,83,84),(90,89,83),(89,91,87),(91,93,87),(87,93,
88),(95,89,90),(95,97,89),(98,97,96),(97,91,89),(98,99,97),(99,100,97),
(97,100,91),(99,101,100),(102,101,99),(100,103,91),(92,104,94),(101,105,
100),(100,106,103),(102,107,101),(107,108,101),(101,108,105),(109,107,102),
(110,109,102),(109,111,107),(111,112,107),(107,112,108),(113,109,110),(113,
114,109),(115,114,113),(114,111,109),(115,116,114),(116,117,114),(114,117,
111),(116,118,117),(119,118,116),(117,120,111),(111,120,112),(118,121,117),
(117,123,120),(119,124,118),(124,125,118),(118,125,121),(126,124,119),(126,
128,124),(128,129,124),(124,129,125),(130,128,126),(132,133,131),(130,134,
128),(132,135,133),(138,136,132),(134,139,128),(128,139,129),(137,140,134),
(134,140,139),(138,141,136),(141,142,136),(137,143,140),(144,141,138),(144,
145,141),(145,147,141),(141,147,142),(148,149,144),(22,149,148),(149,145,
144),(22,21,149),(21,151,150),(150,151,146),(21,24,151),(152,153,145),(145,
153,147),(23,154,152),(152,154,153),(23,29,154),(32,155,28),(28,155,156),
(28,156,26),(32,157,155),(38,158,31),(157,159,155),(157,160,159),(162,161,
158),(38,162,158),(155,159,163),(155,163,156),(160,164,159),(162,166,161),
(166,167,161),(160,168,164),(159,169,163),(159,165,169),(42,162,38),(171,
166,162),(42,171,162),(166,172,167),(173,172,166),(171,173,166),(26,156,
174),(26,174,29),(156,163,176),(156,176,174),(163,169,177),(163,177,176),
(165,179,169),(168,181,164),(165,184,179),(170,185,178),(170,180,185),(172,
186,167),(168,188,181),(173,189,172),(189,190,172),(172,190,186),(191,189,
173),(192,173,171),(192,191,173),(191,193,189),(193,194,189),(189,194,190),
(50,171,42),(50,192,171),(51,192,50),(51,195,192),(54,195,51),(195,191,
192),(195,196,191),(197,196,195),(54,197,195),(196,193,191),(197,199,196),
(199,201,196),(196,201,193),(60,197,54),(202,200,198),(60,203,197),(199,
204,201),(205,204,200),(202,205,200),(201,206,193),(193,206,194),(204,207,
201),(201,207,206),(205,208,204),(208,209,204),(204,209,207),(210,208,205),
(211,205,202),(211,210,205),(210,215,208),(215,216,208),(208,217,209),(69,
203,60),(69,212,203),(71,213,68),(71,218,213),(73,219,70),(221,210,214),
(221,222,210),(225,223,220),(73,226,219),(222,215,210),(225,229,223),(231,
232,224),(222,232,215),(77,227,73),(233,230,228),(77,234,227),(231,235,
232),(236,235,231),(233,237,230),(232,238,215),(215,238,217),(235,239,232),
(232,239,238),(236,240,235),(240,241,235),(235,241,239),(242,240,236),(244,
237,233),(244,243,237),(242,245,240),(245,248,240),(240,248,241),(85,234,
77),(85,244,233),(86,244,85),(86,249,244),(88,249,86),(249,243,244),(249,
250,243),(251,250,249),(88,251,249),(250,246,243),(251,252,250),(252,253,
250),(250,253,247),(93,251,88),(255,252,251),(94,255,251),(252,256,253),
(257,256,252),(255,257,252),(254,258,245),(245,258,248),(256,260,253),(253,
260,259),(257,262,256),(262,263,256),(256,263,260),(264,262,257),(265,257,
255),(265,264,257),(264,268,262),(268,270,262),(262,270,263),(104,255,94),
(104,266,255),(106,267,103),(106,271,267),(108,272,105),(274,264,265),(274,
275,264),(277,276,273),(108,278,272),(275,268,264),(277,279,276),(279,280,
276),(276,280,269),(112,278,108),(281,279,277),(112,281,278),(279,282,280),
(283,282,279),(281,283,279),(280,284,269),(268,284,270),(282,285,280),(280,
285,284),(283,286,282),(286,287,282),(282,287,285),(288,286,283),(289,283,
281),(289,288,283),(288,290,286),(290,291,286),(286,291,287),(120,281,112),
(120,289,281),(122,289,120),(122,292,289),(125,292,122),(292,288,289),(292,
293,288),(295,293,292),(125,295,292),(293,290,288),(295,296,293),(296,297,
294),(293,297,290),(129,295,125),(298,296,295),(129,298,295),(296,299,297),
(300,299,296),(298,300,296),(297,301,290),(290,301,291),(299,302,297),(297,
302,301),(300,303,299),(303,304,299),(299,304,302),(306,303,300),(307,300,
298),(307,306,300),(306,308,303),(308,309,303),(303,309,304),(139,298,129),
(139,307,298),(140,307,139),(140,310,307),(143,310,140),(310,306,307),(310,
311,306),(312,311,310),(143,312,310),(311,308,306),(312,314,311),(314,315,
311),(311,315,308),(147,313,142),(316,314,312),(147,317,313),(314,319,315),
(320,319,314),(316,320,314),(315,321,308),(308,321,309),(319,322,315),(315,
322,321),(320,323,319),(323,324,319),(319,324,322),(325,323,320),(326,320,
316),(326,325,320),(325,328,323),(328,329,323),(323,329,324),(153,318,147),
(153,327,318),(154,327,153),(154,330,327),(29,330,154),(331,325,326),(331,
332,325),(175,332,331),(29,174,330),(332,328,325),(174,176,332),(176,333,
332),(332,333,328),(176,178,333),(333,334,328),(328,334,329),(178,335,333),
(333,335,334),(178,185,335),(187,336,182),(183,336,337),(183,337,180),(187,
338,336),(190,338,186),(338,339,336),(338,340,339),(341,340,338),(190,341,
338),(336,339,343),(336,343,337),(341,344,340),(194,342,190),(345,344,341),
(194,345,342),(345,346,344),(180,337,347),(180,347,185),(337,343,348),(337,
348,347),(349,350,346),(351,346,345),(351,349,346),(349,352,350),(206,345,
194),(206,351,345),(207,351,206),(207,353,351),(209,353,207),(353,349,351),
(353,354,349),(355,354,353),(209,355,353),(354,352,349),(355,356,354),(356,
357,354),(354,357,352),(217,355,209),(358,356,355),(217,358,355),(356,359,
357),(360,359,356),(358,360,356),(352,357,361),(357,359,362),(357,362,361),
(360,363,359),(359,363,364),(359,364,362),(365,363,360),(366,360,358),(366,
365,360),(365,367,363),(367,364,363),(238,358,217),(238,366,358),(239,366,
238),(239,368,366),(241,368,239),(368,365,366),(368,369,365),(370,369,368),
(241,370,368),(369,367,365),(370,371,369),(371,372,369),(369,372,367),(248,
370,241),(373,371,370),(248,373,370),(371,374,372),(375,374,371),(373,375,
371),(372,376,367),(367,376,364),(374,377,372),(372,377,376),(375,378,374),
(378,379,374),(374,379,377),(380,378,375),(381,375,373),(381,380,375),(380,
382,378),(378,382,379),(258,373,248),(258,381,373),(261,381,258),(261,383,
381),(263,383,261),(383,380,381),(383,384,380),(385,384,383),(263,386,383),
(384,382,380),(385,388,384),(388,389,384),(384,389,382),(270,386,263),(390,
388,387),(270,390,386),(388,391,389),(392,391,388),(390,392,388),(382,389,
393),(382,393,379),(389,391,394),(389,394,393),(392,395,391),(391,395,397),
(391,397,394),(398,396,392),(399,392,390),(399,398,392),(398,400,396),(400,
397,396),(284,390,270),(284,399,390),(285,399,284),(285,401,399),(287,401,
285),(401,398,399),(401,402,398),(403,402,401),(287,403,401),(402,400,398),
(403,404,402),(404,405,402),(402,405,400),(291,403,287),(406,404,403),(291,
406,403),(404,407,405),(408,407,404),(406,408,404),(405,409,400),(400,409,
397),(407,410,405),(405,410,409),(408,411,407),(411,412,407),(407,412,410),
(413,411,408),(414,408,406),(414,413,408),(413,415,411),(411,415,412),(301,
406,291),(301,414,406),(302,414,301),(302,416,414),(305,416,302),(416,413,
414),(416,417,413),(418,417,416),(305,418,416),(417,415,413),(418,419,417),
(419,420,417),(417,420,415),(309,418,305),(421,419,418),(309,422,418),(419,
423,420),(424,423,419),(421,424,419),(415,420,425),(415,425,412),(420,423,
426),(420,426,425),(424,427,423),(423,427,428),(423,428,426),(429,427,424),
(430,424,421),(430,429,424),(429,433,427),(433,428,427),(321,422,309),(321,
431,422),(322,432,321),(322,434,432),(324,434,322),(435,429,430),(435,436,
429),(437,436,435),(324,438,434),(436,433,429),(437,440,436),(440,441,436),
(436,441,433),(329,438,324),(442,440,439),(329,442,438),(440,443,441),(444,
443,440),(442,444,440),(441,445,433),(433,445,428),(443,446,441),(441,446,
445),(444,447,443),(447,448,443),(443,448,446),(449,447,444),(451,444,442),
(451,450,444),(449,452,447),(447,452,448),(334,442,329),(334,451,442),(335,
451,334),(335,453,451),(185,453,335),(453,450,451),(453,454,450),(347,454,
453),(185,347,453),(454,452,449),(347,348,454),(348,455,454),(454,455,452),
(452,456,457),(452,457,448),(458,459,460),(361,362,458),(362,461,458),(458,
461,459),(460,462,463),(460,459,462),(362,364,461),(464,463,462),(465,463,
464),(466,462,459),(467,459,461),(467,466,459),(466,468,462),(469,462,468),
(469,470,462),(464,462,470),(376,461,364),(376,467,461),(377,467,376),(377,
471,467),(379,471,377),(471,466,467),(471,472,466),(393,472,471),(379,393,
471),(472,468,466),(393,394,472),(394,473,472),(472,473,468),(394,397,473),
(474,468,473),(474,469,468),(409,473,397),(409,474,473),(410,474,409),(410,
475,474),(412,475,410),(475,469,474),(475,476,469),(425,476,475),(412,425,
475),(476,470,469),(425,426,476),(426,477,476),(476,477,470),(426,428,477),
(478,470,477),(478,464,470),(445,477,428),(445,478,477),(446,478,445),(446,
479,478),(448,479,446),(479,464,478),(479,465,464),(457,465,479),(448,457,
479),(457,456,480),(457,481,482),(463,465,483),(460,463,484),(458,460,485),
(458,486,487),(488,361,487),(487,361,458),(485,486,458),(485,460,489),(484,
489,460),(484,463,490),(483,490,463),(483,465,482),(482,465,457),(480,481,
457),(352,361,488),(352,491,492),(493,346,350),(346,493,494),(340,344,495),
(339,340,496),(497,339,498),(496,498,339),(496,340,499),(495,499,340),(495,
344,494),(494,344,346),(350,500,493),(500,350,492),(492,350,352),(488,491,
352),(343,339,497),(348,343,501),(501,502,348),(501,343,503),(497,503,343),
(504,455,348),(348,502,504),(480,456,505),(65,62,506),(40,20,507),(47,44,
508),(56,47,509),(509,510,56),(509,47,511),(508,511,47),(508,44,512),(512,
44,513),(513,40,514),(507,514,40),(507,20,515),(513,43,40),(44,43,513),
(515,20,12),(517,12,8),(516,12,517),(518,56,510),(22,148,519),(6,22,520),
(2,6,521),(522,2,523),(521,523,2),(521,6,524),(520,524,6),(520,22,525),
(519,525,22),(79,75,526),(526,527,79),(526,75,528),(132,131,529),(530,132,
531),(529,531,132),(532,144,138),(530,138,132),(532,138,530),(148,144,532),
(90,84,533),(534,90,535),(533,535,90),(533,84,536),(95,90,534),(98,96,537),
(113,110,538),(115,113,539),(539,540,115),(539,113,541),(538,541,113),(538,
110,542),(542,110,543),(543,98,544),(544,98,545),(537,545,98),(543,102,
99),(110,102,543),(543,99,98),(546,115,547),(547,115,540),(546,116,115),
(548,126,119),(546,119,116),(548,119,546),(549,62,61),(549,61,550),(506,
62,549),(534,552,95),(537,96,553),(554,79,527),(554,80,78),(84,80,554),
(536,84,554),(555,127,548),(529,131,556),(557,130,126),(558,66,560),(75,
67,559),(559,528,75),(562,148,532),(519,148,563),(564,4,2),(564,2,522),
(517,8,565),(564,7,4),(506,561,65),(551,55,56),(551,56,518),(551,61,55)),
());
#1812=COMPLEX_TRIANGULATED_FACE('ConvergentBody',#1822,556,((0.492699453286581,
0.0154844215288516,-0.870061768738876),(0.791305167133792,0.0740874468627429,
-0.606916124917375),(0.217378281076061,-0.0948176247254035,-0.97147120438943),
(0.362660717431553,-0.0124188513532509,-0.931838492531349),(0.790114238415385,
0.0739681421298187,-0.608480241423777),(0.982960692047536,0.0707725114214495,
-0.16964530502354),(0.832973436102269,-0.123142911433681,-0.539435888787181),
(0.349530051852688,-0.0807399902871249,-0.93343976603758),(-0.0852611274709645,
-0.110341429154136,-0.990229927418174),(0.237374233856396,-0.0558748786289313,
-0.969810018013472),(-0.195118023893659,-0.291475323950886,-0.936467347150748),
(-0.0931575777793277,0.0747052114115059,-0.992844800102338),(0.85093102463113,
-0.145729784026642,-0.504657528793302),(0.98459614376585,-0.163590030838529,
-0.061714953549905),(0.983467438884398,0.0380603815807664,-0.177040119769755),
(-0.152316851326134,-0.166247415051217,-0.974249133328268),(-0.0383946714202073,
-0.422117580512612,-0.905727661843621),(0.0431014484579525,-0.047546858622393,
-0.997938656118686),(-0.0365899059507581,-0.189946190207939,-0.981112441878098),
(0.240957490464337,-0.272456605998356,-0.93150785591802),(-0.153940985156604,
-0.0660009390864726,-0.985873241917397),(0.847414126105319,-0.358665865988244,
-0.391469150064295),(0.415923593716399,-0.319044759240645,-0.851597326082647),
(0.974606898478509,-0.211525819404869,-0.0734725878351894),(0.916918542957654,
-0.364215271526425,-0.163118428043386),(0.995110480053122,-0.0547914723395503,
-0.0821768035841535),(0.972590230597686,-0.215018053689879,-0.0885182463301052),
(0.942126267509318,-0.33109364604737,-0.052679157320711),(0.995936397631367,
-0.0731989756679772,0.0524652440594125),(0.996477417464032,-0.01827404591639,
0.0818462933189977),(0.991462784666681,-0.128971091523974,-0.0191834348359579),
(0.972604753706511,-0.173985194079067,0.154172453145064),(0.980837902085359,
-0.0761449684024913,0.179329176710807),(0.937935592642547,-0.317715859584406,
-0.139044800775927),(0.961644480350172,-0.272751914727634,-0.0290910024656472),
(0.913232519637146,-0.27057955698842,0.304619547004359),(0.955456244220936,
-0.220638322348931,0.1960155506338),(0.910094494701168,-0.182329779932708,
0.372134198998582),(0.770196331476824,0.0354951212902773,0.63681842572607),
(0.783889569832104,-0.33679827805346,0.521616777154131),(0.89759133184469,
-0.249074042949282,0.36371956522323),(0.706761396098019,-0.329333002282193,
0.626121475908131),(0.489726295494936,-0.109372033142688,0.864988967482847),
(0.238454499303541,-0.171419232903,0.95590527687258),(0.583431295626822,
-0.18590692131838,0.790598848904506),(0.26830048287217,-0.300093314657635,
0.915400924944013),(0.580630964826512,-0.216581716165527,0.784831219376134),
(0.712214666098334,-0.327127163661024,0.621078165925621),(0.501629716925143,
-0.170706809818846,0.848072409749942),(0.280590744771875,-0.106155009216222,
0.953939174144069),(0.855849514644675,-0.277206872406192,0.436666873226322),
(0.767089204151537,-0.279790909550797,0.577313779332262),(0.370896667905758,
-0.129549188385453,0.919593752439128),(0.511878537077354,-0.306891118509592,
0.802370366264532),(0.304410791254987,-0.0695608291924503,0.949997558528216),
(-0.117326391988839,-0.41377704655606,0.902786283395038),(-0.119199896729546,
-0.0478009738154111,0.991718937765113),(0.135785107997368,-0.29532616978084,
0.945698079668518),(-0.103189931868358,-0.0312067798153934,0.994172004662451),
(0.228715188254176,-0.331217221180084,0.915414941464034),(-0.24398694492148,
-0.332147814656716,0.911124689560463),(0.177300222115674,-0.166586354141591,
0.969955472097325),(-0.179351907736794,-0.409898647367273,0.894324321528634),
(-0.0123387599123412,-0.0251630803584986,0.999607210053377),(0.0358742963434784,
-0.00326148818224612,0.999350988170171),(0.0379404664582425,-0.0674292391680445,
0.997002416601961),(-0.0868535747384633,-0.449722246421664,0.888935519387431),
(0.0893957915379965,-0.0718480244097748,0.993401355869674),(-0.0382826121175983,
0.1062855606175,0.993598420496771),(0.104944030052018,-0.322775834306207,
0.940639416218762),(0.115351091015057,-0.261429120785852,0.958305243962889),
(0.0575205650534972,-0.0547537780598792,0.996841716815712),(0.0773753334049834,
-0.294751971122259,0.95243599958213),(-0.135451034873113,0.185208077605597,
0.973319569895439),(-0.725960645254482,0.0887400470895825,0.681987056757117),
(-0.00491037495741248,0.144856061243664,0.989440553918602),(-0.712101498857315,
0.11829879534139,0.692038185612572),(-0.70600302183266,-0.239678974591415,
0.666418578899149),(0.0245663712023887,-0.199441978902987,0.979601648864071),
(0.083231334924839,-0.239158994747209,0.967406595035476),(0.0290273470111255,
-0.600527234992879,0.799077251057308),(-0.722839007692044,0.0807342796641676,
0.68628401194104),(-0.918892827180896,0.0147314462999392,0.394232110114603),
(-0.96975002476287,-0.0691154142646083,0.234110975785939),(-0.963085006250791,
-0.0477520864689651,0.264928309119229),(-0.677461357567353,-0.213707687621555,
0.703828909078369),(-0.706433650972604,0.122804310784677,0.697044186566546),
(-0.991885059727636,-0.0488278546592213,0.117387686315397),(-0.988182721282964,
-0.152154571445,0.018544426283499),(-0.650039793711462,-0.189753441176544,
0.735827356214228),(-0.480885282023039,-0.670979872567364,0.564389365724679),
(0.0778818004983545,-0.592095368601848,0.802095692315684),(0.0508295617266304,
-0.176064949980721,0.983065353393641),(-0.957697747184361,-0.136987273522665,
0.253080050440226),(-0.817020566731545,-0.549416728932514,0.17498186050777),
(-0.454124416104113,-0.654778188814162,0.604182537112207),(-0.616716020137615,
-0.16173679939886,0.770391172214372),(-0.994852095141607,-0.0923683580659415,
-0.0416820731317042),(-0.97727840288283,-0.211462654726938,-0.014507546816097),
(-0.81166882455851,-0.539326782599696,0.224321957932047),(-0.987809418627624,
-0.140888441531318,0.0662042257973972),(-0.9920791893961,-0.125432515677969,
0.00675025761531749),(-0.883233726473122,-0.394606782881569,0.253344965065934),
(-0.953388746401976,-0.249168865979414,-0.170190406488147),(-0.995258673939238,
-0.0674916106638833,0.070036093828148),(-0.996576752540045,-0.0705889198251314,
-0.0430346452832906),(-0.996463835522606,-0.0840189138334245,0.000804123018768837),
(-0.890003132628413,-0.328982578553731,0.315697461060031),(-0.989806740841546,
-0.110851542446495,-0.0894122548752088),(-0.978180844261535,-0.0509959901042718,
-0.20139921775686),(-0.908043877052477,-0.244069375137702,0.340421000332527),
(-0.941102487181347,-0.247632085520672,-0.230226972446246),(-0.98476318446329,
-0.169462730548214,-0.0390365659460975),(-0.911239634882516,-0.402017485977611,
0.0895782830122394),(-0.901207493973378,-0.222091195528644,0.372156625192783),
(-0.945978967542504,-0.199866431271154,-0.255298262074288),(-0.993956648157028,
-0.091247442692461,-0.0610252880905195),(-0.814293956806783,-0.560605128534294,
-0.150490005545222),(-0.865495157425671,-0.0827923065530711,-0.494027900475606),
(-0.896782206442947,-0.213093840700994,-0.387779175901206),(-0.838948373292736,
-0.419025798546166,-0.347250640175392),(-0.762690661171764,-0.046859173224309,
-0.64506369704558),(-0.532414964689639,-0.0459327689055218,-0.845236349262857),
(-0.745229753001188,-0.222110114827268,-0.628728647457078),(-0.475997956833419,
-0.24744383540329,-0.843917942344704),(0.0515286352030685,-0.314640227274422,
-0.947811335200634),(-0.254140046804634,-0.0114182238952418,-0.967100026250241),
(-0.0516573124303645,-0.435466647016851,-0.898721492681895),(-0.833628748851443,
-0.40140713509991,-0.379388219346963),(-0.482760633002009,-0.399541603181052,
-0.779300120974592),(-0.860914393958381,-0.374013913238089,-0.344876788113676),
(-0.0392850670685457,-0.313349000366203,-0.948825109003193),(-0.273038540327397,
-0.381036284733084,-0.883324009190678),(0.0281161347044638,-0.405844639803438,
-0.913509502584455),(-0.131862058313665,0.0274498432766792,-0.990887936994577),
(-0.0226359865430915,-0.354299550414779,-0.934857978887224),(0.222635809359978,
-0.126926180282798,-0.966603869819196),(-0.125772552082534,-0.295542021985697,
-0.947014349618448),(0.244422380920068,-0.258828481966641,-0.934486766427545),
(-0.201853656004039,-0.0790616483987098,-0.976219420678713),(0.14856829963633,
-0.380227281549587,-0.91288261825307),(0.100680875122555,-0.288310792023828,
-0.952229094591816),(0.176913048690808,-0.12428354795958,-0.976347977367446),
(-0.19190855382082,-0.230618709627915,-0.953931925107844),(0.00643756889122968,
-0.0536818350778718,-0.998537339456789),(0.31788769495606,-0.500687040758955,
-0.805145887781565),(0.0416534624303627,-0.385997380824247,-0.921559011167697),
(0.486443811260067,-0.551796552459211,-0.677416403094071),(0.808256770784443,
-0.532168744333435,-0.25202662564832),(0.405918879062897,-0.546820725218133,
-0.732268364803667),(0.671861117645836,-0.553711803543555,-0.49194092858008),
(0.854103635845611,-0.493225183774273,-0.165033018896649),(0.122044046822637,
-0.495865606216885,-0.85978052502154),(0.595635796862921,-0.512581772268484,
-0.618447996385769),(0.295248853310787,-0.849739357612762,-0.436773555452384),
(0.200534263859094,-0.428893856196286,-0.880815570443422),(0.835528820068749,
-0.50639001337704,-0.213215255520155),(0.714191301326792,-0.52012593310742,
-0.468401322391685),(0.607666917825108,-0.771119151834671,-0.190042549590115),
(0.400003883165537,-0.83755717673576,-0.372148987840777),(0.235587643460991,
-0.457838386210097,-0.857252864889369),(-0.0478988340634454,-0.649112151684767,
-0.759183190165941),(0.887749022749816,-0.446951397645937,-0.110164062874826),
(0.842487985680376,-0.52746816129332,-0.109504944208317),(0.596990449784387,
-0.766614287448578,-0.236442249071403),(0.868693145683265,-0.493353252421175,
-0.044438575228756),(-0.0224569857877268,-0.296747257024626,-0.95469196562959),
(0.0373073370046568,-0.494630725004191,-0.868302141243156),(-0.0563130100473853,
-0.572520527429539,-0.817954210559005),(0.0596735257408535,-0.884206693553657,
-0.463268381611097),(0.190405252857581,-0.89633846113998,-0.40040379963913),
(0.0335937118303165,-0.803326456934489,-0.59459067106249),(0.466810578965519,
-0.840161111015055,-0.276074611117765),(0.249455692276718,-0.873782072070798,
-0.417464666910154),(0.857606714281641,-0.502830200359204,-0.108039405893269),
(0.773109790009211,-0.633520522368641,0.0308707034205368),(0.763432369578485,
-0.543570337531953,-0.348858574833953),(0.481390714595202,-0.837201242774258,
-0.259532385260026),(0.197551032713028,-0.801492761292817,-0.564431522037202),
(0.456452087858323,-0.836093388548288,-0.30430139190549),(0.853975461067835,
-0.458179553255772,-0.246571305857595),(0.867140199255674,-0.473196235416798,
-0.155412990519459),(0.831909887691842,-0.380189350819352,-0.404205388737095),
(0.804287709453792,-0.477647950576231,-0.353516217070589),(0.534271690239992,
-0.677597112379689,-0.505386895657979),(0.481390714595202,-0.837201242774258,
-0.259532385260026),(0.877620039979793,-0.401528717539888,-0.261835357460827),
(0.95844341463742,-0.284304302243425,-0.0236068774733738),(0.80544110429291,
-0.309785040112667,-0.505270082666499),(0.873780703034233,-0.335242923231132,
-0.352305925905946),(0.975084638094706,-0.193398999752087,-0.108658986957402),
(0.907556247576792,-0.226561164265861,0.35356993131604),(0.909952603547028,
-0.409819823323641,-0.0635135553166821),(0.942885087027358,-0.194130671217967,
0.270704627137906),(0.825077850767274,-0.476926613937305,-0.302964593792001),
(0.876565429259832,-0.206769560343243,0.434602573786659),(0.786062626250755,
-0.609454092809452,0.103301773312827),(0.726429304499545,-0.630465584770713,
0.273520770662906),(0.974591327218296,-0.119085213746309,0.189711509344786),
(0.897507438812255,-0.0899087075235275,0.431736981955582),(0.714230530670284,
-0.554233413414073,-0.427434290287795),(0.705800092454593,-0.683394383756531,
-0.186596746330473),(0.744708694455393,-0.624142100154213,0.236337892047873),
(0.663531375778848,-0.740237350597575,0.10851164977693),(0.744825181172522,
-0.617178315788907,0.253626449747039),(0.852581280380679,-0.0789466101926461,
0.516597128412007),(0.554322174188691,-0.575557181659609,0.601216149020277),
(0.795328346945029,-0.218399986899428,0.565468183249967),(0.824166458715193,
-0.549437370619662,0.137361654385098),(0.719570217324989,-0.492556635243178,
0.489496336469219),(0.537763064463942,-0.791197034828781,0.29123553796969),
(0.614667711752436,-0.733445413176121,0.290243742430278),(0.672518282002641,
-0.262013093461695,0.692147599307293),(0.52343286593853,-0.25069810700649,
0.814351578864276),(0.627405418653218,-0.543747939539178,0.557405255529116),
(0.489649479166571,-0.275563784076071,0.8272291027627),(0.285938308628208,
-0.323662732602625,0.901932214294977),(0.361317977463254,-0.43831808461377,
0.822998527254077),(0.361375180428568,-0.824127884437493,0.436143564738496),
(0.783581914253821,-0.447274397018175,0.431213401260149),(0.23962053495942,
-0.28192838710685,0.929030884184746),(0.256890746052089,-0.404687069051971,
0.877630628872378),(0.168917156215825,-0.770955601928709,0.6140801691886),
(0.0918438020902614,-0.338725327125392,0.936391941860566),(0.501778440791226,
-0.785337915233087,0.362577929905386),(0.387716983610702,-0.80085010099588,
0.45641500452407),(0.145128440786298,-0.315159128227614,0.937876569474762),
(0.14142674550933,-0.712320009447628,0.687458129485113),(0.248572723330959,
-0.765898260144149,0.592968343441702),(0.0570319603879333,-0.312249838328049,
0.948286556879521),(0.1047813069027,-0.316526488908995,0.942778796718884),
(0.117031701097825,-0.225590461738067,0.967167268113926),(0.103127254468599,
-0.704334349520969,0.702337449856294),(0.151409542927582,-0.747597901856021,
0.646662607122861),(0.0401479626414296,-0.392261512616773,0.918977174262421),
(-0.0326625394711822,-0.315396045383506,0.948397855897903),(-0.0503184756750532,
-0.48528548235995,0.872906668330819),(-0.153321342071544,-0.408506411695089,
0.899786128849174),(-0.0803888196571235,-0.242913851392618,0.966711176347796),
(-0.106561824930287,-0.687076177392719,0.718728671980558),(-0.027970927111113,
-0.55219102242901,0.833248283517794),(-0.18356403911406,-0.289016825140518,
0.939560279242278),(-0.100474969973157,-0.598049803579134,0.795135971295383),
(-0.0651058691314597,-0.377487157247281,0.923723265874582),(0.0817021167816702,
-0.771264215421839,0.631249771582636),(-0.0645496734934393,-0.770864769803677,
0.633719848456252),(-0.0570621785238834,-0.226396184151943,0.972362419874168),
(-0.0481098274547316,-0.635903370110801,0.770267712152081),(-0.106649903648074,
-0.731101373475905,0.673881725344665),(-0.293313472752875,-0.400141278977351,
0.868247754710611),(-0.0382900973272635,-0.546504116398345,0.836580611301943),
(0.0541367943049747,-0.555506128239987,0.829748244342945),(-0.386555074991112,
-0.620353690025288,0.682448879602439),(-0.185379518386165,-0.285889167968851,
0.940160527676519),(-0.56418879890364,-0.637211724996583,0.525025920044475),
(-0.0572826312557312,-0.658000819811121,0.750835282391759),(-0.0640030228644088,
-0.75939432503199,0.647474997334589),(-0.363108306926108,-0.602868208712887,
0.710424014490339),(-0.771706406646124,-0.552214001806733,0.315482040930891),
(-0.358637664390825,-0.492421152940798,0.793032429233981),(-0.715022097266742,
-0.523190228806115,0.463697514444572),(-0.756922776574285,-0.544775859998668,
0.3609531446958),(-0.918956433664875,-0.391399088214269,0.0482268262585614),
(-0.806605708855181,-0.531020583736824,0.259623516057451),(-0.704069067579681,
-0.585788157834469,0.401421203000512),(-0.908551210187619,-0.416044086640886,
0.0379738915277797),(-0.973073756315256,-0.135195669542155,-0.186680464182962),
(-0.83495908790009,-0.526676607647206,0.159546458720593),(-0.876543376051175,
-0.474722380700816,0.0794378446495039),(-0.427282004768754,-0.661895092596929,
0.615893639191782),(-0.0871701311780412,-0.812663191160111,0.576176974517264),
(-0.79299511436993,-0.538611163641544,0.284704694352102),(-0.478519631338246,
-0.869952356590056,0.119171555697316),(-0.162620621416872,-0.896121342945107,
0.412941971962464),(-0.379048328912481,-0.622619308327727,0.684592989480727),
(-0.847355488167234,-0.497887009818113,0.184654277305584),(-0.799673494308037,
-0.579702506965428,0.156420286149756),(-0.464604582891316,-0.861137422698734,
0.206361141652608),(-0.918208301442915,-0.393114263333529,0.048525159711772),
(-0.932034860659483,-0.358899147679731,0.050024197247143),(-0.987984644038782,
-0.0935056895251138,-0.123057015931619),(-0.918520615599353,-0.139301704735459,
0.370020153203554),(-0.867035315830852,-0.492938778563078,0.072533590086488),
(-0.778475823959346,-0.61533535790805,0.12384582681297),(-0.893743627569409,
-0.447993555522041,-0.0228932826347386),(-0.900750938516641,-0.412013024984403,
-0.137451860680718),(-0.820381638070072,-0.537239706285558,-0.195825090087234),
(-0.944551060272324,-0.315160133542394,-0.0921812603730765),(-0.932482682153149,
-0.361150852090089,-0.00679039903636618),(-0.858856875379622,-0.457186472308143,
-0.230966225131702),(-0.974025318483072,-0.199540296125443,0.10704367882374),
(-0.978270102139795,-0.18117545113012,-0.100812018961989),(-0.81336555351052,
-0.563435492904243,0.144834117866882),(-0.87298722176105,-0.459371259021532,
0.163924851767191),(-0.962871380581447,-0.266271351601199,0.0444777671837068),
(-0.976976439951746,-0.0496703595516945,-0.207484676931137),(-0.858140937596324,
-0.494928793362113,0.136526996313641),(-0.927716163002721,-0.200961215821035,
-0.314574809289046),(-0.85633405334033,-0.409956321783834,-0.314050638144854),
(-0.910198509936205,-0.118293593426149,-0.396919763005371),(-0.616070944080515,
-0.552243774198266,-0.561679094963483),(-0.860423045233524,-0.480703505799684,
-0.169104472865037),(-0.868388655591062,-0.495883476015607,0.000849149825722791),
(-0.479986492440905,-0.874834908131774,-0.0653976344247092),(-0.807013713961968,
-0.432618855743791,-0.401957449405088),(-0.395125425727663,-0.448008887243607,
-0.801975021365552),(-0.71582675508461,-0.258725046462564,-0.648577988400765),
(-0.346796671745596,-0.399004518215891,-0.848838891020836),(-0.436989499994516,
-0.269906840793115,-0.858015427709562),(-0.516237497931652,-0.4084168195934,
-0.752791171044454),(-0.325101778536426,-0.301304417877227,-0.896395270714944),
(-0.189782376100721,-0.435875121879879,-0.879770156261148),(-0.289343488942696,
-0.328293045331392,-0.899168516905207),(-0.557889058408462,-0.579866615743865,
-0.593729320864211),(-0.29808461935064,-0.92654191119041,-0.229489970400031),
(-0.840652929121116,-0.505183758886332,-0.195171776949342),(-0.345742700134871,
-0.594977894316479,-0.725577901109301),(-0.0256469774599458,-0.902799677621802,
-0.42929590567945),(-0.0315333361954828,-0.516960134362004,-0.855428470527373),
(0.0690630079253626,-0.712614152368229,-0.698148530601342),(-0.0852567191893071,
-0.42916589507349,-0.899192930543188),(-0.140510980154427,-0.238644426227985,
-0.960887871859333),(0.0623437386620066,-0.594928673453613,-0.80135705634403),
(0.111060965959287,-0.717365132207473,-0.687788287871454),(-0.000697243677664002,
-0.199918771902168,-0.97981222613947),(0.0582846231424941,-0.476963534287896,
-0.876988420484978),(0.0830055784191815,-0.607387590502677,-0.79005720606463),
(0.0913702383240202,-0.730479291952842,-0.67679500853411),(0.0958638045862202,
-0.739294779416578,-0.666523337999239),(0.0673150729368775,-0.904141534965329,
-0.421896629171225),(0.0874183697589676,-0.925234418670097,-0.369187349643635),
(0.111991002843205,-0.850062022256686,-0.5146382939493),(0.31959937090281,
-0.923287071496968,-0.213066247268499),(0.0466429950729623,-0.793366452657431,
-0.606954778223542),(0.0638874955977217,-0.760365262060833,-0.646345926077834),
(0.2451656759598,-0.774893647610108,-0.582609325555878),(0.481390714595202,
-0.837201242774258,-0.259532385260026),(0.126598732967521,-0.830204174607664,
-0.542893902410982),(0.0583059129360006,-0.755907553809933,-0.652076828763131),
(0.152914708338661,-0.752747728505464,-0.640303013583074),(0.0533146677059451,
-0.755277555698841,-0.653233005951925),(0.154651079633608,-0.775899668074137,
-0.611606694412841),(0.435093940489229,-0.726211838309869,-0.532268380469999),
(0.123939072462271,-0.792624284039422,-0.596980611635072),(0.300676177750311,
-0.78867230570789,-0.536274025422511),(0.15950897809389,-0.899063825617505,
-0.407726775394332),(0.228875803319024,-0.830505851779152,-0.507814825320862),
(0.200222413547216,-0.792074190984268,-0.576653675172495),(0.0858935643194982,
-0.816754843383327,-0.570555712808459),(0.0220928545137062,-0.811601566110165,
-0.583793459767205),(0.0366922318600972,-0.843610369056238,-0.53570068633699),
(0.22664327523662,-0.825314050107054,-0.517193913813676),(0.410592219305996,
-0.851423409535011,-0.326331437561805),(0.549512606611998,-0.755682804660971,
-0.356341681415768),(0.560119053618877,-0.819734117091029,-0.119593574451491),
(0.428820690066884,-0.899297437724375,-0.085889081220694),(0.513712787265552,
-0.855170514415303,0.0691560805318125),(0.348042924101601,-0.931586407044794,
0.104942313640298),(0.472372588647831,-0.855427284092027,0.212387144444019),
(0.215134335179231,-0.953886242036637,0.209328103894849),(0.375685748872966,
-0.863928165148393,0.335392819775692),(0.123357328528403,-0.959640213802268,
0.252732327872541),(0.270789984453881,-0.869627207112931,0.412821153731771),
(0.0769115729108688,-0.957734906762426,0.277179469515948),(0.140677526817563,
-0.864895693669101,0.481835316805585),(0.0342472489233877,-0.96261347422059,
0.268705089624563),(-0.00242544154546012,-0.947753402407089,0.318994679358601),
(0.0108668023683954,-0.963615693707494,0.267070603861434),(0.0320499128540959,
-0.865964722958939,0.499077049839695),(0.00222808855502047,-0.960597322508638,
0.277934919739544),(-0.0164387169614585,-0.938546339778677,0.34476156495861),
(0.0849964101270937,-0.944809161541458,0.316403632300317),(0.0329620684033811,
-0.959371294188542,0.280214599786614),(0.0941599042192487,-0.944018580892525,
0.316168991786173),(-0.00394942625382462,-0.93245932861427,0.36125337716413),
(0.0100710936593889,-0.883008155204943,0.469249582753216),(0.0343303549418216,
-0.943133261209056,0.330637381931836),(-0.041208208064083,-0.89127329206559,
0.451590303747448),(-0.00849583797106081,-0.923170658261321,0.384296443468488),
(-0.0906586372318745,-0.872486152719892,0.480155104947662),(-0.0308942492581714,
-0.897952214100762,0.439007251140928),(0.0525706223840968,-0.918206726636349,
0.392597423351084),(-0.0783909555796853,-0.869167618845038,0.48826479335966),
(0.0468272984173575,-0.893611441830077,0.446391974785952),(-0.0789884425458137,
-0.883252074864067,0.4621975748449),(0.114230296248517,-0.924059083292337,
0.364782469430621),(-0.0145751320900152,-0.873764714982535,0.486130423215877),
(-0.106497268881128,-0.88140563132986,0.460198266816457),(-0.0910573046865863,
-0.888901978461696,0.448956389808739),(-0.0731781674104466,-0.871771023644863,
0.484417421391548),(-0.254057243881531,-0.892371656488913,0.372998315715438),
(-0.163904516881057,-0.872266698684126,0.460745174378076),(-0.348713682185112,
-0.857440096214412,0.378411481407106),(-0.613572332023502,-0.768288272977764,
0.182379063985112),(-0.309331842265687,-0.857991107978025,0.410079345969969),
(-0.648569457273374,-0.714778744201634,0.261627609264878),(-0.458705272271332,
-0.818049975040176,0.346963559365029),(-0.714572781584966,-0.658888661827423,
0.235056314812412),(-0.502413778786348,-0.843443443540326,0.190219747751013),
(-0.689161511155343,-0.716869326404468,0.105616193845873),(-0.555213334778571,
-0.831481439615703,-0.0194105244302212),(-0.350080311621684,-0.928673050816039,
-0.122515876942117),(-0.280622760633729,-0.944188816983847,-0.172506069739437),
(-0.122088806639349,-0.959876453677459,-0.25245101895014),(-0.136158049555765,
-0.957741698721775,-0.253361054763153),(-0.0256286610544772,-0.957411628099246,
-0.287586762756746),(0.0559421308105507,-0.910849706496079,-0.408929444007622),
(0.0271710953329003,-0.932051132263573,-0.361306543567374),(0.153732234432102,
-0.84791244085594,-0.507356770663638),(-0.0701967193143526,-0.94012392969648,
-0.333525737252089),(0.0633573796940877,-0.881163820643257,-0.468546863854275),
(-0.0174879177266332,-0.929214276009084,-0.369127351999958),(0.111555376176253,
-0.831251493594389,-0.544588241190784),(-0.0103147931592853,-0.905807747015163,
-0.423563372459654),(0.0363781394013739,-0.846511624210395,-0.531125880606822),
(0.00564121231055426,-0.926286983253964,-0.376776593458163),(0.0115922348766074,
-0.874197100218364,-0.485432848147269),(0.0530873715633911,-0.915106343193072,
-0.399702528924066),(0.139205212832705,-0.828113331302742,-0.54300112268657),
(0.103762515313693,-0.826450624316842,-0.553364894063653),(0.13638248599305,
-0.863688835057768,-0.485223055625875),(0.181724211819809,-0.851745086016168,
-0.491433229732971),(0.25750100081739,-0.830137762107449,-0.494534660566152),
(0.223321787293294,-0.825978115550668,-0.517578527328458),(0.141034367202408,
-0.877621657905221,-0.458137024091601),(0.132986538171047,-0.846749678234474,
-0.515101507544965),(0.0363713055612102,-0.916466900141234,-0.398453948502573),
(-0.0147367753640471,-0.864525603971777,-0.502372677928551),(0.0142872311124512,
-0.834289246217363,-0.551141840793459),(0.0691902617744445,-0.837881884000002,
-0.541448664362737),(0.103314503703599,-0.846132951590977,-0.522862449939199),
(0.0274485542681287,-0.924382164518529,-0.380478896640311),(0.0133955461580014,
-0.921811301070125,-0.387407388368538),(-0.0324088614645766,-0.927314484344587,
-0.372877342866662),(-0.0904946777910916,-0.931663750819372,-0.351871238808551),
(-0.143195493569473,-0.952670346021758,-0.268168347185454),(-0.205244437624765,
-0.953908521322681,-0.218936643283099),(0.191836439699513,-0.959896687278306,
0.204443464448121),(0.336994805092803,-0.939510449497875,0.061274926558616),
(0.169663655638973,-0.832616887955197,-0.527222307804804),(0.120862297631605,
-0.818795118123434,-0.561219083378712),(0.0876406911383279,-0.827301606628411,
-0.554879411157817),(0.0239786950692258,-0.89786891536295,-0.439609409598722),
(0.294312710891431,-0.872325984199744,-0.390419524995466),(0.37515442918059,
-0.919437639154719,-0.117871039580481),(0.272282869139786,-0.952593953475033,
0.135745346055814),(-0.487954235261653,-0.87282731633934,-0.00855220100800059),
(-0.272937136039001,-0.950436425766733,-0.148915816307689),(-0.0801319920918425,
-0.943668585643775,-0.321042776452718),(-0.095194913312653,-0.930600602304773,
-0.353440868419867),(0.017517520199206,-0.922589397156057,-0.385385444381718),
(0.0116934492049429,-0.932746410132569,-0.360343443995442),(0.0781405951962596,
-0.872933281696034,-0.481540790681088),(0.0243269560598436,-0.866640128854778,
-0.498340331768799),(-0.38630592222018,-0.873659137891122,0.295782766970894),
(-0.316985237975869,-0.88051454993313,0.352440755675956),(-0.183586534426971,
-0.873988709783056,0.44993301673565),(-0.157894969278765,-0.86861295746655,
0.46966020567818),(-0.137661282409239,-0.86895777508895,0.47535434828968),
(-0.00714141648904311,-0.886341121568202,0.462977770943435),(0.00737356689176815,
-0.88345041385698,0.468466644241854),(0.092796802018965,-0.903084121536799,
0.419318283602279),(0.0916438164128501,-0.909760110632218,0.40489251909086),
(0.116060711046506,-0.913112544113558,0.390839344403612),(0.130083173166105,
-0.928745962619831,0.347144501578811),(0.126974222134103,-0.93216545351673,
0.3390355647766),(0.138713379298559,-0.933711876941791,0.330061705233146),
(0.0531332063798409,-0.951735219179113,0.302286180553931),(0.059752487037442,
-0.958054872100924,0.280286464775812),(0.0892014752284944,-0.957816366488933,
0.273186575261302),(-0.00266651357086484,-0.95485538673944,0.297059051570643),
(0.0412664690920289,-0.964697871891662,0.260105929375659),(0.116073123143481,
-0.965884527565577,0.231504016149052),(0.0581257754508598,-0.951376836385041,
0.302495470078853),(0.129260163996107,-0.936991261840528,0.324559987118244),
(0.141055171456757,-0.918227940774999,0.370082271103886),(0.0696871378285653,
-0.887865741384973,0.454794599897773),(-0.044596537630511,-0.894447822798845,
0.444942963897369),(-0.250418161594829,-0.88608128616941,0.390064992845846),
(-0.34290478402252,-0.863062832468168,0.37086231448678),(-0.380180107109452,
-0.907137607602419,0.180456219154691),(0.242189227328186,0.10717274330459,
-0.964291647406916),(0.505042775482107,0.11329127264381,-0.855626602248946),
(0.358646901012892,0.121026184298614,-0.925594437703667),(0.803353365425091,
0.153299528106538,-0.575432554642586),(0.96603552528671,0.205666746961135,
-0.15644984205315),(0.966714624929387,0.164977594136168,-0.195563870335693),
(0.996629169895874,0.0184080715945387,0.0799464859317214),(0.994287007830212,
0.00802792750238435,0.106437298162164),(0.975955622058773,0.031091777858496,
0.215740411424172),(0.981172230856796,-0.00535987968220078,0.193060418225202),
(0.997224039381355,0.0531580951996943,0.0521385864276637),(0.996780331063105,
-0.0368975772692108,0.0711866588441225),(0.976163399775547,0.143677138433124,
-0.162671130906241),(0.949760155098586,0.223888584795997,-0.218699678520923),
(0.772788130325976,0.03746329313485,0.633557422255295),(0.374190122255042,
-0.0502366815936482,0.925990295969248),(0.211318975742817,-0.147335687225981,
0.966248666628138),(0.247411720413061,-0.115925082192378,0.961950526753294),
(0.234090795052566,-0.167343373300245,0.957704388151246),(0.286091435998817,
-0.0940690135703002,0.953573652600598),(0.649358445668485,0.0289229734168227,
0.759932280303804),(0.297748603910222,-0.308349943735927,-0.903474449593105),
(0.148208566611493,-0.147041298972438,-0.977963740217123),(-0.0477156959909788,
0.0316451238620416,-0.998359553713918),(0.0897004189002085,-0.0913690904843316,
-0.991768886461555),(0.281723750328369,-0.201511212277084,-0.938096455503132),
(-0.286058516818026,-0.398201942998596,0.87155363434961),(-0.283694029898542,
-0.241301679563654,0.928057755120706),(-0.919716725498696,0.0800259480752167,
-0.384339683707808),(-0.831970636700091,0.0222849402391867,-0.554371933910241),
(-0.673065334000952,0.0544569032711615,-0.737575421128106),(-0.716639255804302,
0.0843755216330086,-0.692321419854546),(-0.360334905444536,0.0811701787000854,
-0.929284756147476),(-0.70327601743446,0.,-0.710916903232386),(-0.892486654786774,
0.0595461958360795,-0.447126180835975),(-0.34400340382522,0.068285747574768,
-0.936482095309258),(-0.102824269604369,0.0347174802968428,-0.994093489638759),
(-0.147996798331158,0.0276000270750767,-0.988602643223849),(-0.199960528800769,
0.0268451300985609,-0.979436126509385),(-0.230878109709103,0.0602250310907717,
-0.971117008442992),(0.0187755538756802,0.083943425043782,0.99629362136299),
(-0.0298615900605771,-0.0391551646671078,0.998786843384986),(-0.936454530358275,
-0.139594550473116,0.321817143809448),(-0.718253525909822,0.0564695875543306,
0.693486162947432),(-0.959833075439505,-0.271323926906612,0.0714408425224493),
(-0.96520743340382,-0.26115664872256,0.0131078346805262),(-0.979558726998103,
-0.165955914569479,0.113680846149487),(-0.984371922310313,-0.174048645572527,
-0.0268139430421734),(-0.972879747235575,-0.179661634981968,-0.145693837668069),
(-0.987228672855311,-0.14479353868565,0.0664407905373515),(-0.970175796062226,
-0.238638541378582,0.0425508084967631),(-0.180369032464403,0.216245462107048,
0.959533695211359),(-0.245993939742167,0.262200923351115,0.933133247400364),
(0.515281238102223,0.107802259020431,-0.850214042820943),(0.859796983763258,
0.107292153322211,-0.499236958314474),(0.0643501077583704,0.126055690550118,
0.989933849563403),(-0.307588903396125,0.134320478918181,0.941991016650774),
(-0.376900582228085,0.26774709163417,0.886711591238986),(-0.72069726448278,
0.056465750755816,0.690946504411608),(-0.949760018852347,-0.173818201888828,
-0.260275122287407),(-0.992164830115521,0.113223723714639,0.0528141862574002),
(-0.992164830115521,0.113223723714639,0.0528141862574002),(-0.940291056698483,
0.126322958863255,-0.316062080542546),(-0.285943064745159,-0.399257963467846,
0.871108283930106),(0.0480141259575895,-0.0412002400972931,0.99799658512665),
(0.176689868107019,-0.195536787368593,0.9646481510343),(-0.239699568066233,
-0.192870844508958,0.951496166259887),(-0.201958173829095,-0.129440373955901,
-0.970802804700199),(0.21663488371495,-0.129025188096301,-0.967688910753102),
(0.980089098772232,0.0463093997113151,0.193082360577581),(0.795475630944404,
0.0552213119486346,0.603464271751256),(0.768406241355192,0.1779467085279,
-0.614724993123326),(0.981416116396122,0.164118952522078,-0.0994352849898353),
(-0.0931575777755295,0.074705211411733,-0.992844800102677),(0.273693115289734,
0.0864294048284463,-0.957925903514463)),$,(405,405,382,385,422,422,403,
403,346,355,355,355,419,419,428,295,299,299,340,372,293,395,395,420,407,
436,426,406,435,434,433,427,423,410,421,413,412,418,418,402,396,401,401,
379,379,391,391,391,374,352,388,384,345,370,301,301,301,297,297,339,223,
223,221,221,136,218,218,141,82,292,216,85,148,48,48,47,47,47,47,96,96,32,
32,21,29,29,29,18,19,57,57,57,57,34,34,34,34,20,25,25,16,23,23,30,10,11,
8,8,15,9,40,40,24,24,24,22,17,17,26,33,31,37,50,39,59,59,83,83,43,49,49,
92,64,135,135,142,142,99,222,222,220,219,149,149,217,362,334,375,375,342,
361,386,323,328,328,328,365,341,341,341,308,308,389,353,353,367,279,273,
262,283,313,253,325,325,356,332,332,332,332,332,368,392,360,337,337,337,
404,404,404,387,408,408,394,394,371,393,373,390,390,390,344,357,366,358,
377,377,377,376,363,363,363,348,369,364,364,359,343,354,354,354,330,333,
333,322,338,327,309,309,317,272,280,265,265,288,214,213,154,163,210,210,
106,169,169,116,255,208,131,131,182,95,95,74,74,105,105,105,151,54,54,75,
75,44,44,63,93,41,41,81,60,122,122,108,108,108,108,76,100,100,58,45,45,
45,69,97,42,61,46,65,73,56,70,67,94,84,66,66,80,71,62,72,72,72,79,79,68,
68,77,78,98,90,110,109,115,91,91,91,103,103,132,121,162,155,170,152,215,
212,211,183,209,287,268,307,307,271,285,319,319,256,260,304,276,247,326,
289,314,245,237,234,240,252,267,303,320,331,336,321,335,318,329,311,324,
305,316,291,296,278,277,269,275,259,261,251,254,246,243,248,241,226,228,
187,193,230,164,198,177,232,185,159,145,168,125,147,113,113,130,111,120,
104,114,101,102,107,119,128,112,134,123,150,146,158,160,167,165,173,174,
184,181,189,191,188,192,207,203,201,199,229,196,264,238,235,233,194,178,
176,172,133,127,306,312,284,281,270,266,302,315,310,117,124,153,161,186,
197,204,250,126,138,156,157,166,175,190,200,202,205,236,239,242,257,258,
263,282,286,290,274,249,231,195,171,144,129,118,378,397,380,409,416,431,
430,425,415,424,429,437,432,417,400,383,351,300,349,381,398,244,294,347,
298,227,180,206,27,36,51,53,53,38,28,86,137,139,179,87,89,140,12,12,1,7,
5,2,4,3,6,55,52,399,399,88,88,35,35,14,14,13,13,143,143,225,225,224,224,
414,414,411,411,350,350),((1,3,4),(5,7,2),(1,8,3),(4,9,10),(4,3,9),(5,13,
7),(15,14,6),(11,9,16),(11,16,17),(3,19,9),(8,20,3),(3,20,19),(9,21,16),
(9,19,21),(13,22,7),(8,23,20),(15,24,14),(24,25,14),(13,25,22),(26,24,15),
(26,27,24),(27,28,24),(24,28,25),(29,27,26),(30,31,29),(29,31,27),(30,32,
31),(33,32,30),(31,34,27),(27,34,28),(32,35,31),(31,35,34),(33,36,32),(36,
37,32),(32,37,35),(38,36,33),(38,40,36),(40,41,36),(36,41,37),(42,40,38),
(44,46,43),(42,48,40),(45,49,47),(50,49,44),(48,51,40),(40,51,41),(49,52,
47),(48,52,51),(50,53,49),(53,54,49),(49,54,52),(55,53,50),(55,58,53),(58,
60,53),(53,60,54),(61,63,56),(64,59,57),(65,66,64),(64,66,59),(65,68,66),
(69,68,65),(67,70,58),(58,70,60),(68,71,66),(66,71,70),(69,72,68),(72,73,
68),(68,73,71),(74,72,69),(74,76,72),(79,80,72),(72,80,73),(82,77,75),(84,
85,83),(82,87,77),(84,88,85),(89,88,84),(86,90,78),(79,93,80),(88,94,85),
(86,97,90),(89,98,88),(98,99,88),(88,99,94),(101,98,89),(101,102,98),(102,
104,98),(98,104,99),(105,102,101),(106,107,105),(105,107,102),(106,109,
107),(110,109,106),(108,111,103),(102,112,104),(109,113,107),(108,115,111),
(110,116,109),(116,117,109),(109,117,113),(119,116,110),(119,120,116),(120,
121,116),(116,121,117),(122,120,119),(123,124,122),(122,124,120),(123,125,
124),(127,125,123),(124,129,120),(120,129,121),(125,130,124),(124,131,129),
(128,132,126),(132,133,126),(125,133,130),(134,132,128),(134,136,132),(136,
138,132),(132,138,133),(139,141,134),(141,136,134),(17,142,141),(141,142,
136),(17,16,142),(142,143,137),(136,144,138),(16,145,142),(142,145,143),
(16,21,145),(23,146,20),(20,146,147),(20,147,19),(23,148,146),(25,149,22),
(148,150,146),(148,151,150),(152,151,149),(25,152,149),(146,150,153),(146,
153,147),(151,154,150),(152,157,151),(157,158,151),(151,158,154),(150,161,
153),(150,156,161),(28,152,25),(163,157,152),(28,163,152),(157,164,158),
(166,164,157),(163,166,157),(19,147,167),(19,167,21),(147,153,168),(147,
168,167),(153,162,169),(153,169,168),(155,170,162),(160,171,155),(155,171,
170),(162,172,169),(162,170,172),(165,173,159),(160,174,171),(166,175,164),
(175,176,164),(165,180,173),(181,175,166),(182,166,163),(182,181,166),(181,
183,175),(183,184,175),(175,184,177),(34,163,28),(34,182,163),(35,182,34),
(35,187,182),(37,188,35),(187,181,182),(189,190,181),(191,190,188),(37,
191,188),(190,183,181),(191,193,190),(193,195,190),(190,195,183),(41,192,
37),(196,194,192),(41,196,192),(193,197,195),(198,197,193),(196,199,194),
(195,201,183),(183,201,184),(197,202,195),(195,202,201),(198,203,197),(203,
204,197),(197,204,202),(205,203,198),(208,200,196),(208,206,200),(205,209,
203),(209,212,203),(203,212,204),(51,196,41),(51,208,196),(52,208,51),(52,
213,208),(54,213,52),(213,206,208),(213,214,206),(216,214,213),(54,216,
213),(215,210,207),(216,217,214),(217,218,214),(215,220,210),(60,216,54),
(221,217,216),(60,221,216),(217,222,218),(224,222,217),(221,224,217),(219,
225,211),(211,225,212),(223,226,219),(219,226,225),(224,227,222),(228,229,
223),(223,229,226),(230,227,224),(231,224,221),(231,230,224),(230,232,227),
(233,234,228),(228,234,229),(70,221,60),(70,231,221),(71,231,70),(71,235,
231),(73,235,71),(235,230,231),(235,236,230),(237,236,235),(73,237,235),
(236,232,230),(237,238,236),(238,239,236),(236,239,232),(80,237,73),(241,
238,237),(81,241,237),(238,242,239),(244,242,238),(241,244,238),(240,245,
233),(233,245,234),(243,246,240),(240,246,245),(244,247,242),(248,249,243),
(243,249,246),(250,247,244),(252,244,241),(252,251,244),(250,254,247),(256,
257,248),(248,257,249),(92,241,81),(92,252,241),(96,253,91),(96,258,253),
(100,259,95),(258,250,253),(258,260,250),(262,261,259),(100,262,259),(260,
254,250),(262,264,261),(264,265,261),(261,265,255),(104,263,99),(266,264,
263),(104,266,263),(264,268,265),(269,268,264),(266,269,264),(265,270,255),
(256,271,257),(268,272,265),(265,275,270),(269,276,268),(276,277,268),(268,
277,272),(279,276,269),(280,269,266),(280,279,269),(279,283,276),(283,284,
276),(276,284,277),(112,267,104),(112,281,267),(115,282,111),(114,285,280),
(118,285,114),(285,279,280),(285,286,279),(287,286,285),(118,287,285),(286,
283,279),(287,288,286),(288,289,286),(286,289,283),(121,287,118),(290,288,
287),(121,290,287),(288,291,289),(292,291,288),(290,292,288),(289,293,283),
(283,293,284),(291,294,289),(289,294,293),(292,295,291),(295,297,291),(291,
297,294),(298,296,292),(299,292,290),(299,298,292),(298,300,296),(302,303,
295),(295,303,297),(129,290,121),(129,299,290),(131,299,129),(131,305,299),
(133,306,130),(305,298,299),(305,307,298),(308,307,306),(133,308,306),(307,
300,298),(308,309,307),(309,310,307),(307,310,300),(138,308,133),(311,309,
308),(138,311,308),(309,312,310),(313,312,309),(311,313,309),(310,314,301),
(302,316,303),(312,317,310),(310,317,314),(313,319,312),(319,320,312),(312,
320,317),(321,319,313),(322,313,311),(322,321,313),(321,323,319),(323,324,
319),(319,324,320),(144,311,138),(144,322,311),(145,322,143),(145,325,322),
(21,325,145),(325,321,322),(325,326,321),(167,326,325),(21,167,325),(326,
323,321),(167,168,326),(168,327,326),(326,327,323),(168,169,327),(327,328,
323),(323,328,324),(169,329,327),(327,329,328),(169,172,329),(174,330,171),
(171,330,331),(171,331,170),(174,332,330),(180,333,173),(332,334,330),(332,
335,334),(336,335,332),(179,336,332),(330,334,338),(330,338,331),(335,339,
334),(336,340,335),(340,341,335),(335,341,339),(334,342,338),(334,339,342),
(186,337,178),(343,340,336),(185,343,336),(340,344,341),(345,344,340),(343,
345,340),(170,331,346),(170,346,172),(331,338,347),(331,347,346),(338,342,
348),(338,348,347),(339,349,342),(341,350,339),(339,350,349),(348,342,349),
(344,351,341),(341,351,350),(345,352,344),(353,352,345),(354,345,343),(354,
353,345),(201,343,185),(201,354,343),(202,354,201),(202,355,354),(204,355,
202),(355,353,354),(355,356,353),(357,356,355),(204,357,355),(357,358,356),
(212,357,204),(359,358,357),(212,359,357),(359,360,358),(361,360,359),(361,
362,360),(225,359,212),(225,361,359),(226,361,225),(226,363,361),(229,363,
226),(363,362,361),(363,364,362),(365,364,363),(229,365,363),(364,366,362),
(365,367,364),(367,368,364),(364,368,366),(234,365,229),(369,367,365),(234,
369,365),(367,370,368),(371,370,367),(369,371,367),(370,372,368),(371,373,
370),(373,374,370),(370,374,372),(375,373,371),(376,371,369),(376,375,371),
(375,377,373),(373,377,374),(245,369,234),(245,376,369),(246,376,245),(246,
378,376),(249,378,246),(378,375,376),(378,379,375),(380,379,378),(249,380,
378),(379,377,375),(380,381,379),(381,382,379),(379,382,377),(257,380,249),
(383,381,380),(257,383,380),(381,384,382),(385,384,381),(383,385,381),(377,
382,386),(377,386,374),(385,387,384),(388,387,385),(389,385,383),(389,388,
385),(388,390,387),(271,383,257),(271,389,383),(274,389,271),(274,391,389),
(278,391,273),(391,388,389),(391,392,388),(393,392,391),(278,393,391),(392,
390,388),(393,395,392),(284,394,277),(396,395,394),(284,396,394),(396,397,
395),(398,397,396),(398,399,397),(293,396,284),(293,398,396),(294,398,293),
(294,400,398),(297,400,294),(400,399,398),(297,401,400),(303,401,297),(402,
403,401),(304,402,401),(402,404,403),(405,404,402),(405,406,404),(315,402,
304),(315,405,402),(318,405,315),(318,407,405),(320,407,318),(407,406,405),
(407,408,406),(409,408,407),(320,409,407),(408,410,406),(409,411,408),(411,
412,408),(408,412,410),(324,409,320),(413,411,409),(324,413,409),(411,414,
412),(415,414,411),(413,415,411),(414,416,412),(415,417,414),(417,418,414),
(414,418,416),(419,417,415),(420,415,413),(420,419,415),(419,421,417),(417,
421,418),(328,413,324),(328,420,413),(329,420,328),(329,422,420),(172,422,
329),(422,419,420),(422,423,419),(346,423,422),(172,346,422),(423,421,419),
(346,347,423),(347,424,423),(423,424,421),(347,348,424),(421,424,425),(421,
425,418),(424,348,426),(424,426,425),(348,349,426),(418,427,416),(418,425,
427),(350,351,428),(349,350,429),(349,430,431),(416,427,432),(412,416,433),
(412,434,435),(404,436,437),(358,360,438),(356,358,439),(344,352,440),(344,
441,442),(443,351,442),(442,351,344),(440,441,344),(440,352,444),(444,356,
445),(439,445,356),(439,358,446),(438,446,358),(447,403,448),(448,403,437),
(437,403,404),(436,404,449),(449,410,450),(450,410,435),(435,410,412),(433,
434,412),(433,416,451),(432,451,416),(432,427,452),(452,427,453),(453,426,
431),(431,426,349),(429,430,349),(429,350,454),(428,454,350),(428,351,443),
(406,410,449),(425,426,453),(425,453,427),(406,449,404),(356,444,353),(353,
444,352),(397,399,455),(395,397,456),(392,395,457),(392,458,459),(387,390,
460),(384,387,461),(382,384,462),(382,463,464),(374,386,465),(374,466,467),
(368,372,468),(368,469,470),(366,471,472),(362,472,473),(438,360,473),(473,
360,362),(472,362,366),(471,366,474),(474,366,470),(470,366,368),(468,469,
368),(468,372,475),(475,372,467),(467,372,374),(465,466,374),(465,386,476),
(476,386,464),(464,386,382),(462,463,382),(462,384,477),(461,477,384),(460,
461,387),(460,390,478),(478,390,459),(459,390,392),(457,458,392),(457,395,
479),(456,479,395),(456,397,480),(455,480,397),(455,399,481),(481,399,447),
(401,403,447),(401,447,400),(400,447,399),(4,10,482),(1,4,483),(483,4,484),
(482,484,4),(5,2,485),(15,6,486),(26,15,487),(30,29,488),(33,30,489),(38,
33,490),(490,33,491),(489,491,33),(489,30,492),(488,492,30),(488,29,493),
(493,26,494),(487,494,26),(487,15,495),(486,495,15),(493,29,26),(43,39,
496),(44,43,497),(50,44,498),(499,50,500),(498,500,50),(498,44,501),(497,
501,44),(497,43,502),(496,502,43),(141,139,503),(18,141,504),(12,18,505),
(505,18,506),(504,506,18),(503,504,141),(503,139,507),(499,55,50),(62,55,
499),(63,61,508),(508,61,509),(119,110,510),(122,119,511),(123,122,512),
(512,513,123),(512,122,515),(511,515,122),(511,119,516),(510,516,119),(127,
123,517),(135,127,518),(135,519,520),(520,140,135),(518,519,135),(518,127,
521),(517,521,127),(517,123,514),(69,65,522),(522,65,523),(524,84,83),(526,
84,524),(101,89,527),(105,101,528),(106,105,529),(529,530,106),(529,105,
531),(528,531,105),(528,101,532),(527,532,101),(527,89,526),(526,89,84),
(74,69,533),(533,534,74),(483,535,1),(485,2,536),(522,537,69),(533,69,538),
(539,74,534),(540,82,75),(525,82,540),(541,106,530),(110,106,542),(542,
543,110),(508,545,63),(65,64,546),(546,523,65),(510,110,544),(547,62,499),
(509,61,548),(549,140,520),(507,139,550),(490,551,38),(496,39,552),(485,
553,5),(486,6,554),(505,555,12),(482,10,556)),());
#1813=COMPLEX_TRIANGULATED_FACE('ConvergentBody',#1823,601,((0.625927578628595,
-0.165467407745857,-0.762125451146994),(0.246987309651757,-0.196647815654184,
-0.948855576718304),(0.28661619602259,-0.159035166932808,-0.944753392085043),
(0.802857875001566,-0.189084832546455,-0.565390271094975),(0.984619617975879,
-0.170332464384316,-0.0388723484471799),(0.793375549194534,-0.262211427821101,
-0.549363636456119),(0.39557063375235,-0.214878517581942,-0.892945181069113),
(0.169230696772916,-0.194307503538687,-0.966232666255037),(0.195119517994566,
-0.227217595928589,-0.954096713021275),(0.894340938997897,-0.261470087678811,
-0.363025726473477),(0.988976611509637,-0.141157928582888,0.0447180174549918),
(0.0601493196446366,-0.212706604231913,-0.97526302086279),(0.055534664272754,
-0.219289938998901,-0.974077935135568),(0.156266172211522,-0.0438711326782064,
-0.986740192320091),(0.363809775627334,-0.112733282703009,-0.924626224011083),
(0.209477164477184,-0.0950591685012218,-0.973181931627614),(-0.226431142145251,
-0.0748285622158755,-0.971148610740654),(0.885983574450198,-0.196497315931933,
-0.420026083280547),(0.555715561928468,-0.174467852405537,-0.812859878889054),
(0.974684070073254,-0.211628922310445,-0.0721398834706279),(0.94278022771894,
-0.20420291506581,-0.263565194403299),(0.987899945061405,-0.110868416991844,
0.108452259826139),(0.985008772873649,-0.1472918680793,0.0897932233504213),
(0.964445868037775,-0.263280164230549,-0.0229722168629482),(0.981736607212662,
-0.180481713205458,-0.0601629890962358),(0.95111489452268,-0.146441195803333,
-0.271910708852743),(0.970300101816561,-0.115554205927803,0.212520441151356),
(0.956894089730029,-0.138201244154143,-0.255448854282),(0.968313101002274,
-0.157747827515076,0.19361136676764),(0.954354828066721,-0.259585967288996,
-0.147722671693871),(0.995941522791357,-0.0691717414088833,0.057582578706548),
(0.983820752630473,-0.0120563476319976,0.178749464825453),(0.939548646911298,
-0.331737523855612,0.0848443006529995),(0.954334014723306,-0.298586127122411,
-0.00963914063263425),(0.941153042667868,-0.175009527713824,0.289141168785073),
(0.923617743938368,-0.382558640903646,-0.0240655220627778),(0.936196721477776,
-0.349961474196783,-0.032598547088439),(0.962696409754844,-0.0628809332212486,
0.263176007421572),(0.895233942366227,-0.247444487178229,0.370577136640303),
(0.936344698746432,-0.324984671063489,0.13282909584579),(0.972968373902012,
-0.074937193925065,0.218442121288711),(0.60671893495984,-0.107252760008286,
0.787647750858087),(0.623921756315501,-0.0966956375727891,0.775481525034976),
(-0.0710559497041478,-0.0728516710154443,0.994808366491707),(0.810189387316653,
-0.272469364990484,0.518992872611126),(0.672542886631014,-0.282684268150836,
0.683941276852077),(-0.0727368628251274,-0.251731775793354,0.965059822934456),
(-0.0932114341164471,-0.0770428618723575,0.992661083141911),(0.902477359649023,
-0.268504019816425,0.336808857756665),(0.693277084810081,-0.334712701755952,
0.638227460205581),(-0.119404093314432,-0.191282890775589,0.974245101705055),
(0.335164144229706,-0.189812346987232,0.922841410727741),(-0.0749606138596214,
-0.375552675436592,0.923764631463127),(0.335105576645001,-0.165726338831984,
0.927490718615969),(0.529425027387337,-0.341673319821646,0.776510452536199),
(-0.136648424674302,-0.10007907893669,0.985551310685149),(0.440728987711358,
-0.0536894803623852,0.896033146200149),(-0.175786407236066,-0.164503032601786,
0.970586364676453),(0.475708482535032,0.0616072213519907,0.877442869890402),
(-0.17477787588058,-0.131083406910433,0.975843140333233),(0.31250966338647,
0.23438224753985,0.920544769323168),(0.344365367184267,-0.146932893714118,
0.927266530523366),(0.323618555117565,0.0117339541575765,0.946114868873462),
(0.0890684263511099,0.0942241179653628,0.991558687633257),(-0.0866173408326075,
-0.106431711567127,0.990540118844249),(0.039195641299971,-0.261969885744743,
0.964279773025428),(0.530814313497159,0.0194994609302499,0.847263793402013),
(-0.237299322123512,-0.0548333394499701,0.969887795883878),(-0.134899699557885,
-0.270137368758882,0.953324642007758),(-0.350064449299895,-0.199329045515319,
0.915271988509598),(0.393996837437624,0.222745824507828,0.891712279691986),
(0.167131516307268,-0.144814148473678,0.975241466847404),(0.0269191913885279,
-0.200366246238147,0.979351175270353),(-0.324917633715398,-0.172211129907723,
0.929931103919367),(-0.0123924405465518,-0.0771290702672679,0.996944097699067),
(-0.0418775929181856,-0.26036137126593,0.964602624692626),(-0.0777902524141428,
-0.312949104828288,0.946578858002077),(-0.480202086617865,-0.15181349931526,
0.863920492541706),(-0.801983836216188,-0.194755353651654,0.564705479583814),
(-0.590789280038501,-0.122251089576943,0.797510311963952),(-0.436952502681057,
-0.11432743463726,0.892189300591541),(-0.331197195403756,-0.093972789477701,
0.938870349193362),(-0.118837281786303,-0.311268559704629,0.942862441821207),
(-0.567835721996805,-0.0778344224103627,0.819453717736647),(-0.93936170860124,
-0.0506584209498233,0.339165600851014),(-0.957050179388975,-0.0634551539492168,
0.282892908304206),(-0.929173920313098,-0.0817630607809221,0.360486653985586),
(-0.506082620983917,-0.0992157383828481,0.856759369948876),(-0.9601105443636,
-0.0667904739676948,0.271526748570011),(-0.960571156335735,-0.112804333554025,
0.25412248217594),(-0.421091427643717,-0.170888865455259,0.890774385143842),
(-0.226930402505779,-0.392832484334085,0.891170708489948),(-0.895859212512739,
-0.187008104496793,0.403068530412103),(-0.466110927903381,-0.203780885613413,
0.860937833729975),(-0.977276151316395,-0.084105341080706,0.19457033604821),
(-0.946500265589893,-0.178939396435529,0.268547834922478),(-0.959543398972297,
-0.171278289233819,0.223473070247464),(-0.934305444948824,-0.137031465259157,
-0.329083140054166),(-0.963325200316257,0.264914430086939,0.0427188853711739),
(-0.939996876163332,-0.0492796202268626,0.337605378857436),(-0.9970174178076,
0.0233334159168291,-0.0735650752049996),(-0.927753396272715,-0.176701079115584,
-0.328710152480618),(-0.962495007398366,-0.255556050936067,0.0910739565582902),
(-0.981320939040022,-0.135949224715041,0.136114006997771),(-0.878974232078495,
-0.420930778316825,-0.22410171620854),(-0.999689659024213,0.0159421813164195,
0.0191424265684321),(-0.997603886623362,-0.0548660472256228,-0.0421450146019399),
(-0.947562897324155,-0.319395182566774,0.0105486002763377),(-0.967540835588297,
-0.252709955408057,-0.00155238743800316),(-0.993194451806248,-0.0998157119185581,
-0.0600133698060511),(-0.914192055070568,-0.167545285251132,-0.369027727733253),
(-0.893663532562289,-0.437509752930725,-0.099753228813845),(-0.925778666381449,
-0.371386441745789,0.0707528922404472),(-0.984176936160252,-0.173123030624672,
0.0377382378702138),(-0.806543865315047,-0.234359579313443,-0.542736198264579),
(-0.944666517709677,-0.314335775625311,0.0937986699282403),(-0.853048924777674,
-0.251018466308756,-0.45749017640563),(-0.815143195122849,-0.306493844652818,
-0.491531377060353),(-0.995563458999449,0.0644138333745496,-0.0685875876164746),
(-0.827160535153394,0.161358729767507,-0.538301782843571),(-0.788760820387623,
-0.247884719426444,-0.562502919189152),(-0.782869904583307,-0.384234957731931,
-0.489365108844577),(-0.9445017559738,-0.315896705529431,0.0901426890993382),
(-0.797046442860265,-0.292495754508503,-0.528358970320652),(-0.791680439084637,
0.145785963783661,-0.593286216875486),(-0.496699542936101,-0.182453123994567,
-0.848528385849108),(-0.70456850094897,-0.26979887144876,-0.65634731387848),
(-0.391522855209634,-0.158015938208743,-0.906499209663476),(-0.43997777025399,
-0.252682171528891,-0.861725757926367),(-0.666910189524746,-0.279303093162635,
-0.690811538162075),(-0.211852099361791,-0.138546778224531,-0.967431381669834),
(-0.299925403498569,-0.348194695539513,-0.888147063460982),(-0.229494745016114,
-0.302069744399202,-0.925249172671119),(-0.754770507361117,-0.261571122000461,
-0.601582936388044),(-0.986729293421317,-0.0501637729687148,0.154430882228303),
(-0.521066364328199,-0.222908864295814,-0.823894096461519),(-0.0997426247062653,
-0.400579441490831,-0.910816951901752),(-0.159473479087163,-0.201931894907712,
-0.966328991227531),(-0.206360575208925,-0.333525722869539,-0.919878201276557),
(0.167946945483862,-0.329123841937825,-0.929231575104251),(-0.0459768727329903,
-0.0632130854826867,-0.996940436032892),(-0.0808338865653257,-0.390542400334005,
-0.917029179647026),(-0.101803319865256,-0.199292066429961,-0.97463775646262),
(0.0893383433108498,-0.105543567441313,-0.990393465137081),(0.0421537981912357,
-0.272605131806423,-0.961202111634621),(0.058744300565588,-0.0676676714490525,
-0.995977004449261),(-0.0527602195098591,-0.275979034275791,-0.959714505401202),
(-0.107276274145069,-0.279638384403082,-0.95409337854006),(-0.180521241427739,
-0.166127576390378,-0.969439894865096),(0.415685424147613,-0.123633092129005,
-0.901066305374827),(0.445976487748312,-0.594635316997743,-0.668964731622433),
(0.186627297358875,-0.618031617533511,-0.763680019124132),(0.146131084427053,
-0.0234536621027751,-0.988987174789513),(0.131618505876681,-0.654791514342883,
-0.744261138079468),(0.549442255794775,-0.137360563948696,-0.82416338369212),
(0.908393634223662,-0.134290086339987,-0.395963606929636),(0.767109166334309,
-0.570492872705479,-0.293396334534248),(0.449501987947512,-0.597046749594221,
-0.664441977624992),(0.399958576053421,-0.708637152051145,-0.581262870114858),
(0.0814614519792666,-0.561187599571266,-0.823670146313966),(0.600229894038519,
-0.708742282638666,-0.370686459292273),(0.774756137009352,-0.578098098925655,
-0.256038114711247),(0.939540530773921,-0.125382020178704,-0.318658029945842),
(0.892616417901463,-0.346698316321066,0.288160038785566),(0.0553780269332975,
-0.579210230726396,-0.813295015818276),(0.428221754624566,-0.763715473406003,
-0.483078466241771),(0.719572361618933,-0.684272746245823,-0.118264217493505),
(0.848139471551635,-0.499322323673027,0.177021619803578),(0.587125710850726,
-0.757279091506235,-0.286027581232163),(0.302593688739816,-0.662956967993205,
-0.684781073135121),(0.908153750843916,-0.364372696877023,0.206129334638938),
(0.692568021103012,-0.641249243321574,-0.330376972691753),(0.760696417277611,
-0.63112724730174,0.151721318391104),(0.898331076518713,-0.434452231873521,
0.0652114651027545),(0.753839203533296,-0.503671326254538,-0.421949819676796),
(0.124565680355752,-0.0393087529672772,-0.991432404764776),(-0.0599607661527269,
-0.638353473120533,-0.767404423936512),(-0.244731430647597,-0.0625344671831552,
-0.967572202611929),(-0.0436703208153648,-0.50865937152707,-0.859859608795278),
(0.268799738432288,-0.561420594332925,-0.782658045941904),(0.0215867112272921,
-0.365238029963313,-0.930663846599248),(0.425145783713772,-0.76475586527228,
-0.484148251181442),(0.451359031760879,-0.790179065945025,-0.41459868329522),
(0.33820297185792,-0.710457383213567,-0.617145895606381),(0.487658411257918,
-0.768700516151989,-0.413870499549156),(0.762765368540601,-0.50249568522277,
-0.407046777272122),(0.892265526583798,-0.445597189746529,-0.072838002170115),
(0.647738131046961,-0.59298528751693,-0.478334362529239),(0.365168507706115,
-0.861600669726878,-0.352556728635101),(0.961934263533959,-0.272692279238832,
0.0179274505412836),(0.888927548638265,-0.257974100291579,-0.37849329829036),
(0.931347362107986,-0.354263268448833,0.0841999270928798),(0.823116179086266,
-0.495629934492464,-0.277183556080482),(0.992426396659642,-0.119272097303259,
0.0293941153641514),(0.711745970791381,-0.580980213025297,-0.394815988956014),
(0.349031613391355,-0.894547733298901,-0.279215482563604),(0.944265879758261,
-0.326981746763779,-0.0380116509463345),(0.972176114790206,-0.231110548892895,
0.038229779254462),(0.933350261917783,-0.349366369374792,-0.082464710803367),
(0.895371887742311,-0.443105211022193,-0.0443503619573432),(0.998490088502961,
-0.0162855527778497,-0.0524625955521519),(0.998754250966105,-0.0380402071312298,
-0.0322937891636719),(0.832039904189511,-0.551465978178397,-0.0599572576762281),
(0.941483576866536,-0.33688141065561,0.0109357050655211),(0.998877561615367,
-0.0264558454776639,-0.0392900132527415),(0.850244721094848,-0.522991727231586,
-0.0596956237731568),(0.996680982687377,-0.0712712306113366,0.0393373923445535),
(0.89456494953737,-0.446001983946309,-0.0289098836932703),(0.787744432740852,
-0.583487347950651,-0.197487274190793),(0.383927492510199,-0.901908849295525,
-0.197889130720342),(0.841821381151249,-0.533451626547975,-0.0822564548830274),
(0.504861469686468,-0.855037884101019,-0.118427670660501),(0.992161738415491,
-0.105617816511245,0.0667829443776464),(0.821447149768034,-0.567910439676427,
0.0519837728959766),(0.848580415445976,-0.526145109433099,-0.0555211882182518),
(0.577804341133535,-0.811201527534273,-0.0899679114646065),(0.901977378332824,
-0.281401750852134,0.327490249615465),(0.87400777735455,-0.476551751905968,
0.094914871748907),(0.944623549273478,-0.310781186568835,0.105363201511928),
(0.771505607365539,-0.411216734462875,0.485468737511717),(0.922957288723488,
-0.201383581025567,0.328016000349841),(0.74774492445223,-0.613802299381684,
0.253227694436623),(0.824089601107452,-0.565469178488893,0.0334804050999423),
(0.501194538351239,-0.865290381182845,-0.00875162609665753),(0.723078263837599,
-0.367420056511152,0.584944720840308),(0.794513057877914,-0.365795456756473,
0.484708865895612),(0.673874413113184,-0.359462452564037,0.645507568157035),
(0.375859436655921,-0.269972595067042,0.886478697876864),(0.610679463116896,
-0.373775163599071,0.698113687305834),(0.75141902697356,-0.290059592587432,
0.592650722306252),(0.590300859117074,-0.659868323342681,0.464885675811336),
(0.38314987090838,-0.257480856400072,0.887073720166694),(0.429143974894257,
-0.531883436825399,0.730024286200644),(0.36716163886128,-0.40438301033793,
0.837655485207811),(0.747920252257279,-0.617948390108538,0.242394478950481),
(0.416187912237534,-0.903016529663138,0.106530600592062),(0.553902850937308,
-0.677207151342791,0.484336769091202),(0.312483478040899,-0.916717735561919,
0.248963188559455),(0.097390728718589,-0.58998869048529,0.801516307419328),
(0.223794526239936,-0.806164023473311,0.547736777368806),(0.0701139430278637,
-0.518787537840722,0.85202319544379),(0.186159846911962,-0.262619835760853,
0.946771003602591),(-0.131809742326996,-0.648616437326253,0.749615173977882),
(-0.0698172133433659,-0.76682404195152,0.638048936529245),(0.0374158301806911,
-0.0639264716548976,0.997252957816443),(-0.185301444322068,-0.461790607130047,
0.867417321650092),(-0.09353904303945,-0.596977946292712,0.796785905414622),
(-0.0654747669236469,-0.251066845225589,0.965752812123664),(-0.148141747921013,
-0.356982759581696,0.922289180183929),(-0.123558234366417,-0.380634802315057,
0.91643358187423),(0.0510483859421243,-0.615015776543018,0.786860633718508),
(-0.00577145299678599,-0.662103334761372,0.749390328485881),(-0.0931673525404851,
-0.362565242555467,0.92728975477533),(0.0274305314701831,-0.618923192009077,
0.78497238698986),(-0.234421587935953,-0.483507917700389,0.843366238730612),
(-0.171949807921287,-0.742217852240963,0.647723647376445),(0.0175635006721889,
-0.756638174497285,0.653597885811723),(-0.245604525980502,-0.640891554278326,
0.727280160923288),(0.0432960289813199,-0.781760142057446,0.622074379929579),
(-0.456408249425032,-0.603680746367157,0.653652098843391),(-0.0828718636030343,
-0.308593312149939,0.94757713243793),(-0.38443746270864,-0.468843534094462,
0.795231776153316),(-0.560027872973826,-0.67543133396132,0.479751284100047),
(-0.193083229818866,-0.788963177289972,0.583314641718538),(-0.396882997838322,
-0.416397777246539,0.817983359935279),(-0.877650570918318,-0.328808146044312,
0.348732961535976),(-0.6844124959814,-0.67520668599934,0.275091742017639),
(-0.693782587378381,-0.662255329645897,0.282990458860656),(-0.722082495098003,
-0.666257257879136,0.186274358397543),(-0.905703941529031,-0.327047385282643,
0.269704241862384),(-0.830449142746338,-0.481293834643205,-0.280553855874968),
(-0.805155704692937,-0.589472296695391,-0.0651667294643645),(-0.78212889061467,
-0.616905126649503,0.087763678019024),(-0.846575565959741,-0.477997707237324,
-0.234153802010143),(-0.847866072716745,-0.518368551468853,-0.11143234532202),
(-0.839478746250145,-0.533742553154902,-0.101952545559059),(-0.645492274320626,
-0.711724380390162,0.277106712568689),(-0.335078104394027,-0.773120462770045,
0.538523364397439),(-0.827691844131736,-0.550688430455205,0.108020663396356),
(-0.63190786113519,-0.698256027403645,0.336349483766558),(-0.881000387248942,
-0.471706431608001,0.0364878068244821),(-0.86722936547113,-0.479102825912945,
0.135549658305626),(-0.854368477200201,-0.475025266260713,0.210726129325597),
(-0.902938087819528,-0.429440218673569,0.0168495741908333),(-0.839075108400927,
-0.478735118203792,0.258390497233111),(-0.902797012622335,-0.410820927744592,
0.12721524801399),(-0.93940517363027,-0.300229121532063,0.165470221915511),
(-0.794766337899001,-0.4993393235489,0.344973488981889),(-0.950064722305901,
-0.311739987006627,-0.0139715400339),(-0.967375391265024,-0.035828718195008,
0.250801027365011),(-0.926172201476598,-0.377023809857122,0.00762233644050768),
(-0.996708933454503,-0.0628100981153957,0.0512464003294075),(-0.992400431444653,
-0.0651485224054803,0.104388953902454),(-0.751719131049835,-0.651408436335205,
0.102885358943847),(-0.742345505734869,-0.617185372468803,0.260778385081639),
(-0.993919973442602,-0.0691100157354845,0.0857140135386124),(-0.875355957165802,
-0.483001318221372,-0.0214866202730594),(-0.730006760286576,-0.514160228185848,
-0.450254805291153),(-0.714178075746723,-0.671197990240079,0.198602452201345),
(-0.798906761169725,-0.60029957717261,0.0372613016907129),(-0.994792218695232,
-0.100388038111873,-0.0176262142125473),(-0.7728613903779,-0.551574570733752,
-0.313768647546271),(-0.847832207077594,-0.527689766061021,0.0521925228016456),
(-0.695386401090224,-0.714941104394321,0.0727802887203295),(-0.861801300439217,
-0.482927779631926,0.155174992254074),(-0.819790884077582,-0.524830741162684,
-0.22911918189869),(-0.577934179903655,-0.808772493540193,-0.108991455591105),
(-0.640460520152865,-0.739098571754908,0.208671088930345),(-0.610991966621024,
-0.765542747462371,0.201576582301461),(-0.793027522277635,-0.514895877634733,
-0.325560415445355),(-0.456733014476855,-0.558820570055171,-0.692180990760436),
(-0.986363970752926,-0.0550391178926403,0.155102587670617),(-0.78791950424089,
-0.105225887841861,-0.606720996311057),(-0.733081728628347,-0.501034015543132,
-0.459952274067647),(-0.855074446777061,-0.48567513033466,-0.181569155539464),
(-0.624771554843423,-0.461741241424893,-0.629647147397597),(-0.491810385032069,
-0.750689716539741,-0.441120725715866),(-0.656254316149821,-0.753566826926217,
-0.0383054812146223),(-0.646100623063514,-0.742891241859163,0.175118781533819),
(-0.816293868031334,-0.0846158277837321,-0.571405707621929),(-0.321703400782443,
-0.0739494153953826,-0.943948306787873),(-0.263793307774232,-0.583796523206232,
-0.767850708318905),(-0.707871871056898,-0.503375552751571,-0.495510309739824),
(-0.2635588143418,-0.533147757582886,-0.803921774781033),(-0.0463228762414789,
-0.573091053002536,-0.818181420043967),(-0.147102521484485,-0.0614211769256368,
-0.987212382012086),(0.00589679455921968,-0.506971716677483,-0.86194251914093),
(-0.0465012076693471,-0.15049481754805,-0.987516555596144),(-0.485346993050124,
-0.239582114403739,-0.840855937004096),(-0.485346993050124,-0.239582114403739,
-0.840855937004096),(-0.0487931317370322,-0.335452780691958,-0.940792571304284),
(-0.366423294031702,-0.620399227990225,-0.693425387118247),(-0.582400680102097,
-0.711959928639387,-0.39232959081417),(-0.684180900492252,-0.431288819794518,
-0.58812111790163),(0.0383896868926946,-0.338460282802313,-0.940197249998988),
(-0.485346993050124,-0.239582114403739,-0.840855937004096),(-0.212329418024535,
-0.097707931108501,-0.972301073968274),(-0.244811338325623,-0.497239029399161,
-0.832358550307137),(-0.432280715622177,-0.60026538587504,-0.672915187391003),
(-0.195310450704813,-0.158882951401355,-0.96778615179154),(0.0208542850958998,
-0.52863586223498,-0.848592495814227),(-0.673500656999268,-0.659689782762592,
-0.333476019437976),(-0.618275602068469,-0.783956704876079,0.0560995968498235),
(-0.514170985514629,-0.569616048765323,-0.641222079036504),(-0.362919439434666,
-0.920691152691134,-0.14358719245357),(-0.752810973003679,-0.59961887107371,
-0.271537931747194),(-0.198554506119189,-0.286499745739669,-0.937280109567503),
(-0.288088072802851,-0.480855486338376,-0.828120319498938),(-0.223535883652167,
-0.93086627858904,-0.288997716436718),(-0.576184902612057,-0.5416949612585,
-0.612027390685324),(-0.204276330240029,-0.25623523777306,-0.944782876552624),
(-0.137144457403122,-0.315673160401243,-0.938904603037973),(-0.0634534985724104,
-0.282219247220937,-0.957249157752029),(-0.210341896627387,-0.429049541763041,
-0.878449074924732),(-0.138597365294065,-0.904927339417662,-0.402364611649701),
(-0.270485944416969,-0.279215508397682,-0.921344698656851),(-0.144920624788131,
-0.557301420440741,-0.817565373096091),(-0.0740434063336259,-0.240246671474734,
-0.967883831264798),(0.00496756057776684,-0.312820084630566,-0.949799409345801),
(-0.0822858611006097,-0.347258670114304,-0.934152264405207),(-0.066476863257521,
-0.861625900594773,-0.503171575186523),(0.00223058556918554,-0.322262996089621,
-0.946647551013237),(0.286132711276117,-0.535078499787127,-0.794870474104641),
(0.132289271599096,-0.837782642196793,-0.529735587867702),(0.419977372694931,
-0.849150753557209,-0.320253031457137),(0.427076911941696,-0.855209652861965,
-0.293635421804083),(0.387842194012384,-0.851707507731675,-0.352381545795405),
(0.366007570601553,-0.884402208570275,-0.289605234307618),(0.421919850564658,
-0.879470880272588,-0.220260324280283),(0.387004821627569,-0.881202401886021,
-0.271495110356194),(0.322474735074294,-0.908365698278478,-0.266236367594318),
(0.273874785322303,-0.935594406964912,-0.222835606716336),(0.436752931249616,
-0.878160071763221,-0.195145498041033),(0.343350347668581,-0.90653861644282,
-0.245557072090793),(0.222396629166565,-0.954885026610422,-0.196810379021442),
(0.35792591118786,-0.899380947382704,-0.251003891574076),(0.415844837246527,
-0.862655777037869,-0.287920269655682),(0.388642433266129,-0.868348313586248,
-0.308104309215081),(0.341827411337447,-0.881413699510741,-0.325981458327201),
(0.25681496410529,-0.944812990924264,-0.20340719356096),(0.195525275634619,
-0.965429425908562,-0.172382975313314),(0.19715391633079,-0.94991255064529,
-0.242479853600234),(0.208218929232619,-0.942439349470217,-0.261635146873229),
(0.247988830190624,-0.928527827366563,-0.276292623692014),(0.419153447184303,
-0.850064197650566,-0.318906330426687),(0.335034808758288,-0.899026547965178,
-0.281962662375911),(0.391976411027538,-0.854048936349707,-0.341986706639169),
(0.397869884532748,-0.876125462340888,-0.272220001505883),(0.371181349909626,
-0.869416248138155,-0.326097827273719),(0.505222707578383,-0.840730175702285,
-0.194737740078218),(0.413993191129772,-0.880246377040621,-0.231896428185191),
(0.516919827699898,-0.853099439626205,-0.0708183439524183),(0.359569338152014,
-0.932972479984035,-0.0164997773731096),(0.294164800933495,-0.930943116056065,
-0.216360774077885),(0.419476605673105,-0.90767899330234,0.0125786489982477),
(0.204146533457391,-0.978750463453543,-0.0192801236200488),(0.245337187034575,
-0.96498697488134,0.0927890239593105),(0.246558592158499,-0.955150220735756,
-0.164002794065394),(0.148297869214249,-0.988938497512686,0.00289657105298212),
(0.102324083948101,-0.981346087591469,0.162756376873839),(0.0668760361805518,
-0.984559491344151,0.161772073575521),(0.162574404942304,-0.984620257262392,
0.0639727429941552),(0.350669578911322,-0.934560856202813,0.0602233549349508),
(0.022213378267652,-0.986179540885536,0.164184283549712),(0.255373269482302,
-0.951586452826851,0.171078099212996),(0.0744569481482965,-0.994693604199722,
0.0709985678489951),(0.0775755500433202,-0.944954351544065,0.317873099732285),
(-0.0670665800188618,-0.986246973575223,0.151059527863314),(-0.0355751489095148,
-0.99123893750732,0.127199754517941),(-0.138772634094642,-0.898046978243756,
0.41743715801746),(-0.100098779179537,-0.985118002477924,0.13972385480179),
(-0.174504298247037,-0.958415067862863,0.225807014033516),(0.0566525867614089,
-0.973385387246036,0.222061640787249),(0.0331887778079183,-0.968852250021686,
0.245405425073556),(-0.130633153520221,-0.977740021354173,0.164193269788087),
(-0.00789204805348606,-0.970398270942617,0.241381257203413),(-0.135539176215196,
-0.954240158148624,0.266561160500542),(-0.167338893699985,-0.879130506867258,
0.446236760644596),(-0.0735331477608472,-0.970523018622352,0.229516767371228),
(0.00991863939016176,-0.890958310922795,0.453976771201179),(0.0330915636477302,
-0.949041068740119,0.313410271465312),(0.0986867922130259,-0.882481646841249,
0.459877222779146),(0.152890093786948,-0.925166850441188,0.347405984500198),
(0.0660684155825652,-0.938675898241595,0.338411764752266),(0.0198202730138154,
-0.890880200841301,0.45380571231158),(-0.268006602247426,-0.802315450136776,
0.533350147298763),(0.189961561058672,-0.892102008847394,0.409961719103865),
(0.114705927653311,-0.903088439577224,0.413852413866548),(0.138855216981463,
-0.925531599878049,0.352293182369755),(0.239959130128777,-0.881581650549539,
0.406489125662904),(0.1934553622294,-0.870890401572603,0.451801871701969),
(-0.0663737872873872,-0.89679691679962,0.437435492821313),(-0.0565872481541037,
-0.917598991994245,0.393458985457813),(-0.230690375741895,-0.774094371933905,
0.589542071340389),(-0.462201508924928,-0.814716340780289,0.350152894052148),
(0.0530990016542657,-0.910642724290058,0.409768623397279),(-0.438502569478918,
-0.779957244821374,0.446522331816717),(-0.678868926435032,-0.688909763461574,
0.254047866608373),(-0.19040979767111,-0.878906810046014,0.437340746107181),
(-0.455450278549771,-0.845140713383212,0.279825335434537),(-0.736053350487905,
-0.637633375297649,0.227264480159258),(-0.552120728405279,-0.80539972083586,
0.215624652910431),(-0.819197830561185,-0.573211294089315,0.0185398687239702),
(-0.696833798137438,-0.712665653504642,-0.080810420665619),(-0.719282426810481,
-0.642697287102233,-0.26376691914085),(-0.591230574637012,-0.797410619055206,
-0.120758901255275),(-0.76692118339618,-0.614608773363487,-0.184629234312537),
(-0.633336777245826,-0.74665645797529,-0.203442031919819),(-0.679337822528297,
-0.690697051754994,-0.247866305857555),(-0.679139359287158,-0.726728211751195,
0.103130193987692),(-0.722796120999008,-0.669733524255705,-0.170360717176288),
(-0.622564883749202,-0.764501860163921,0.167182150148414),(-0.699227872566919,
-0.712990735084178,-0.0521976427596454),(-0.578812845706205,-0.779373433341593,
0.239901523644227),(-0.666472701836474,-0.718303061722355,-0.19963679326988),
(-0.564471225976905,-0.800520406453096,0.201343770443242),(-0.649789370287242,
-0.749309614561271,-0.127706208884885),(-0.77874433390572,-0.619609622194573,
0.0981895029707105),(-0.543817599554599,-0.832514732479432,0.105743267489579),
(-0.553605902254872,-0.828436229248143,-0.0849347929748929),(-0.476910868355671,
-0.878358602781716,0.0322829453983293),(-0.467538844314619,-0.883111203265506,
0.0390132249871819),(-0.434695913933717,-0.893594847029788,-0.111927261072272),
(-0.367188457561508,-0.922647272636708,-0.117875556964304),(-0.344309931290942,
-0.933415920691076,-0.100922694250882),(-0.258011958259864,-0.931650267151488,
-0.255846846983643),(-0.259268144556834,-0.946180421300199,-0.193707613599039),
(-0.297360394472884,-0.941209089185717,-0.16031920107437),(-0.20156307121538,
-0.912463475486255,-0.356065631907612),(-0.18279304105846,-0.966215700222249,
-0.181697343911873),(-0.178616928036698,-0.954566469430508,-0.238534795067108),
(-0.0803582077530112,-0.978693538620231,-0.188948447756882),(0.0364538145693454,
-0.971718434199986,-0.233311817187367),(0.0121568493721769,-0.972916159794257,
-0.230838378578037),(-0.0740657537398105,-0.90825028660051,-0.411819961892384),
(0.0538402541317326,-0.982359478177316,-0.179084010090859),(0.155062741056985,
-0.909132880835489,-0.38656558475847),(0.167988083345578,-0.96661957364048,
-0.19345956608288),(0.16429399826981,-0.973070124857575,-0.161684922742297),
(0.17073577684301,-0.95546562810015,-0.240696339866231),(0.199802479376963,
-0.950341957821017,-0.238598265793645),(0.208174341328328,-0.956168266632077,
-0.205926417679533),(0.22029462306906,-0.940698957256086,-0.257984012807333),
(0.188232106893095,-0.963486569146595,-0.190426639440781),(0.170779052005777,
-0.985286615936399,-0.00669326920171749),(0.165708932658095,-0.971590085906334,
0.16897708307885),(0.177191644429213,-0.955745462286229,0.234848317992176),
(0.161874414720085,-0.933643145507416,0.319542095358418),(0.237657932339049,
-0.916362860668351,0.322176682557948),(0.150542755245453,-0.881152041309922,
0.448227574942088),(0.214492594110896,-0.854687920616267,0.472759437160401),
(0.243761317717499,-0.844821912268631,0.476294401117),(0.268953084176519,
-0.86119682848559,0.431282113144401),(0.257279364922565,-0.89849393834093,
0.35569083647129),(0.243390693717236,-0.915646530950561,0.319925617245705),
(0.24691955790159,-0.927136774692126,0.281865451836803),(0.235619521581325,
-0.925745422525818,0.295768243261988),(0.240450319164956,-0.936505057771621,
0.255229153471236),(0.229464050222592,-0.95278641624859,0.198857473250598),
(0.217191203365755,-0.957897836940344,0.187775704407002),(0.202013467853639,
-0.977088811849419,0.0669926306726185),(0.167510496508532,-0.980502538958137,
-0.102737552317114),(0.155648005380871,-0.976955701136352,-0.146052238730306),
(0.266268196203912,-0.948277565068683,-0.172832020406305),(0.225900513382861,
-0.944076204486723,-0.240185507837804),(0.22438843307468,-0.930954606732379,
-0.288050952621322),(0.221125255456487,-0.929245931140679,-0.295982467145937),
(0.214980977517764,-0.929647470348191,-0.299230279518494),(0.189120819909467,
-0.930840056405678,-0.312682114722677),(0.114244833829471,-0.944045531309731,
-0.309396433006917),(-0.00749162589214071,-0.96035800737627,-0.278668931188555),
(-0.155473047255057,-0.961842574842577,-0.225137719623853),(-0.346667413018804,
-0.913513706833577,-0.2128718210051),(-0.520336365030573,-0.840058379001291,
-0.153466566705889),(-0.573760256308278,-0.81103752193472,-0.114093410392744),
(-0.57964481933081,-0.801897344443826,-0.144818964217029),(-0.407408673696503,
-0.889966165546623,-0.204886302077756),(-0.246520259556594,-0.944444771440152,
-0.217374872806195),(0.188728075702176,-0.970409850599889,-0.150620168969676),
(0.228082798252871,-0.941270615414873,0.248973624501965),(0.0900682902925325,
-0.916485526192769,0.389797361924044),(-0.0496237610155471,-0.901021090645767,
0.430927460895896),(-0.600655122605544,-0.778301192367677,-0.182922600153103),
(-0.606790847734225,-0.780278648140645,-0.151558894037233),(-0.585260632716581,
-0.790217486286984,-0.181731439653317),(-0.557604876145657,-0.804591601288784,
-0.20422819892007),(-0.516460492908033,-0.844764576033813,-0.140147673343528),
(-0.505419388071316,-0.850761553713989,-0.144069500185763),(-0.355193028447503,
-0.900369330772627,0.251342357644594),(-0.467685443680828,-0.87939287225127,
0.089098271603484),(-0.363620256610558,-0.904083151682118,0.224530540967147),
(-0.0595227550626061,-0.892841325938666,0.446420662969181),(-0.0668868988270936,
0.00144932354519708,0.997759511218287),(-0.11340647784392,-0.0316078532587194,
0.993045776586061),(-0.0786198828854862,-0.00314479531541946,0.996899706228012),
(0.433828291402673,0.122132430676339,0.892679496211113),(0.355503921606788,
0.174354811895473,0.918268675982737),(0.232452852340265,0.180846099185794,
0.955646566387468),(-0.0215099012886371,0.0579393133188338,0.998088352861957),
(-0.345897900196906,0.0222272070308131,0.938008845324489),(-0.496311633102805,
0.019591248674951,0.86792335250423),(-0.184984447032233,0.0351190295876352,
0.98211374499953),(0.155248020067334,0.133776478406842,0.978775717971301),
(0.976402482921231,-0.0156863122287135,0.215388325946228),(0.974609140629382,
-0.0257441457039679,0.222428105156769),(0.954016124362556,-0.0515684391547862,
0.295286184132253),(0.988077082051951,0.0323694725954786,0.150518760184878),
(-0.9433336571081,-0.012327001929781,0.331616731167898),(-0.903316207683923,
-0.0996734782630883,0.417234977760102),(-0.578546851342021,-0.0262975841518979,
0.815225108709249),(-0.758331243839059,-0.0840863185175492,0.646423402775356),
(-0.967009016303089,-0.102351753826539,0.233275975782257),(-0.955794913633938,
-0.142077622296919,0.257429664790106),(-0.931621675726098,-0.136959229426827,
0.336635147885818),(-0.933608033887816,-0.00289385818751729,0.358284334914209),
(0.998044513290775,-0.0501039171650225,-0.0373730782101385),(0.976675030423304,
-0.121623727261623,0.176956361611075),(0.961418474854529,-0.268017690232378,
0.0619760754718535),(0.952126369785837,-0.304151479237129,-0.0307774858672678),
(0.985626989889644,-0.149594365592598,0.0784917994699306),(0.998948313472849,
-0.0400209563247227,0.0223738701302302),(-0.934032753515696,-0.138891240331212,
-0.329077557300927),(-0.989301423051439,0.144640194036252,-0.0190238959614982),
(-0.998959729978572,-0.0400137661929218,-0.0218713601816504),(-0.994296968030813,
0.102542504875568,0.0293014344115981),(-0.961847401135177,0.264508035312174,
0.069893320029885),(-0.26991983640377,-0.122355418093385,-0.95507718723617),
(-0.166246883765218,0.0235649357531373,-0.985802549926356),(0.135837244366773,
0.0172906205097069,-0.990580273115324),(0.0179232847474921,0.0203567141101411,
-0.99963211235659),(0.270467550226809,-0.174579290480711,-0.94676785729637),
(0.125510392679174,0.0035336448778211,-0.992086011736582),(0.0533362667344077,
0.0283731009649689,-0.998173436729544),(0.0942525254468759,0.,-0.995548322004957),
(-0.067653374219208,0.0801282643875028,-0.994486039219758),(-0.109503350418489,
-0.154192551883874,-0.981954007675851),(-0.424905364845747,-0.0538587546501043,
-0.903634143596203),(0.598270166279338,0.010391454697137,-0.801227075060104),
(0.38074384637873,-0.063981372508248,-0.922464366475308),(-0.826745976185611,
0.160845646230265,-0.539091614616356),(-0.7731441203471,0.146343144612294,
-0.617115753483651),(0.603620415550616,0.0211825946784876,0.796990396186296),
(-0.0530672002087089,0.0118984753831533,0.998520054152927),(0.599895493976767,
0.0186634153681713,0.799860658635719),(0.955834481345144,-0.0303279727397109,
0.292336549786644),(-0.984074763545271,0.163609301467678,-0.0694899721296342),
(-0.850734213048966,0.192254738276356,-0.489172172510095),(-0.728315983498061,
0.147113612597808,-0.669263336191125),(-0.504545629145337,-0.0500673020150521,
-0.861932116456551),(-0.934305444948831,-0.137031465259152,-0.329083140054147),
(-0.963325200316272,0.264914430086964,0.0427188853706813),(-0.9970174178076,
0.0233334159168291,-0.0735650752049996),(-0.908494085220696,-0.261347613552197,
-0.326091891971545),(-0.9970174178076,0.0233334159168291,-0.0735650752049996),
(-0.941405056226864,0.0380026449618577,0.335130301653548),(0.751786711327726,
-0.0104728458894489,-0.659323183400992),(0.996898631639119,-0.0786846731255072,
0.00135663229523714),(0.948932042957719,-0.220546846189895,-0.225581618231143),
(0.923771099277967,-0.149800718801831,0.35242971041788),(-0.123371439870248,
-0.0413049754630528,0.991500573285935),(0.317170847109229,-0.0336818598700012,
0.947770112453285)),$,(428,398,406,444,444,416,416,367,376,429,447,321,
326,361,396,315,315,412,412,435,418,434,436,421,431,448,448,425,425,439,
439,440,422,417,441,441,420,430,423,419,426,426,409,409,415,401,401,374,
413,402,368,368,392,392,392,322,322,319,319,360,360,360,236,145,139,234,
234,86,148,88,314,314,232,93,93,157,157,65,65,57,68,98,98,42,42,34,44,44,
36,24,72,72,46,46,26,37,6,6,6,1,1,1,21,33,33,4,8,16,18,13,13,41,43,17,17,
35,25,10,10,10,38,30,30,27,27,27,40,56,64,49,89,70,91,45,45,63,96,73,141,
141,142,151,105,238,237,327,235,158,233,383,383,383,357,357,405,405,405,
405,366,366,384,414,414,414,344,350,394,394,359,331,410,363,363,391,391,
304,304,304,295,289,289,308,337,280,347,378,378,353,353,395,395,399,382,
382,358,358,400,390,408,389,389,385,385,411,386,386,393,393,365,365,371,
371,387,387,373,373,388,388,407,407,381,381,370,370,397,379,380,380,364,
375,375,354,356,345,362,362,355,355,335,342,300,306,288,312,230,230,228,
228,166,177,177,227,110,187,120,281,225,133,197,97,79,79,115,160,62,62,
62,80,48,48,48,75,101,55,99,77,127,127,116,116,102,114,76,67,95,109,50,
69,69,69,51,51,53,53,84,52,52,52,78,61,61,61,107,108,74,74,74,74,106,71,
71,47,47,47,81,81,81,81,100,66,66,66,66,82,83,83,103,103,103,94,94,94,94,
94,113,112,112,112,112,126,126,104,104,111,111,111,135,125,125,125,180,
168,188,156,156,231,229,229,226,195,195,224,224,224,313,294,333,299,309,
341,283,286,325,297,272,343,307,332,271,261,254,260,277,291,318,303,336,
348,317,351,339,352,338,316,349,310,334,296,293,305,290,330,346,301,340,
311,323,302,292,298,285,287,282,276,279,268,266,273,263,242,246,203,211,
250,179,179,214,193,252,217,201,173,152,152,152,186,130,130,153,153,123,
134,117,128,131,138,118,147,122,122,132,121,136,136,154,119,162,137,137,
165,144,124,172,129,159,150,174,183,176,192,190,194,204,206,202,207,221,
220,218,215,249,269,255,284,278,274,265,257,245,199,209,210,212,216,223,
247,251,256,258,264,275,270,267,259,253,248,222,219,213,208,200,198,189,
182,181,178,185,196,262,241,191,184,175,171,169,164,163,161,167,155,170,
170,372,328,369,244,240,205,140,85,59,87,146,438,433,432,437,32,39,39,54,
20,19,9,31,449,443,446,445,442,450,5,14,7,15,22,60,92,149,243,377,329,324,
239,143,90,58,427,403,12,28,404,404,424,424,11,11,29,29,23,23,3,3,2,2,451,
451,452,452,320,320),((1,2,3),(4,6,1),(1,7,2),(3,8,9),(3,2,8),(4,10,6),
(11,10,5),(9,8,12),(9,12,13),(2,14,8),(7,15,2),(2,15,14),(8,16,12),(8,14,
16),(10,18,6),(7,19,15),(11,20,10),(20,21,10),(10,21,18),(22,20,11),(22,
23,20),(23,24,20),(20,24,21),(25,23,22),(26,28,25),(25,29,23),(26,30,28),
(32,31,27),(29,33,23),(23,33,24),(30,34,28),(29,34,33),(32,35,31),(36,37,
30),(30,37,34),(38,35,32),(38,39,35),(39,40,35),(36,40,37),(41,39,38),(43,
45,42),(41,45,39),(43,46,45),(48,47,44),(45,49,39),(39,49,40),(46,50,45),
(45,50,49),(48,51,47),(51,53,47),(46,55,50),(56,51,48),(56,58,51),(58,60,
51),(52,62,54),(63,59,57),(64,65,63),(65,66,63),(63,67,59),(68,65,64),(65,
69,66),(70,69,65),(68,70,65),(67,71,59),(59,71,61),(69,73,66),(66,73,72),
(70,74,69),(74,76,69),(69,76,73),(78,74,70),(80,70,68),(80,78,70),(78,81,
74),(81,82,74),(75,83,77),(84,81,78),(86,87,85),(84,88,81),(86,89,87),(90,
89,86),(88,91,81),(81,91,82),(89,93,87),(88,94,91),(90,95,89),(95,96,89),
(89,96,93),(97,95,90),(100,97,90),(97,103,95),(103,104,95),(95,104,96),
(106,103,97),(107,108,106),(106,108,103),(107,109,108),(110,109,107),(108,
112,103),(103,112,105),(109,113,108),(108,113,112),(110,114,109),(114,116,
109),(109,116,113),(117,115,111),(118,117,111),(117,121,115),(121,122,115),
(114,123,116),(124,117,118),(124,127,117),(128,127,126),(127,121,117),(128,
129,127),(129,130,127),(127,130,121),(131,129,128),(129,132,130),(133,132,
129),(131,133,129),(130,134,121),(121,134,122),(132,136,130),(130,136,134),
(133,137,132),(137,138,132),(132,138,136),(139,137,133),(141,133,131),(141,
139,133),(139,142,137),(142,143,137),(137,143,138),(144,140,141),(144,145,
140),(146,145,144),(145,142,140),(146,13,145),(13,147,145),(145,147,142),
(13,12,147),(147,148,142),(142,148,143),(12,149,147),(147,149,148),(12,
17,149),(19,150,15),(15,150,153),(15,153,14),(19,155,150),(21,156,18),(158,
159,151),(158,161,159),(162,161,157),(21,163,156),(152,160,165),(152,165,
154),(161,166,159),(162,167,161),(167,169,161),(161,169,166),(160,170,165),
(159,166,170),(24,163,21),(171,168,164),(24,171,164),(167,172,169),(174,
173,168),(171,174,168),(14,153,176),(14,176,16),(154,165,179),(154,179,
177),(165,170,180),(165,181,179),(166,182,170),(169,183,166),(166,183,182),
(170,184,180),(170,182,184),(172,185,169),(169,185,183),(175,186,172),(186,
188,172),(172,188,185),(190,187,174),(192,174,171),(192,190,174),(191,193,
186),(193,195,186),(186,195,188),(33,171,24),(33,192,171),(34,192,33),(34,
197,192),(37,197,34),(197,190,192),(197,198,190),(199,198,197),(37,199,
197),(198,194,190),(199,200,198),(201,202,198),(198,202,194),(40,199,37),
(204,200,199),(40,204,199),(201,205,202),(207,205,201),(204,208,200),(203,
209,193),(193,209,195),(206,211,203),(203,211,209),(207,213,205),(214,215,
206),(206,215,211),(217,213,207),(219,208,204),(219,218,208),(217,221,213),
(222,223,214),(214,223,215),(49,204,40),(49,219,204),(50,220,49),(50,225,
220),(55,225,50),(225,217,220),(225,226,217),(227,226,225),(55,227,225),
(226,221,217),(227,229,226),(229,230,226),(226,230,221),(62,228,54),(232,
229,228),(62,232,228),(229,233,230),(234,233,229),(232,234,229),(231,235,
222),(222,235,223),(233,237,231),(231,237,235),(234,239,233),(239,240,233),
(233,240,237),(241,239,234),(242,234,232),(242,241,234),(241,243,239),(243,
244,239),(239,244,240),(72,232,62),(72,242,232),(73,242,72),(73,245,242),
(76,245,73),(246,241,242),(246,247,241),(249,247,246),(77,249,246),(247,
243,241),(249,250,248),(251,252,247),(247,252,243),(83,249,77),(253,250,
249),(83,253,249),(251,254,252),(255,254,250),(253,255,250),(252,256,243),
(243,256,244),(254,257,252),(252,257,256),(255,258,254),(258,259,254),(254,
259,257),(260,258,255),(261,255,253),(262,260,255),(260,263,258),(263,264,
258),(258,264,259),(92,253,83),(92,261,253),(94,262,91),(94,265,262),(96,
266,93),(265,260,262),(267,268,260),(269,268,267),(96,270,266),(268,263,
260),(269,272,268),(272,273,268),(268,273,263),(104,270,96),(274,272,271),
(105,274,271),(272,275,273),(276,275,272),(274,276,272),(273,277,263),(263,
278,264),(275,279,273),(273,280,277),(276,281,275),(281,282,275),(275,282,
279),(283,281,276),(284,276,274),(284,283,276),(283,285,281),(285,286,281),
(281,286,282),(112,274,105),(112,284,274),(113,284,112),(113,287,284),(116,
287,113),(287,283,284),(287,288,283),(291,289,287),(116,291,287),(288,285,
283),(292,293,290),(294,295,288),(288,295,285),(123,291,116),(296,293,292),
(123,297,291),(294,299,295),(300,299,294),(296,301,293),(295,303,285),(285,
303,286),(299,304,295),(295,304,303),(300,305,299),(308,309,299),(299,309,
304),(310,306,302),(312,301,296),(314,310,302),(310,315,306),(318,319,307),
(308,319,309),(134,298,122),(135,312,296),(136,313,134),(136,320,313),(138,
321,136),(323,310,314),(322,324,311),(325,324,322),(138,326,321),(324,316,
311),(325,327,324),(327,331,324),(324,334,316),(143,326,138),(335,327,325),
(143,335,326),(329,336,330),(340,337,328),(335,341,327),(333,342,317),(318,
343,319),(339,344,332),(333,346,342),(340,347,337),(347,348,338),(339,350,
344),(351,347,340),(352,341,335),(352,351,340),(351,353,347),(353,354,347),
(347,354,348),(148,335,143),(148,352,335),(149,352,148),(149,356,352),(17,
356,149),(356,351,352),(356,357,351),(177,357,356),(17,178,356),(358,353,
351),(177,179,357),(179,359,358),(358,359,353),(179,181,359),(359,360,353),
(353,360,354),(181,362,359),(359,362,360),(180,184,363),(185,365,183),(183,
365,366),(183,366,182),(185,367,365),(189,367,185),(367,368,365),(367,369,
368),(370,369,367),(189,370,367),(365,368,371),(365,371,366),(369,372,368),
(370,373,369),(373,374,369),(369,374,372),(368,375,371),(368,372,375),(196,
370,189),(376,373,370),(196,376,370),(373,377,374),(378,377,373),(376,378,
373),(182,366,379),(182,379,184),(366,371,380),(366,380,379),(371,375,381),
(371,381,380),(372,382,375),(374,383,372),(372,383,382),(381,375,382),(377,
384,374),(374,384,383),(378,385,377),(385,386,377),(377,386,384),(387,385,
378),(388,378,376),(388,387,378),(387,389,385),(385,389,386),(210,376,196),
(210,388,376),(212,388,210),(212,390,388),(216,390,212),(390,387,388),(390,
391,387),(392,391,390),(216,392,390),(391,389,387),(392,393,391),(393,394,
391),(391,394,389),(224,392,216),(395,393,392),(224,395,392),(393,396,394),
(397,396,393),(395,397,393),(389,394,398),(389,398,386),(394,396,399),(394,
399,398),(397,400,396),(396,400,401),(396,401,399),(402,400,397),(403,397,
395),(403,402,397),(402,404,400),(404,401,400),(236,395,224),(236,403,395),
(238,403,236),(238,405,403),(240,405,238),(405,402,403),(405,406,402),(407,
406,405),(240,407,405),(406,404,402),(407,408,406),(408,409,406),(406,409,
404),(244,407,240),(410,408,407),(244,410,407),(408,411,409),(412,411,408),
(410,412,408),(409,413,404),(404,413,401),(411,414,409),(409,414,413),(412,
415,411),(415,416,411),(411,416,414),(417,415,412),(418,412,410),(418,417,
412),(417,419,415),(415,419,416),(256,410,244),(256,418,410),(257,418,256),
(257,420,418),(259,420,257),(420,417,418),(420,421,417),(422,421,420),(259,
422,420),(421,419,417),(422,423,421),(423,424,421),(421,424,419),(264,422,
259),(425,423,422),(264,425,422),(423,427,424),(428,427,423),(425,428,423),
(419,424,429),(419,429,416),(424,427,430),(424,430,429),(428,431,427),(432,
431,428),(433,428,425),(433,432,428),(432,436,431),(278,426,264),(278,434,
426),(280,435,277),(280,437,435),(282,438,279),(437,432,435),(437,439,432),
(441,440,438),(282,441,438),(439,436,432),(441,442,440),(286,441,282),(443,
442,441),(286,443,441),(443,444,442),(445,446,444),(447,444,443),(447,445,
444),(445,448,446),(303,443,286),(303,447,443),(304,447,303),(304,449,447),
(309,450,304),(449,445,447),(449,451,445),(452,451,450),(309,452,450),(451,
448,445),(452,453,451),(453,455,451),(451,455,448),(319,452,309),(456,454,
452),(319,456,452),(453,457,455),(458,457,453),(456,459,454),(459,460,457),
(461,460,459),(462,459,456),(462,461,459),(461,463,460),(343,456,319),(343,
462,456),(345,462,343),(345,464,462),(349,464,345),(464,461,462),(464,465,
461),(466,465,464),(349,466,464),(465,463,461),(466,467,465),(467,468,465),
(465,468,463),(355,466,349),(469,467,466),(355,469,466),(467,470,468),(471,
470,467),(469,471,467),(471,472,470),(472,473,470),(474,472,471),(475,471,
469),(475,474,471),(474,476,472),(472,476,473),(361,469,355),(361,475,469),
(364,475,361),(364,477,475),(184,477,364),(477,474,475),(477,478,474),(379,
478,477),(184,379,477),(478,476,474),(379,380,478),(380,479,478),(478,479,
476),(380,381,479),(476,479,480),(476,480,473),(479,381,481),(479,481,480),
(381,382,481),(384,482,383),(383,482,483),(383,483,382),(384,484,482),(386,
484,384),(398,485,484),(386,398,484),(398,399,485),(399,486,485),(399,401,
486),(481,382,483),(413,486,401),(413,487,486),(414,487,413),(414,488,487),
(416,488,414),(429,489,488),(416,429,488),(429,430,489),(431,436,490),(427,
431,491),(427,492,493),(430,494,495),(488,489,496),(488,497,498),(487,499,
500),(486,500,501),(484,485,502),(482,484,503),(482,504,505),(481,483,506),
(481,507,508),(480,509,510),(470,473,511),(468,470,512),(463,468,513),(460,
463,514),(460,515,516),(516,457,460),(514,515,460),(514,463,517),(513,517,
463),(513,468,518),(512,518,468),(511,512,470),(511,473,510),(510,473,480),
(509,480,508),(508,480,481),(506,507,481),(506,483,505),(505,483,482),(504,
482,519),(503,519,482),(502,503,484),(502,485,501),(501,485,486),(500,486,
487),(499,487,498),(498,487,488),(496,497,488),(496,489,520),(520,489,495),
(495,489,430),(494,430,493),(493,430,427),(491,492,427),(490,491,431),(490,
436,521),(521,436,522),(522,436,439),(457,523,524),(455,525,526),(448,527,
528),(529,442,530),(530,446,528),(528,446,448),(527,448,526),(526,448,455),
(525,455,524),(524,455,457),(523,457,516),(444,446,530),(444,530,442),(531,
440,442),(442,529,531),(439,532,522),(48,44,533),(56,48,534),(534,48,535),
(533,535,48),(63,57,536),(63,537,538),(68,64,539),(80,68,540),(540,541,
80),(540,68,542),(539,542,68),(539,64,543),(543,64,538),(538,64,63),(536,
537,63),(32,27,544),(38,32,545),(545,546,38),(545,32,547),(544,547,32),
(548,85,549),(549,80,551),(551,80,541),(550,84,78),(549,79,80),(86,85,548),
(90,86,552),(90,553,554),(554,100,90),(552,553,90),(552,86,555),(548,555,
86),(11,5,556),(22,11,557),(25,22,558),(558,559,25),(558,22,560),(557,560,
22),(557,11,561),(556,561,11),(98,102,562),(107,106,563),(564,107,565),
(563,565,107),(563,106,566),(131,128,567),(141,131,568),(144,141,569),(146,
144,570),(571,146,572),(572,146,573),(570,573,146),(570,144,574),(569,574,
144),(569,141,575),(568,575,141),(568,131,576),(567,576,131),(567,128,577),
(571,13,146),(578,1,3),(579,3,9),(578,3,579),(571,9,13),(579,9,571),(125,
120,580),(580,581,125),(564,110,107),(119,110,564),(582,43,42),(582,42,
584),(533,44,583),(586,119,564),(580,120,587),(588,125,581),(128,126,589),
(589,577,128),(562,590,98),(106,99,591),(591,566,106),(592,101,594),(562,
102,593),(596,4,1),(596,1,578),(556,5,597),(595,100,554),(598,26,25),(598,
25,559),(544,27,599),(534,600,56),(536,57,601),(585,41,38),(585,38,546)),
());
#1814=COMPLEX_TRIANGULATED_FACE('ConvergentBody',#1824,566,((0.658590121729345,
-0.0737182744209716,-0.748882278850903),(0.478528291940945,-0.0373417321249062,
-0.877277760378088),(0.231970912879233,-0.107119577895686,-0.966806543011282),
(0.64266937730116,-0.180802735252731,-0.744504158755658),(0.274616157134534,
0.00535463259037995,-0.961539023727317),(0.830133238171939,-0.0405109452847843,
-0.556091422514593),(0.646069854683363,-0.0378612907996865,-0.762338681642484),
(0.585119611019343,-0.233214933929406,-0.776689021032791),(0.16852787736221,
-0.221932630000836,-0.960387558380834),(0.54995337753094,-0.212197257611399,
-0.807789332935583),(0.0366314476824498,-0.166892286100616,-0.985294423957021),
(0.855451955649638,-0.0705064042089327,-0.513060228960242),(0.987504908080322,
-0.154162472327403,-0.0326800955197203),(0.970390563048033,-0.0941423500871381,
-0.222439594198946),(0.198822488805158,-0.0699087742496805,-0.977538941029067),
(-0.0662921295736836,-0.174661119869667,-0.982394445608514),(-0.0818899347537831,
-0.195496824186866,-0.977279402381362),(0.0797524191345107,-0.271288337592768,
-0.959188297222368),(0.225046389984222,-0.263267021047268,-0.938106922468845),
(0.0457799671054169,-0.263805064599464,-0.963489015247968),(0.845876326376021,
-0.172098368319967,-0.504851851633934),(0.693129299431899,-0.58276094672021,
-0.424218638495303),(0.39691328316763,-0.270126772755395,-0.877206573325718),
(0.980270462452239,-0.170994074319236,-0.0991506277911572),(0.99050191996586,
-0.133216842199049,-0.0340473126466323),(0.785259186697982,-0.583033645320771,
-0.208422115262268),(0.854739517022845,-0.180526880750507,-0.486652240687377),
(0.98537856963469,-0.114138348838759,-0.126497082294629),(0.976619478072585,
-0.186140354150889,-0.10754609990982),(0.940392510803816,-0.323433714469145,
-0.105131146520841),(0.994788956569303,-0.0960034235874364,-0.0343260039510516),
(0.986120036005514,-0.165668908369394,0.0110039714729468),(0.991939267047384,
-0.0883227970127286,0.0908601893974881),(0.973677373228081,-0.226374185387746,
-0.0265913717904681),(0.973329908069519,-0.220106962965174,0.0646669537834393),
(0.975802130716301,-0.0543601060387161,0.211790416593826),(0.949877211231222,
-0.310345299828416,-0.03767065778569),(0.951706171499615,-0.306865397563287,
0.00943349923794546),(0.981179317975494,-0.171298106248695,0.0891297075769605),
(0.957859503600357,-0.285492533587665,0.0316098818120824),(0.958433168799849,
0.0514603228685911,0.280638016160571),(0.99570076712382,0.087123817123335,
-0.031455092415954),(0.910390675673915,-0.129258572960245,0.393040759924812),
(0.965649271175429,-0.25127361627611,-0.0662046436580465),(0.94642762195933,
-0.321168571240641,0.033548550485127),(0.932576475785118,0.105236330256446,
0.345291806457038),(0.621701651663075,0.12753592916776,0.772801166595083),
(0.399954164138398,0.08143018664567,0.912910615170624),(0.480784391087211,
-0.151970855290401,0.863568890378297),(0.911851650043637,-0.121316395760339,
0.392184778430293),(0.262463060116775,-0.139012118500285,0.954876312924455),
(0.0559932175285575,-0.0568054528992095,0.996813874357553),(0.918816355288103,
-0.37738627079791,0.115568628391672),(0.567065086470133,-0.194881417290318,
0.800286461775743),(0.557432566754673,-0.502474426370391,0.660899677988304),
(0.890155758949308,-0.376335983539047,0.256892880989488),(0.0241324906068931,
-0.0867565644694333,0.995937207568112),(0.0692741976808114,-0.0599790112199667,
0.995792952248988),(0.0824228552102371,-0.47893043678368,0.873974890749835),
(0.541444074870352,-0.51009921412084,0.668309139202128),(0.622062302376157,
-0.162133259661881,0.765996930851481),(0.0302515361900575,-0.142743712996577,
0.989297264202268),(0.0211318343048344,-0.135460581196717,0.990557356502268),
(0.098743057139765,-0.0347369678769681,0.994506486519524),(-0.11761783462915,
-0.436520050761506,0.891973256471472),(-0.0138880166023238,-0.106156275286903,
0.99425246703846),(-0.130841757051212,-0.0461246003784944,0.9903297207757),
(-0.0270483255694037,-0.180999462519617,0.983111175122886),(-0.147406610487029,
-0.581746497385809,0.799901433905496),(-0.202959002218709,-0.231927448229794,
0.95132397330037),(0.203641118284791,-0.328842694711759,0.922167434405721),
(-0.0662030789799744,-0.586881348795514,0.80696185459384),(-0.318494662785397,
-0.106717418210917,0.941898371602591),(-0.22770265937282,-0.393487304420358,
0.890684703009177),(-0.264791570881913,-0.510978382895247,0.817793688043413),
(0.202366278984231,-0.415306017715149,0.886887140948419),(-0.331715199174541,
-0.285318373195141,0.899198783670148),(-0.0495395107569151,-0.00772299513161661,
0.998742305211991),(-0.294739276464693,-0.35696201260725,0.886401083293816),
(0.0757638744514075,-0.00494939883352189,0.997113503458507),(0.175304226517176,
-0.378143573319339,0.908997176080595),(-0.543535094440657,-0.106112874867664,
0.832652183626937),(-0.0816001852056677,0.0120393715877105,0.996592425872369),
(-0.0673450006433668,0.00616891480925069,0.997710677189746),(-0.392388696229372,
0.0468980415734818,0.918603116023446),(0.0247481421955259,0.00561370451187705,
0.999677956033604),(0.0723817044936945,-0.332702929336513,0.940249780465537),
(-0.585192522113232,-0.0601561951815715,0.808659968246253),(-0.932037347588748,
-0.13882227767147,0.334715936163542),(-0.673231314487013,0.100583700835842,
0.732558882493588),(-0.688432136401528,0.0900292897608869,0.719691545423995),
(-0.968752323528484,0.11256841798754,0.221014223365708),(-0.761506406297329,
0.00921987653483527,0.648091804488229),(-0.381207892253442,0.0482918236863657,
0.923227189075762),(-0.780269535200405,-0.0109824235182551,0.625346974736274),
(-0.989253254989652,-0.0157900979583678,0.145357044200973),(-0.963076683095102,
0.0773527555325572,0.257875655481584),(-0.455681370291845,-0.0498083364491415,
0.888748343677284),(-0.257530953571728,-0.456628099755735,0.851568309923463),
(-0.00220925446953994,0.0368209078256662,0.999319438388738),(-0.802448387882245,
-0.0965850419700785,0.58885304996478),(-0.566246806082904,-0.563310234408957,
0.601702696031051),(-0.486696150875559,-0.0678813052537026,0.870929954198366),
(-0.976120373508318,0.0147207540458748,0.216730975687148),(-0.965536285968838,
0.0125406298639985,0.259966176800206),(-0.70700005209591,-0.595077367639881,
0.382143759414137),(-0.814241408631981,-0.106246280803022,0.570721172101169),
(-0.985836875674363,0.0179375347638422,0.166745013140443),(-0.984548874757738,
-0.0514546000769072,0.167379620456607),(-0.946261952034078,0.053552173834964,
0.318936487110219),(-0.921350146914087,-0.382184051403751,-0.0710581285568772),
(-0.74344204867281,-0.573218468389966,0.344549717402056),(-0.994662304073308,
0.101493266195024,-0.0186015529632118),(-0.990539844995448,0.0822509656100428,
-0.109843498362938),(-0.999428116181351,-0.0332576843254239,-0.00611285690218254),
(-0.86176555975071,-0.473364180708136,-0.18244580688539),(-0.978177201314738,
-0.0671810465268452,-0.196611469186375),(-0.979447266955616,-0.0630607431050999,
0.191589127907109),(-0.858199043044546,-0.471405108151229,-0.203154193966932),
(-0.999337150124584,-0.0248159671589353,0.0266350925442507),(-0.914660864049711,
-0.396641937035485,-0.0779145529447175),(-0.879638661892105,-0.472976188128292,
-0.0502926432820796),(-0.979447266955616,-0.0630607431050999,0.191589127907109),
(-0.973270817712784,-0.0215342718415632,-0.228648618025438),(-0.977638470333883,
-0.121185746829761,0.171863422776748),(-0.821367237593056,-0.487410290575382,
-0.29628882808836),(-0.994905729377835,0.0203418090070778,-0.0987360139841486),
(-0.86957102992266,-0.485720331835405,0.0890055232047388),(-0.979447266955616,
-0.0630607431050999,0.191589127907109),(-0.985637249464644,-0.0176296804712087,
0.167953585356951),(-0.84290663165219,0.0335467839446964,-0.537013057200406),
(-0.75305147996371,-0.487603604669528,-0.441764861931944),(-0.74451684127273,
-0.51057958885906,-0.430119932695278),(-0.832021345738384,-0.0575348603700132,
-0.551751955209849),(-0.929877520064619,-0.0812791688590059,-0.358777778559463),
(-0.926661724483983,-0.145332558228425,0.346664817792565),(-0.865119115489286,
-0.501343146767244,0.0149654670676791),(-0.700081596052302,-0.49781433738562,
-0.511924451811181),(-0.828454295846226,0.0180288404150374,-0.559766416112313),
(-0.320786780062419,-0.0744437550246331,-0.94422135597275),(-0.197434375294464,
-0.47418241641738,-0.858003906408741),(-0.283174609981208,-0.301289271216365,
-0.9105146431068),(-0.534489600869325,-0.243838993992472,-0.809236313799183),
(-0.613351778203594,-0.536129783833037,-0.579969353553815),(-0.457993053442268,
-0.264620023681567,-0.848656942507038),(-0.231349599067088,-0.262943842093937,
-0.936663172606021),(-0.218483201620972,-0.194298229847738,-0.956301881461856),
(-0.771637022122362,-0.148231435839567,-0.61854971305391),(-0.532069929321323,
-0.156710381724628,-0.832071779699158),(-0.281707563786426,-0.300399980613917,
-0.911263244157623),(-0.288452187559014,-0.209971584038,-0.934188026785289),
(0.0123227926320358,-0.208419082295898,-0.977961980302242),(0.0807337901787619,
-0.134114530483845,-0.987671680183486),(0.0743146802562789,-0.332468094413513,
-0.940182053910547),(-0.148104362337499,-0.278370319016125,-0.948986334647377),
(0.0663868828024662,-0.267390747830583,-0.961298585126584),(-0.0248048168122977,
-0.209663991854317,-0.97745881324106),(-0.0559002947326268,-0.217397996125073,
-0.974481025125481),(-0.0926887558844522,-0.0778104798971178,-0.992650151740669),
(0.207700682980774,-0.54031383657334,-0.815427117709926),(0.555761339574779,
-0.674591199641531,-0.485855993891449),(0.131390753866636,-0.484343655135075,
-0.864955313024178),(0.668455787137993,-0.638137487596984,-0.382030636945697),
(0.27592793551766,-0.621702290802883,-0.733041633204697),(0.521425799612021,
-0.729908337335674,-0.441982979974158),(0.270750345287567,-0.602772830171995,
-0.750572558606499),(0.269633502333011,-0.559994449294795,-0.783392616239554),
(0.685395314915068,-0.522728072630438,-0.506940454468316),(0.782817019501256,
-0.567017617065087,-0.256297748560148),(0.337616631485238,-0.613487946876905,
-0.713896035274969),(0.171569954166741,-0.474909292080005,-0.863148257904336),
(0.755677145557133,-0.470579007401182,-0.455529855745968),(0.305367244429995,
-0.436941243350785,-0.846069261874169),(0.316193515401059,-0.568713413442352,
-0.7593330719711),(0.3921711276999,-0.803436729782181,-0.447985745125337),
(0.840375475081315,-0.487209626576971,-0.237478084573256),(0.465875721097235,
-0.470822659573921,-0.749190119878706),(0.859146268455712,-0.417876924651987,
-0.295375295585165),(0.868917537921344,-0.401427206358876,-0.289548804673095),
(0.177854449640128,-0.353504156919787,-0.918369536615647),(0.421735761833533,
-0.533799902754237,-0.732936976151604),(0.040295223107325,-0.386636373864225,
-0.921351512398962),(0.35472931811581,-0.528575952019695,-0.771216295092088),
(0.3921711276999,-0.803436729782181,-0.447985745125337),(0.149147847150479,
-0.871276209652602,-0.46758174278277),(0.0578053861515995,-0.570947309996408,
-0.818949147712927),(0.0391456955025927,-0.49100804960624,-0.870275077056384),
(0.3921711276999,-0.803436729782181,-0.447985745125337),(0.0695011209266597,
-0.754237950911453,-0.65291248080798),(0.281252926182175,-0.609522805152956,
-0.741200877976028),(0.870280148929589,-0.465402109224173,-0.161286512482549),
(0.728165770615915,-0.64777263196281,-0.223975953582758),(0.442223413862668,
-0.673590015009993,-0.592211907943841),(0.886945753757436,-0.445380642313125,
-0.12232462280507),(0.903903170431943,-0.413866132275116,-0.10804574512084),
(0.833620460811478,-0.538584043648337,0.122491449676564),(0.770836071059159,
-0.635775056142308,-0.0400228627327563),(0.93611085356654,-0.348364549229488,
-0.0483591839784338),(0.830086425851629,-0.55714372460542,0.0233964901142845),
(0.896835133539747,-0.422817600837281,0.130046221286704),(0.829698642095732,
-0.554302843979182,0.0659433124819289),(0.792902979192126,-0.602413222659082,
0.091668831964582),(0.886635946492653,-0.433575942628111,0.160899348541949),
(0.820732144423007,-0.568363157668326,-0.0579833434367347),(0.892499957771926,
-0.444231605384412,0.0781159788692272),(0.793469184559271,-0.575070940761622,
0.199248754692188),(0.831552825673096,-0.550590000137816,0.0732840355284167),
(0.826014884230058,-0.563007361703665,0.0268723221527636),(0.809687074736009,
-0.584573644640293,-0.0517734970560158),(0.881132627868221,-0.460166518874165,
0.10886719897782),(0.901195680030682,-0.426698753046561,0.0759902654459501),
(0.806848347424051,-0.58231317158988,0.09953448875648),(0.762558129719849,
-0.646640109449046,0.0190175616179222),(0.917777740467576,-0.391750454601742,
0.0649276552907862),(0.511791808856315,-0.51488047462991,0.687726138250147),
(0.865683580700877,-0.483605365755654,0.129297286581151),(0.56347789390054,
-0.548837912104679,0.617470330722042),(0.516163939170071,-0.512502781308005,
0.686232968496847),(0.0021578008559942,-0.445209867037141,0.895423652908631),
(0.59150461907859,-0.544065342896007,0.59507578363444),(0.140828726995982,
-0.413833225273287,0.899393868843123),(0.701396524443679,-0.654942998720713,
0.281234037636002),(-0.0947199543009319,-0.386035838054661,0.917608011078078),
(0.462362718397501,-0.746388030669926,0.478670684613902),(0.20611129455844,
-0.510802635521939,0.834624946787049),(0.0524291858023788,-0.359988530455317,
0.931482387604146),(0.681307495116655,-0.720373695965291,0.129930116828916),
(0.510208374228568,-0.813522559942298,0.279049205933242),(0.107809009301963,
-0.448471589542312,0.887271351327609),(0.0842942251437596,-0.808999470553906,
0.581733908458939),(0.265626016884604,-0.8467749910752,0.460884946210672),
(-0.11470880114934,-0.222916561121674,0.968065130926927),(-0.253424469489642,
-0.285140104650303,0.924376091741834),(-0.00428406554379886,-0.311320990581655,
0.950295158151231),(0.0355748555393477,-0.775793007074636,0.629983840925661),
(0.0978737719727665,-0.815012482713169,0.571117656688654),(-0.350372649910737,
-0.434116595173423,0.829928784890344),(0.2441171923672,-0.408898583234127,
0.879322890080703),(0.264323154111551,0.0790021620467272,0.961192971568386),
(-0.247879011755989,-0.0136298732129911,0.968695113070708),(-0.127154951862596,
0.0812506371107747,0.98854941818096),(0.264323154111551,0.0790021620467272,
0.961192971568386),(-0.0284608496500469,-0.224671609065582,0.974018813020097),
(0.264323154111551,0.0790021620467272,0.961192971568386),(0.1902130894082,
-0.275455214239636,0.942307489923531),(-0.012180502882428,-0.250854824614175,
0.967948083482437),(-0.0105877407450422,-0.217131241202547,0.976084998265908),
(0.0148904632421226,-0.675897610332959,0.73684509528844),(0.00581651823384456,
-0.361894434609213,0.932200936662538),(-0.16130913203829,-0.380438192015371,
0.910629532783299),(0.0240852028519509,-0.553230049275582,0.832680260113158),
(-0.127164047376261,-0.409178180631839,0.903549955204308),(0.123269043770895,
-0.787892222365971,0.603349474834461),(0.148885553613803,-0.738350630986138,
0.657777650614159),(-0.274133939574307,-0.485919941492266,0.829899026167414),
(-0.23906240848436,-0.493876911525397,0.83602318216171),(-0.16447414122101,
-0.880865693568588,0.443873728399803),(0.180159263493936,-0.848415863295439,
0.497728000705182),(0.143267662668948,-0.43495650105244,0.888981000373796),
(-0.371438622948903,-0.501337186417459,0.78146936913538),(-0.37541609114329,
-0.508482642581052,0.774924616143069),(-0.460371145008244,-0.583897803060237,
0.668671641708564),(-0.349459410377243,-0.632940168430436,0.690843588438108),
(-0.0869577800702907,-0.834351268816723,0.544331061679537),(-0.650705371727292,
-0.541492666060246,0.532323409036474),(-0.650021289261875,-0.528198454053109,
0.546332057124818),(-0.735934089097556,-0.522241488990347,0.430888435306978),
(-0.758575017234887,-0.550184606587373,0.349085722855275),(-0.659181191601755,
-0.610124389542915,0.439577508436653),(-0.747902014764635,-0.506609747341282,
0.428939553095541),(-0.870935962025464,-0.479643858208937,-0.106828457506529),
(-0.76704357908301,-0.59125085855018,0.249131631976355),(-0.826049038154977,
-0.553843319153234,0.104405768004294),(-0.513361902477369,-0.656227140333176,
0.553014916051057),(-0.197093787412203,-0.632187620001435,0.74932826723702),
(-0.653607874994733,-0.607173906451794,0.451814777391065),(-0.828137509335067,
-0.524440320210554,0.197865146424941),(-0.764529725219696,-0.518326350669567,
0.383186760545123),(-0.895622166300959,-0.444790922021474,0.00468731454714609),
(-0.883681567801582,-0.456844742132861,-0.10197925432801),(-0.899060421688527,
-0.40574996411045,0.164491108506255),(-0.826343175166246,-0.442165896532692,
0.348778263083593),(-0.909833625679861,-0.412603203406017,0.0442873584821977),
(-0.929236127901178,-0.365768977041583,0.0522807233804172),(-0.896399958694503,
-0.385920300121701,0.218019806454529),(-0.898850945048545,-0.418304658948059,
0.130721807238449),(-0.931535595132973,-0.359234056576314,0.0565006866859369),
(-0.904843897401756,-0.281898669394082,0.319046488036849),(-0.892658835460291,
-0.167413060323048,-0.418489032960183),(-0.705369421854488,-0.659559044691797,
-0.259684125964429),(-0.898675484535759,-0.438101525308773,0.0211996937842338),
(-0.82109846317088,-0.568749123613679,-0.0481845220697614),(-0.885050258579034,
-0.419500779992233,0.201755137171508),(-0.895668860525651,-0.444488265778278,
-0.0144039532803048),(-0.820621367207595,-0.568933312912343,-0.0538094521522376),
(-0.809638244406243,-0.561551091174128,-0.170722831501599),(-0.791475405553749,
-0.580381344524456,-0.19163553253902),(-0.592109457864823,-0.572170613532228,
-0.567474386133135),(-0.723115360830304,-0.647230769130596,-0.241239520854018),
(-0.93945549350185,-0.0963018717439205,-0.328860647125516),(-0.669055055637658,
-0.154131063411683,-0.727054982664498),(-0.481396352107377,-0.629155008185156,
-0.610263490513111),(-0.735019417330383,-0.617602019331615,-0.279846747104225),
(-0.697778064473176,-0.700907579610314,-0.147764466584086),(-0.485272467322935,
-0.755807640743403,-0.439619656808249),(-0.66094044872199,-0.158852640036185,
-0.733432724928953),(-0.296749255770647,-0.159219579756969,-0.941588553786409),
(-0.191763675790973,-0.523026779061213,-0.830463533836368),(-0.512303553937257,
-0.619893058613406,-0.594371655200828),(-0.622024272485786,-0.560613870066358,
-0.546624087584648),(-0.262574655400049,-0.488684273122526,-0.832010956384742),
(-0.165208812300013,-0.329839991611531,-0.929468465453307),(-0.250066849865261,
-0.443825063516598,-0.860514894463166),(-0.370504904208346,-0.435192001035378,
-0.820569337833426),(-0.28156233230397,-0.726612470461826,-0.626703255773345),
(-0.653712595383373,-0.616667525176878,-0.438612592191969),(-0.127432191201166,
-0.309985244139969,-0.942162504593105),(-0.197470340030586,-0.582203001049233,
-0.788698377313832),(-0.20283664364002,-0.400128499934169,-0.893730652678582),
(-0.46662790720663,-0.157219645285244,-0.87036795629914),(-0.462997710082845,
-0.519388456823694,-0.718240037436193),(-0.562273963715882,-0.799025313783472,
-0.213088098354777),(-0.29972655420469,-0.846008458064761,-0.440946347742522),
(0.00100570250620026,-0.676543901326788,-0.736401614704909),(-0.462997710082845,
-0.519388456823694,-0.718240037436193),(0.0517531651261247,-0.796812003586753,
-0.602006844512163),(-0.462997710082845,-0.519388456823694,-0.718240037436193),
(-0.282665152887581,-0.17807936035419,-0.942543448737979),(-0.0526227234397857,
-0.758593449580778,-0.649435776063281),(-0.193578405047799,-0.190464479500765,
-0.962419182657771),(-0.0630063556847942,-0.798812759205276,-0.598271154974209),
(0.164081028663021,-0.782300910283683,-0.600901574138565),(0.00332772936587337,
-0.164457156794926,-0.986378613817329),(0.233122676014099,-0.411533534173971,
-0.881075461114601),(-0.106782662555913,-0.73107276774956,-0.673891735542489),
(0.347663244450686,-0.591492572712583,-0.727507254179552),(-0.0362227302822041,
-0.84301178668094,-0.536674055016554),(0.0267178969969628,-0.828957179620335,
-0.558673561515095),(0.0209261063467545,-0.851608608927901,-0.523760322354652),
(0.0286739230900166,-0.650554224383707,-0.758918313964778),(-0.0675258471224042,
-0.591205615548859,-0.80368910662886),(0.244546416295262,-0.758085055230749,
-0.604569350292369),(-0.00230845859464384,-0.81829113919093,-0.574799341110032),
(0.161740389117572,-0.885102501026842,-0.436386994769694),(0.360899790416867,
-0.795100885450732,-0.487407348357125),(0.624102840587066,-0.765445809205229,
-0.156806752218481),(-0.0969775817154676,-0.73944147280407,-0.666199412294823),
(-0.00804946267819118,-0.906388188201062,-0.422369102137205),(0.365929750029945,
-0.888003797908877,-0.27846844155565),(0.080327571931244,-0.934840107164277,
-0.34586334761682),(-0.0636936154688708,-0.860720443770708,-0.505077658408744),
(0.61053199373375,-0.773353757126725,-0.170805886799811),(0.751499987905421,
-0.642899729539416,0.148080065965337),(0.470079808553722,-0.850327950501018,
-0.236574195944602),(0.665028029282511,-0.744937166811475,0.0529748786833142),
(-0.0671159712216827,-0.663244253637311,-0.745387487434593),(-0.117510278920376,
-0.702701049354489,-0.701714022650364),(-0.0812108312051066,-0.808771702965771,
-0.582488740987173),(0.702248290495247,-0.710678626987454,0.0422282800943841),
(0.423969485790573,-0.891135787771511,-0.161638123199092),(0.783666340194771,
-0.602445405946561,0.151415323199526),(0.834897446063153,-0.54474647882436,
0.0787243822820114),(0.742851150197998,-0.666811789263495,0.0594491913210661),
(0.7977439623377,-0.601481606615399,0.042713551211598),(0.706936918724938,
-0.696314513822732,0.124041488154175),(0.706053321760052,-0.698324752158402,
0.117606323616133),(0.598581182773815,-0.763446732899861,0.242589475562377),
(0.576924885233202,-0.788205556052577,0.214218762498771),(0.452729691826435,
-0.822524692722523,0.34422224797427),(0.43415546995913,-0.847039979052309,
0.306646868224072),(0.283551827534984,-0.874520311619326,0.393462305267997),
(0.23382869179654,-0.867820462054104,0.438419648890102),(0.11714537174031,
-0.895941304860194,0.428446192800493),(0.0534594235548758,-0.893503700603568,
0.445862340909065),(0.0851357377773997,-0.857241152622498,0.50782823119983),
(-0.0454038964369911,-0.890838251215264,0.452046121938978),(-0.0178323484623933,
-0.900620781572145,0.434239812947516),(-0.0567221641698683,-0.907496916688289,
0.416211415380615),(-0.0590643942974112,-0.899045026015537,0.433854167345437),
(-0.00458320426259449,-0.900466558878818,0.434901104366989),(0.0333634771130302,
-0.909223656726416,0.41496893913156),(0.096129515005859,-0.881242866201608,
0.46278518463053),(0.0724428233531562,-0.895846014008328,0.438419840483997),
(0.170708704534269,-0.899158454672453,0.402954850556832),(0.135234015745336,
-0.911093270406788,0.389385173838005),(0.172854639262172,-0.912253009902561,
0.371370057502302),(-0.0615729255491369,-0.81606836589834,0.574666161366174),
(0.177776545354842,-0.916506329767896,0.358345709360497),(0.0922339407600946,
-0.897423902093666,0.431420027493905),(0.0509030037761919,-0.950504218212986,
0.306513646296345),(0.0316866075875901,-0.736499527712124,0.675695496935867),
(-0.39300422983105,-0.786008459662089,0.47721942193768),(-0.197093787412203,
-0.632187620001435,0.74932826723702),(0.161122586450326,-0.887609978650879,
0.431495119248113),(0.169495758686821,-0.88893656869671,0.425514940537813),
(0.103770602691101,-0.912651430883773,0.395346718366204),(0.182296006647863,
-0.889713482507383,0.41854281143609),(0.234450482136196,-0.845128706823102,
0.480406536518412),(0.114836684963508,-0.836224686289808,0.536228318746879),
(-0.228598483247346,-0.914393932989327,0.334105475515328),(0.0378537065887658,
-0.917870977709239,0.395069570046312),(-0.197093787412203,-0.632187620001435,
0.74932826723702),(-0.498651746682592,-0.614482834789593,0.611356918075968),
(-0.228598483247346,-0.914393932989327,0.334105475515328),(-0.459378999834119,
-0.581543525064724,0.671400076680588),(-0.671943171590429,-0.516107729507547,
0.531154577967243),(-0.42281849436797,-0.802851783948694,0.420301717615812),
(-0.0285124564090074,-0.719600090325346,0.693803105955341),(-0.228598483247346,
-0.914393932989327,0.334105475515328),(-0.702312991709678,-0.553980506999356,
0.447059346776845),(-0.400945167436006,-0.7782612903198,0.483272528393114),
(-0.747694017300518,-0.569627001003257,0.341289812653482),(-0.808929627578022,
-0.564538554218971,0.164100817873757),(-0.794401491997855,-0.596980236135426,
-0.111986013301993),(-0.661449952796637,-0.660905065962398,-0.354525674289699),
(-0.473872296975153,-0.764447132646468,-0.43711054385371),(-0.675781818240324,
-0.731516401187975,-0.0905686972899318),(-0.300828456976894,-0.872130386658902,
-0.38586374297036),(-0.344065660341199,-0.755363518012067,-0.557713884559465),
(-0.180746289338363,-0.801884038391858,-0.569484651121326),(-0.0977674645681007,
-0.893361331752035,-0.438573886365976),(-0.0719509056423962,-0.825274542619687,
-0.560129446182849),(0.0702058032018685,-0.835188562151922,-0.545464215918319),
(-0.00707524418245309,-0.805022613203311,-0.593201932861881),(-0.0820346359066614,
-0.770839759150755,-0.631724927657654),(0.0925496945308054,-0.773265547508739,
-0.627291755946357),(-0.0907748644369073,-0.778074946028919,-0.621578074217999),
(0.00019355165762,-0.76191735336625,-0.64767423074963),(-0.0890385822725415,
-0.756361246375227,-0.648066197119252),(-0.0759665656789949,-0.763316757656206,
-0.641542366785044),(-0.0285147980259062,-0.717118567652618,-0.696367622898565),
(0.0110553933953522,-0.752821415066485,-0.658131974070679),(-0.0442541723192317,
-0.736844055388572,-0.67461278246922),(-0.0338241261091999,-0.742462121632662,
-0.669033576462105),(-0.0820611480192,-0.704686686946416,-0.704757150532192),
(-0.0458592184884139,-0.762678465997314,-0.645149974489356),(0.00618851264767027,
-0.790658530387181,-0.61222609437788),(-0.405159427684112,-0.783124087721266,
0.471765303291179),(0.197250233942608,-0.83482973859024,0.513956858865545),
(0.243270531287128,-0.83886214341808,0.486959703617561),(0.248486168577379,
-0.838035709080703,0.485747644699733),(0.27156942374507,-0.854200982578511,
0.443385531393028),(0.140303081416222,-0.911093353869453,0.387587339679749),
(0.0962688222142637,-0.915199365578954,0.391334173199018),(0.0200887702486575,
-0.906357906212078,0.422032921887326),(-0.110345290489466,-0.883449906746525,
0.455346218976672),(-0.025323250760816,-0.924641546214297,0.379995715746031),
(0.455400812408044,-0.828525432797016,0.325815449705214),(0.577853046624312,
-0.794277692228528,0.187640092024932),(0.508695917244576,-0.818798497834487,
0.266077965496368),(0.235266542802424,-0.879213738800161,0.414285958418624),
(0.0146606523375575,-0.911266837552874,0.411555362071036),(-0.0537907256315707,
-0.948534559190035,0.312071703071898),(0.113511725870258,-0.915031695294139,
0.387081496195685),(0.239311814604671,-0.892469637030745,0.382397440327247),
(0.224906091196481,-0.82753554918289,0.514394950384715),(0.00512027589533608,
-0.758247876523223,0.651946271193247),(0.632681378158919,-0.77040306448547,
0.0786981064723077),(0.600836797190487,-0.798671562776644,0.0334496330890247),
(0.58559814555432,-0.810595886328819,0.00302009770339736),(0.541704577045353,
-0.838470835933805,-0.0593532517776487),(0.24981354808678,-0.922343036719488,
-0.294748221041905),(0.306957741718431,-0.939350270033002,-0.152964097055642),
(0.641418266658567,-0.766720942734431,0.0268626724125618),(0.612943011141003,
-0.780114804326289,0.1253864313407),(0.0219031218455051,-0.928638957763777,
-0.370337601894308),(-0.0274936290381788,-0.885561439445362,-0.463707922435848),
(-0.0646596573514339,-0.868638258967776,-0.491209429641396),(0.0077348019177645,
-0.808098785488737,-0.588996201796685),(-0.0957578472473251,-0.759634374248034,
-0.643262040036062),(-0.134216370770278,-0.744693268301759,-0.65377205657882),
(-0.140389808229705,-0.747848115832129,-0.648855837140701),(-0.0479900505765303,
-0.771675417761303,-0.6342034410728),(-0.101105643469059,-0.785722182299017,
-0.610260846771261),(-0.154348262441026,-0.776266924744034,-0.611217044453013),
(-0.186373570203423,-0.750297388738986,-0.634285992893655),(-0.291453658567601,
-0.756228651192635,-0.585809689253199),(-0.401223950794663,-0.733231792128114,
-0.548990419152572),(-0.515505784196036,-0.698401490844133,-0.496476730619998),
(-0.678557790067143,-0.663748856742029,-0.314637538626344),(-0.597969883322961,
-0.683892129523722,-0.417999490208101),(-0.332205715590483,-0.768134518471088,
-0.547365256535529),(-0.12333414590322,-0.753834739239623,-0.645385058991803),
(-0.0416283397282101,-0.790241943398454,-0.611379384854697),(0.0379604208211164,
-0.841461880000893,-0.538981364201441),(0.0142594365076648,-0.817896692528127,
-0.575188376814096),(-0.0223085484557911,-0.857839292190947,-0.513433615415986),
(0.0222492989057861,-0.925541641087495,-0.377991586296928),(0.070645395737677,
-0.948573185847961,-0.308574365674331),(-0.766546715071036,-0.641456599185224,
0.0306523241456516),(-0.723351988130777,-0.637135636870919,0.266120426679991),
(-0.608136309479414,-0.699037945021449,0.376186364070984),(-0.662138148933987,
-0.644772181290798,0.381892531950781),(-0.75359017741612,-0.638623367416793,
0.155762765419651),(-0.734528685279359,-0.661434303625452,-0.151566066417548),
(-0.42281849436797,-0.802851783948694,0.420301717615812),(-0.0285124564090074,
-0.719600090325346,0.693803105955341),(-0.613366782901349,-0.719987180709972,
0.324653121418162),(-0.352269884196874,-0.718744199208153,0.599426980367544),
(-0.442264837705633,-0.0740248692152761,-0.893824441412782),(-0.464762448885325,
0.0175327825491577,-0.885261807400613),(-0.856412908424699,0.0488795588357904,
-0.5139724885746),(0.0248847413510418,-0.180464793316775,-0.983266600684181),
(0.119502035363099,-0.0658448211075198,-0.990648132828905),(0.205183236024952,
-0.161720832836984,-0.965270020191677),(0.564493723287865,-0.201899761975014,
-0.800364493517195),(0.345953754350251,-0.081371530244649,-0.934716360141733),
(0.114368966525237,0.0190885631783314,-0.993254935176129),(-0.0308474377346718,
-0.135264786542828,-0.990329174116732),(0.0936452274630635,-0.195254328364657,
-0.976271641823247),(0.169657593421476,-0.00590184777364838,-0.985485397754472),
(0.187487549115895,-0.197443377321762,-0.962218546733688),(0.710601107013923,
-0.249994712379854,-0.657684354757433),(-0.991422135258151,0.0902247440405512,
0.0945602732810387),(-0.966682672011987,0.196937332737334,-0.163524611621827),
(-0.993905456884905,0.0979647932293271,-0.0505454455113747),(-0.998193706206492,
0.0513024390885345,0.0312631513657144),(-0.976106716535263,0.214155905315072,
-0.0367821444919947),(0.98638265693996,0.0147649511343384,-0.163802473443064),
(0.976598914569086,0.0561250430396663,-0.207616327889401),(0.976059251619075,
0.0553605052705515,-0.210341512272306),(0.984036049509424,-0.0426188959644895,
0.172790864841444),(0.962606017489301,0.019325903074497,0.270215033933612),
(0.907623072119636,0.109542679665477,0.405241607300905),(0.919867331272743,
0.0401366219268982,0.390170660656923),(0.971653956932609,-0.0193695030796647,
0.235612839904049),(0.981958987752485,-0.122167238651303,0.144331951322053),
(0.992807673847017,-0.0809470106583346,0.0882071664659641),(0.995727208057118,
-0.0524066951584577,-0.0760320027182318),(0.980277871259028,-0.123497583184358,
-0.154284289762412),(0.585740268343901,0.202399042982215,0.784820339593909),
(-0.994285494336135,-0.0651582037351761,0.0845621915441662),(-0.970499138063213,
0.146376187460721,0.191586624697612),(-0.914988318812435,0.191900692419507,
0.354923232101967),(0.178339516127989,0.146969131442675,0.972931185331327),
(0.212728767268524,0.109170569003005,0.970993438927356),(-0.0803074992032616,
-0.16163067506667,0.983578278760369),(-0.132423365393995,0.000569332728178415,
0.991193083187112),(-0.170057676034503,0.0542739227116846,0.983938376187874),
(-0.407144551862933,-0.0429148606359158,0.912354990464201),(-0.566960976898136,
-0.129321779048628,0.813530041325094),(-0.481221972343622,-0.0902032845639995,
0.871945400118368),(-0.21078008455683,0.0596734468194299,0.975710426150558),
(-0.137901027781697,0.0421357151047784,0.989549335833924),(-0.487393912689978,
-0.10760360212787,-0.866526767435294),(-0.0260831923812303,-0.130072762024109,
-0.991161310612265),(0.296571315647229,0.110114853852467,0.94864122496143),
(-0.0125482571478461,-0.260888483128671,0.965287387576038),(-0.609141972832975,
-0.152053704024771,0.778348076393524),(-0.932037347588748,-0.13882227767147,
0.334715936163542),(-0.932037347588748,-0.13882227767147,0.334715936163542),
(-0.674358489915137,0.0661973185159254,0.735430854738008),(-0.674358489915137,
0.0661973185159254,0.735430854738008),(-0.998244720220697,0.0421487146919635,
0.0416048603088332),(0.625637957947208,0.229605328186755,0.745559212164869),
(0.296229104369783,0.235155896163648,0.925715951155508),(-0.872466999645021,
0.190328453666176,0.450084896720005),(-0.973474161640502,-0.0619616486661683,
0.220247158240217),(0.93221536650585,0.145284634508963,0.331461740516098),
(0.504818304245443,0.149277988859239,0.850220301887044),(0.727626987551827,
-0.221738787577522,-0.649146267854868),(0.957921089781413,-0.164864032535049,
-0.23496177673884),(-0.980665519429931,0.138298983509364,0.138450461037518),
(-0.965254170394867,0.136125588132624,-0.223056519274518),(-0.98524004481435,
0.0450827676492208,0.165135090623719),(-0.869178603601561,0.0642549617048083,
-0.490305878954714)),$,(381,368,368,370,370,397,385,337,337,349,349,398,
398,408,345,286,282,332,361,274,379,379,379,400,390,390,390,418,407,392,
423,419,417,411,413,409,399,391,404,396,403,406,406,406,389,393,393,377,
395,395,374,344,394,384,384,384,338,366,366,366,366,287,281,334,334,219,
141,217,217,147,147,147,84,275,216,216,92,92,153,153,153,57,57,58,58,98,
98,46,46,46,31,31,41,41,25,25,21,66,66,66,44,44,44,20,30,30,30,9,3,15,15,
15,2,10,1,1,12,12,12,13,19,27,27,24,24,24,16,16,16,6,6,6,36,36,14,14,14,
26,26,26,26,51,47,47,60,82,79,37,49,89,67,140,142,148,99,220,218,152,215,
354,354,323,362,362,330,330,343,343,367,310,315,355,329,296,296,378,347,
347,358,268,260,260,254,254,254,270,302,245,245,317,352,326,326,363,380,
353,333,382,365,383,364,348,376,350,360,331,325,351,328,359,373,341,327,
369,369,357,357,356,356,336,336,335,322,321,321,311,324,318,300,300,307,
262,269,255,255,271,214,214,214,214,212,212,212,159,159,168,209,209,106,
172,172,123,248,207,135,179,179,179,179,93,76,113,155,155,65,75,52,68,97,
42,42,86,63,128,128,116,78,103,61,45,73,96,48,64,43,59,71,29,29,29,70,53,
85,81,69,88,62,62,38,38,38,38,77,95,95,54,54,54,54,72,72,74,94,90,90,90,
109,111,122,122,122,101,112,136,136,130,167,167,167,158,173,157,213,211,
211,210,210,182,208,280,258,304,263,278,312,312,250,253,298,266,242,319,
319,305,305,239,233,229,308,297,320,316,306,314,303,313,299,309,290,301,
272,279,264,257,259,251,252,244,247,238,236,241,235,223,224,187,187,193,
226,166,166,166,166,195,176,228,201,185,162,162,144,144,144,144,127,127,
127,127,127,118,118,105,102,100,104,117,117,124,131,139,133,156,151,164,
170,169,174,175,180,189,190,188,192,206,204,202,197,137,165,186,194,199,
203,230,231,237,246,273,283,276,267,256,243,227,200,183,154,292,293,294,
291,277,284,295,285,261,240,234,196,184,181,178,163,161,160,150,134,129,
121,114,120,132,171,191,198,225,232,249,265,107,115,125,119,110,108,138,
138,126,126,50,28,28,83,177,205,375,346,342,288,221,145,143,388,8,22,17,
18,23,415,416,420,412,402,387,401,410,421,422,424,414,372,4,33,32,340,339,
222,149,91,56,40,55,87,146,80,80,289,289,39,39,35,35,34,34,371,371,5,5,
386,386,405,405,7,7,11,11),((1,2,4),(6,7,1),(1,7,2),(4,8,10),(5,3,9),(6,
12,7),(14,12,6),(15,11,16),(11,9,17),(11,17,16),(3,18,9),(7,19,2),(3,19,
18),(9,20,17),(9,18,20),(12,21,7),(7,23,19),(14,24,13),(24,25,13),(12,27,
21),(28,24,14),(28,29,24),(29,30,24),(24,30,25),(31,32,28),(32,29,28),(33,
34,32),(32,34,29),(33,35,34),(36,35,33),(34,37,29),(29,37,30),(35,38,34),
(34,38,37),(36,39,35),(39,40,35),(35,40,38),(41,39,36),(41,42,39),(44,45,
39),(39,45,40),(46,43,41),(48,49,47),(46,50,43),(48,51,49),(52,51,48),(50,
53,43),(44,53,45),(51,54,49),(50,56,53),(52,57,51),(57,58,51),(51,61,54),
(62,57,52),(62,63,57),(63,64,57),(57,64,58),(66,63,62),(67,68,66),(66,68,
63),(67,70,68),(73,70,67),(68,74,63),(63,74,65),(72,75,69),(69,75,74),(73,
77,70),(77,79,70),(71,81,76),(82,77,73),(83,84,78),(84,86,78),(78,86,80),
(88,85,82),(91,93,90),(88,94,85),(91,95,93),(97,96,92),(94,98,85),(84,100,
86),(95,101,93),(94,103,98),(97,104,96),(104,105,96),(95,107,101),(108,
104,97),(108,109,104),(109,110,104),(104,110,105),(113,109,108),(114,115,
113),(113,115,109),(114,117,115),(120,117,114),(115,121,109),(109,121,111),
(119,122,116),(116,122,121),(120,124,117),(124,127,117),(118,129,123),(130,
125,120),(132,133,126),(134,135,124),(124,135,127),(138,133,132),(142,143,
141),(138,144,133),(142,145,143),(146,145,142),(147,146,142),(143,148,134),
(134,148,135),(145,149,143),(143,149,148),(146,150,145),(150,151,145),(145,
151,149),(152,150,146),(153,146,147),(153,152,146),(152,154,150),(154,155,
150),(150,155,151),(156,154,152),(16,157,156),(156,157,154),(16,17,157),
(157,158,154),(154,158,155),(17,159,157),(157,159,158),(17,20,159),(23,
160,19),(19,160,162),(19,162,18),(22,163,161),(26,163,22),(163,165,161),
(164,167,166),(169,168,163),(26,169,163),(160,166,170),(160,170,162),(167,
171,166),(169,172,168),(172,173,168),(167,173,171),(166,174,170),(166,171,
174),(30,169,26),(176,172,169),(30,176,169),(172,177,173),(179,178,172),
(176,179,172),(18,162,180),(18,180,20),(162,170,181),(162,182,180),(170,
174,183),(170,183,181),(171,186,174),(173,187,171),(171,187,186),(175,188,
184),(174,186,189),(177,190,173),(173,190,187),(179,191,178),(191,192,178),
(177,193,190),(194,191,179),(195,179,176),(195,194,179),(194,196,191),(196,
197,191),(191,197,192),(37,176,30),(37,195,176),(38,195,37),(38,198,195),
(40,198,38),(198,194,195),(198,199,194),(200,199,198),(40,200,198),(199,
196,194),(200,201,199),(201,202,199),(199,202,196),(45,200,40),(203,201,
200),(45,203,200),(201,204,202),(205,204,201),(203,205,201),(202,206,196),
(196,206,197),(204,207,202),(202,207,206),(205,208,204),(208,209,204),(204,
209,207),(210,208,205),(211,205,203),(211,210,205),(210,212,208),(212,213,
208),(208,213,209),(53,203,45),(53,211,203),(56,211,53),(56,214,211),(60,
215,55),(214,210,211),(214,216,210),(218,217,215),(60,218,215),(216,212,
210),(218,220,217),(220,222,217),(216,222,212),(65,219,59),(223,221,219),
(65,223,219),(220,224,222),(226,225,221),(223,226,221),(222,227,212),(212,
227,213),(224,228,222),(222,228,227),(226,229,225),(230,231,224),(224,231,
228),(232,229,226),(233,226,223),(233,232,226),(232,234,229),(235,236,230),
(230,236,231),(74,223,65),(74,233,223),(75,233,74),(75,237,233),(81,238,
76),(240,232,233),(240,241,232),(244,242,239),(81,245,238),(243,234,232),
(245,246,243),(246,247,243),(243,247,234),(87,245,81),(249,246,245),(87,
249,245),(246,250,247),(252,250,246),(249,252,246),(248,253,235),(235,253,
236),(251,254,248),(248,254,253),(252,255,250),(255,256,250),(251,259,254),
(260,255,252),(261,252,249),(261,260,252),(260,262,255),(262,263,255),(255,
263,256),(99,249,87),(99,261,249),(102,261,99),(102,265,261),(106,265,102),
(265,260,261),(265,266,260),(267,266,265),(106,267,265),(266,262,260),(267,
268,266),(268,269,266),(266,269,262),(112,267,106),(270,268,267),(112,270,
267),(268,272,269),(273,272,268),(270,273,268),(269,274,262),(262,274,263),
(272,276,269),(269,276,274),(273,277,272),(277,278,272),(272,278,276),(279,
277,273),(280,273,271),(280,279,273),(279,281,277),(281,282,277),(277,282,
278),(121,271,111),(121,280,271),(122,280,121),(122,283,280),(128,283,122),
(283,279,280),(283,284,279),(285,284,283),(128,285,283),(284,281,279),(285,
286,284),(286,287,284),(284,287,281),(137,285,128),(288,286,285),(136,288,
285),(286,291,287),(292,291,286),(288,292,286),(287,293,281),(281,293,282),
(291,294,287),(287,294,293),(292,295,291),(295,296,291),(291,296,294),(297,
295,292),(299,292,290),(299,297,292),(297,303,295),(303,304,295),(295,304,
296),(148,289,135),(148,300,289),(149,301,148),(149,306,301),(151,307,149),
(309,298,302),(309,310,298),(312,311,308),(151,312,307),(310,303,298),(312,
313,311),(313,314,311),(310,316,303),(155,312,151),(317,313,312),(155,317,
312),(313,318,314),(319,318,313),(317,319,313),(316,322,303),(303,322,304),
(318,323,315),(316,323,322),(319,324,318),(324,326,318),(318,326,323),(327,
325,321),(330,319,317),(330,328,320),(329,331,324),(331,332,324),(324,332,
326),(158,317,155),(158,330,317),(159,330,158),(159,333,330),(20,333,159),
(333,328,330),(333,334,328),(180,334,333),(20,180,333),(335,331,329),(180,
181,334),(181,336,334),(335,337,331),(181,183,336),(337,338,331),(331,338,
332),(185,339,337),(337,339,338),(185,189,339),(190,340,187),(187,340,341),
(187,341,186),(190,342,340),(193,342,190),(342,343,340),(342,344,343),(345,
344,342),(193,345,342),(340,343,347),(340,347,341),(344,348,343),(345,349,
344),(349,350,344),(344,350,348),(343,351,347),(343,348,351),(197,346,192),
(352,349,346),(197,352,346),(352,354,349),(186,341,356),(186,356,189),(341,
347,357),(341,357,356),(347,351,358),(347,358,357),(359,360,355),(361,355,
353),(361,359,355),(206,353,197),(206,361,353),(207,361,206),(207,362,361),
(209,362,207),(362,359,361),(362,363,359),(364,363,362),(209,364,362),(364,
365,363),(213,364,209),(366,365,364),(213,366,364),(366,367,365),(368,367,
366),(368,369,367),(227,366,213),(227,368,366),(228,368,227),(228,370,368),
(231,370,228),(370,369,368),(370,371,369),(372,371,370),(231,372,370),(372,
373,371),(373,374,371),(236,372,231),(375,373,372),(236,375,372),(373,376,
374),(377,376,373),(375,377,373),(376,378,374),(377,379,376),(379,380,376),
(376,380,378),(381,379,377),(382,377,375),(382,381,377),(381,383,379),(379,
383,380),(253,375,236),(253,382,375),(254,382,253),(254,384,382),(258,384,
254),(384,381,382),(384,385,381),(386,385,384),(258,386,384),(385,383,381),
(386,388,385),(388,389,385),(385,389,383),(264,387,257),(390,388,386),(264,
391,387),(388,394,389),(395,394,388),(390,395,388),(383,389,396),(383,396,
380),(389,394,397),(389,397,396),(395,398,394),(399,398,395),(401,395,390),
(401,399,395),(274,392,263),(275,402,393),(276,403,274),(276,405,403),(278,
406,276),(409,400,404),(278,410,406),(282,410,278),(282,412,410),(293,412,
282),(293,413,412),(294,413,293),(294,414,413),(296,414,294),(296,415,414),
(304,415,296),(305,416,415),(418,419,416),(418,420,419),(322,417,304),(322,
418,416),(323,418,322),(323,421,418),(326,421,323),(421,420,418),(421,422,
420),(423,422,421),(326,423,421),(423,424,422),(424,425,422),(332,423,326),
(426,424,423),(332,426,423),(424,427,425),(428,427,424),(426,428,424),(428,
429,427),(429,430,427),(431,429,428),(432,428,426),(432,431,428),(431,433,
429),(429,433,430),(338,426,332),(338,432,426),(339,432,338),(339,434,432),
(189,434,339),(434,431,432),(434,435,431),(356,435,434),(189,356,434),(435,
433,431),(356,357,435),(357,436,435),(435,436,433),(357,358,436),(433,436,
437),(433,437,430),(407,411,438),(398,399,439),(394,398,440),(394,441,442),
(396,397,443),(380,396,444),(380,445,446),(374,378,447),(367,369,448),(449,
367,450),(448,450,367),(448,369,451),(451,374,452),(447,452,374),(447,378,
453),(453,378,446),(446,378,380),(444,445,380),(444,396,454),(443,454,396),
(443,397,455),(455,397,442),(442,397,394),(440,441,394),(440,398,456),(439,
456,398),(439,399,457),(457,399,408),(371,374,451),(371,451,369),(365,367,
449),(363,365,458),(359,363,459),(359,460,461),(462,360,463),(463,360,461),
(461,360,359),(459,460,359),(459,363,464),(458,464,363),(458,365,465),(449,
465,365),(348,350,466),(351,348,467),(358,351,468),(430,437,469),(427,430,
470),(427,471,472),(422,425,473),(422,474,475),(420,476,477),(416,419,478),
(415,416,479),(480,415,481),(479,481,415),(478,479,416),(478,419,482),(482,
419,477),(477,419,420),(476,420,475),(475,420,422),(473,474,422),(473,425,
483),(483,425,472),(472,425,427),(470,471,427),(470,430,484),(469,484,430),
(469,437,485),(485,437,486),(486,358,487),(468,487,358),(467,468,351),(467,
348,488),(466,488,348),(466,350,489),(489,350,462),(436,486,437),(436,358,
486),(354,360,462),(354,462,349),(349,462,350),(414,415,480),(413,414,490),
(412,413,491),(410,412,492),(492,412,493),(491,493,412),(491,413,494),(490,
494,413),(490,414,495),(480,495,414),(438,496,407),(408,497,457),(492,498,
410),(438,411,499),(500,140,501),(502,139,131),(500,142,140),(147,142,500),
(153,147,503),(152,153,504),(156,152,505),(506,15,507),(507,15,508),(508,
15,509),(509,156,510),(505,510,156),(504,505,152),(504,153,511),(511,153,
512),(503,512,153),(506,10,15),(506,4,10),(513,4,506),(509,16,156),(15,
16,509),(113,108,514),(114,113,515),(120,114,516),(516,517,120),(516,114,
518),(515,518,114),(513,1,4),(28,14,519),(28,520,521),(36,33,522),(41,36,
523),(46,41,524),(524,41,525),(523,525,41),(523,36,526),(522,526,36),(522,
33,527),(527,31,528),(528,31,529),(529,31,521),(521,31,28),(519,520,28),
(519,14,530),(527,33,32),(527,32,31),(530,14,6),(48,47,531),(514,108,532),
(97,92,533),(533,534,97),(52,48,535),(535,536,52),(537,66,62),(538,66,537),
(67,66,538),(73,67,539),(82,73,540),(88,82,541),(541,82,542),(540,542,82),
(540,73,543),(539,543,73),(539,67,544),(538,544,67),(545,147,500),(503,
147,546),(547,52,536),(548,62,52),(537,62,548),(541,549,88),(551,89,550),
(91,90,552),(552,553,91),(531,555,48),(535,48,556),(533,92,554),(557,97,
534),(108,97,558),(558,532,108),(524,559,46),(531,47,560),(561,6,1),(561,
1,513),(530,6,562),(514,563,113),(515,113,564),(565,130,120),(565,120,517),
(502,131,566)),());
#1815=COMPLEX_TRIANGULATED_FACE('ConvergentBody',#1825,564,((0.301492888231838,
-0.203711410967464,-0.93145246759417),(0.321385291701296,0.190472383889046,
-0.927594612561811),(0.821635550446593,-0.0276194964092676,-0.569343644612304),
(0.272892846391359,-0.292574180563331,-0.916476864550392),(-0.153720746602364,
-0.21914768116401,-0.963506214772094),(0.311315392092592,-0.210348237900407,
-0.926734236692715),(-0.0797795082810865,-0.231857067938836,-0.969472810400185),
(-0.0131524158838437,0.127601508517346,-0.991738306702184),(0.343815204283415,
0.179602480301965,-0.92170171659433),(0.925883755582733,-0.075563574993467,
-0.370174846906459),(0.837816495709586,-0.331760242042453,-0.43358812404959),
(0.273647428584647,-0.283739404187932,-0.919026134198635),(0.0227732672741709,
-0.267141033994752,-0.9633883154024),(0.0572346887814324,-0.261874561605481,
-0.963403292699392),(0.0422212595482393,0.140454689511889,-0.989186456355059),
(0.905142044652626,-0.337493496516358,-0.258487947129507),(0.985863508233063,
-0.167213248469666,-0.0106241550543015),(0.154562810990719,-0.259543133737681,
-0.953282591463975),(0.107322959552502,-0.0586546400083877,-0.992492526701526),
(-0.113362679439896,-0.238274990983507,-0.964558931108938),(0.21778303924076,
-0.381850693589935,-0.898198527956901),(0.112778827261898,-0.35156158323938,
-0.929346754076029),(0.169589764679196,-0.396950874183217,-0.902036205039041),
(0.79428462111534,-0.429437238545465,-0.429762258475667),(0.299474356034961,
-0.405376019294395,-0.863704459325339),(0.959665975151524,-0.278326776640726,
0.0396915802313038),(0.849404702979849,-0.384639893007638,-0.361336136115374),
(0.947329394291763,-0.257783117727489,0.19003916155755),(0.940781495050032,
-0.280977892281322,-0.189688172062923),(0.98936803918879,-0.126089263026698,
0.0724733108193128),(0.926898371766902,-0.3540652797042,-0.124487694668401),
(0.994279356964711,-0.0803771623159537,0.0703425340165963),(0.905784801982062,
-0.358993808972469,-0.225116275772666),(0.980930354510091,-0.172143411865377,
-0.0902346128270855),(0.938630546597483,-0.341012807828279,-0.0517973154823996),
(0.98327335701585,-0.180374747190953,0.0252676860551266),(0.938739420736446,
-0.343527815893161,0.027512536471142),(0.959884054886034,-0.280376170005997,
-0.00343576313411461),(0.975730076210244,-0.168994251918447,0.139254304052965),
(0.957762392875828,-0.287350953769512,-0.0109830852004457),(0.769885611718036,
-0.570090075756681,0.286833488967531),(0.937580320196594,-0.144186247979798,
0.316470328899188),(0.88006577332541,-0.43680253274252,0.186246562413558),
(0.964620772895775,-0.26097033169087,0.0374332803146541),(0.974368892970512,
-0.22494965007429,0.00170743751662202),(0.922548327470608,-0.33931606138442,
0.183763962647053),(0.927902065353206,-0.187114810300677,0.322468300580687),
(0.985226306181218,-0.152406394023494,-0.0781115655282093),(0.856472215195269,
-0.425430681513864,0.29234240168877),(0.931850059492683,-0.186394615291305,
0.311307748078792),(0.948782342608855,-0.315630502273932,0.0137641704420845),
(0.890942567145569,-0.373402029501957,0.258441998157967),(0.922040285672991,
-0.212057940677943,0.323841228677726),(0.880404962799332,-0.361433480198752,
0.30700641828751),(0.953170370332999,0.0325674188145561,0.300675253971808),
(0.484798994288091,0.0322696791290439,0.874030092700568),(0.436639376102551,
-0.425931003014946,0.792419608482436),(0.836515003057987,-0.42030001422134,
0.351554473310236),(0.30376527493822,-0.430203002065727,0.850089427504744),
(0.382763890546388,-0.452664296425176,0.805348892614681),(0.4823851568425,
0.0301635740258558,0.875439729084775),(-0.0537518193680912,-0.0612078994996852,
0.996676645132942),(-0.115541131644846,-0.457720636900747,0.881556615001784),
(0.154532467086852,-0.407635692136634,0.899973810236908),(0.29812727636235,
-0.36335072074281,0.88266436476412),(0.909180918407379,-0.356942152122168,
0.214434972992536),(-0.0686558042201395,-0.263747096595053,0.962145440972707),
(0.203170216583279,-0.328937559438401,0.922237466753662),(0.0914813178255303,
-0.325231797310654,0.941198940982716),(0.917392642116091,-0.2759048845469,
0.286822654046748),(0.588438978496895,-0.316294304139985,0.744108514770616),
(0.944487110647247,-0.271192833831378,0.185468446641796),(0.114284323903246,
-0.272998348148911,0.955202070358908),(0.393448187930108,-0.285826328471765,
0.873785919643287),(0.0563992042350066,-0.260167330160511,0.963914980731604),
(0.215734469634808,-0.181992223574821,0.959342206498641),(0.226476207593639,
-0.211986085710737,0.950668410571764),(-0.0411623952321255,-0.128324398138331,
0.99087764434424),(0.367532921070688,0.103970314109645,0.924180569863482),
(-0.064664805495025,-0.0552871882889027,0.996374322100584),(-0.0239384709950569,
0.1117627364582,0.993446546295166),(0.212073542401577,-0.134715697351186,
0.967923805627504),(-0.0600481411204382,0.111593037413455,0.991938110341981),
(-0.410298638852693,-0.180263424924932,0.893957563081135),(0.0364307426549224,
-0.234795253904066,0.971361925202824),(-0.138611087383276,0.110715606047351,
0.984138720421056),(-0.212672501839286,-0.226418649174393,0.95052880138766),
(0.226507976182311,-0.246098255505574,0.942406380158213),(0.1227173858607,
-0.342126093436595,0.931606236237892),(-0.348632826718804,-0.177305549678891,
0.920335750792678),(-0.390662365254531,-0.221291261345077,0.893539643231368),
(0.148052276818685,-0.240704389025601,0.959240282949281),(-0.366688750218585,
-0.213043930302848,0.905622241458461),(-0.345686238640369,-0.224518129280129,
0.91109419602982),(-0.405912209707042,-0.197865044553097,0.892235788429688),
(-0.49427649677419,-0.20816027661545,0.844014243941424),(-0.750553638708154,
-0.15918373431519,0.641349962307179),(-0.81733132082204,-0.116354184586784,
0.564297098816256),(-0.980330077080609,-0.136334047738024,0.142709380905716),
(-0.71518807114294,-0.204826345988809,0.66824560670738),(-0.312120366491867,
-0.199790534128293,0.928797404870251),(-0.831159503571823,-0.215038932177335,
0.512769087670339),(-0.933830408899791,-0.0722267953247597,0.350348480018344),
(-0.345851230421557,-0.181481738663952,0.920571184073999),(-0.491918794033522,
-0.195726436834741,0.848355504491237),(-0.932572208098847,-0.311230646832962,
0.182878542080742),(-0.957711026516165,-0.275746661050852,0.0821788817681296),
(-0.715103544340344,-0.232582837779994,0.659190522111841),(-0.9176543694817,
-0.256141808759881,0.303812165616126),(-0.992497405184515,0.0712155889109815,
0.0993843076047018),(-0.87267023598278,-0.474477992429163,-0.115400580285151),
(-0.899044920675314,-0.427278401928831,-0.095662938764517),(-0.952350966954201,
-0.304840216833923,0.0100038963431413),(-0.938144103930101,-0.321549170278425,
-0.128420291832887),(-0.963657058787595,-0.236053453639858,-0.125075337591139),
(-0.918157694389198,-0.371351134036906,-0.138147687217037),(-0.907570029022953,
-0.395503933983707,-0.141043541584465),(-0.954360193624227,-0.298389976206562,
-0.0126508072855355),(-0.923364191471092,-0.380354959243916,-0.0522367197237218),
(-0.989465593174463,-0.0302508500282841,-0.141572334855626),(-0.965571295106688,
-0.251464617281336,-0.066615466083676),(-0.986144992155559,-0.160508579534292,
-0.0418933209759694),(-0.956372321396528,-0.291005749072494,-0.025838670116191),
(-0.991139484397323,-0.131528143743924,-0.0185167457153127),(-0.910111114207926,
-0.354250533994543,-0.214951899176976),(-0.994656653383373,0.0694578826046236,
-0.0763789527570969),(-0.888536419455879,0.145591089773764,-0.435093399029466),
(-0.899089286625503,-0.369198835583846,-0.235224731860356),(-0.970057914415919,
-0.181210846480883,-0.161710456670923),(-0.857605543838638,-0.36434261152141,
-0.362997510469414),(-0.906594527793425,0.170104602157251,-0.386200448601422),
(-0.352963029546208,0.088236416492677,-0.931467355615909),(-0.260027410575885,
-0.358399226143136,-0.896624637431518),(-0.275675468601241,-0.353244021973053,
-0.89399200049653),(-0.0550624739785825,-0.0927812946320244,-0.99416284145293),
(-0.314384504946036,-0.333072472212863,-0.888946067713811),(-0.847799129002451,
-0.385763810184081,-0.363899601009599),(-0.324897760497106,-0.329479632165635,
-0.886501335143926),(-0.0592337925256845,-0.157807442083369,-0.985691721100532),
(-0.771738386721484,-0.148411228215623,-0.618380117565282),(-0.00758887016505613,
-0.166191828900063,-0.986064239822371),(-0.238660516200169,0.238485801326927,
-0.941363734468522),(-0.944521139985236,-0.242174437409692,-0.221881405228762),
(-0.326227775035711,-0.320741408832032,-0.88921335316992),(-0.895431984956009,
-0.216639374717453,-0.388933081184633),(-0.252407927803722,-0.0804732939071885,
-0.964268783560662),(-0.270552815598144,-0.0943135050854018,-0.958074181225244),
(-0.773022816303396,-0.194116663406807,-0.60394904293506),(-0.204389521912679,
0.0789536381203921,-0.975700387598499),(-0.198003601994777,-0.0600918104548925,
-0.978357576713825),(-0.318145590239925,-0.082795610275539,-0.944419541480369),
(-0.0130076737097554,0.00459877249918766,-0.999904821328591),(0.0927973814886745,
-0.195554546184311,-0.97629251019123),(-0.0153773220554729,-0.229848477580457,
-0.973104935410539),(0.184395946137249,-0.367622573134463,-0.911510712372677),
(0.225138181320734,-0.426963907384718,-0.875793709216027),(-0.0244620649030906,
-0.296806625493851,-0.954624237301584),(0.359567250750853,-0.467784464398039,
-0.80739648689805),(0.720540916221532,-0.477466359323581,-0.502838606080441),
(0.287847919468141,-0.528959517564289,-0.798339153515608),(0.513373486599825,
-0.583895422863524,-0.628898877734223),(0.794062219533449,-0.474836559755474,
-0.379467301660103),(0.10278636915318,-0.413282390412166,-0.904783193970529),
(0.378610325249892,-0.689410839780023,-0.617549119996114),(0.626616139309737,
-0.596163756699411,-0.501937236270238),(0.840668483006124,-0.538268559660394,
-0.0595269633133313),(0.47503628247637,-0.716903435786012,-0.510284228728698),
(0.279005810376663,-0.603115112375368,-0.747266966351724),(0.0842343066779782,
-0.766167951521712,-0.637095951674082),(0.874425500830232,-0.481343357007709,
-0.0607339786474366),(0.657389458837172,-0.694783256722743,-0.291745309452455),
(0.859330381870394,-0.51114154587653,-0.0169001441838109),(0.0434536590584897,
-0.359392972124689,-0.932174056226524),(0.0048103768772289,-0.306476732059458,
-0.951865995285289),(0.00322920178936205,-0.334868827008304,-0.942259221739902),
(0.0527929893862067,-0.790281444209269,-0.610465510254412),(0.184793299159963,
-0.790035293264741,-0.584547407813662),(0.374242661814884,-0.798059793633011,
-0.472274280333098),(0.0176853359602209,-0.748698108561753,-0.662675162600823),
(0.443591652777293,-0.804605519677123,-0.394761197803704),(0.739451252441368,
-0.637403344986212,-0.216630609709895),(0.900246648563082,-0.27880465740037,
-0.334400859393036),(0.500189484419015,-0.784185265396344,-0.367238273076085),
(0.899921393886666,-0.396350769209663,-0.181789858275945),(0.892391765943978,
-0.451001029910844,-0.0153299411201377),(0.905014949760822,-0.266966654616317,
-0.331174796795272),(0.693673172223641,-0.624616612160663,-0.358708263007875),
(0.543452399793842,-0.734769396124488,-0.405922928247677),(0.942721899811705,
-0.296283992288027,-0.1532684427052),(0.928139964269028,-0.350779998437742,
-0.124537542222032),(0.904227531441494,-0.419164041796212,0.0816950270719405),
(0.928137644506224,-0.20734481637472,0.309141779727315),(0.91009010025217,
-0.397118568956106,0.118460337722166),(0.953786526307043,-0.264680800228554,
0.142250962125103),(0.777963563667151,-0.609755225576984,0.151562721300023),
(0.72029901146801,-0.5873040131412,-0.369111541713949),(0.906959969445201,
-0.238673676169808,-0.347071304096938),(0.89023356810129,-0.327729432292873,
0.316350459829977),(0.894005806859904,-0.41834919894367,0.160429314789912),
(0.922109885183867,-0.364030183627315,0.131131174990764),(0.60150193709462,
-0.69193657538595,-0.399273334089046),(0.839086812853768,-0.540045189003217,
0.0654562016113491),(0.602974143743259,-0.751965318278067,-0.266402593988967),
(0.89959049658948,-0.41080054051428,0.148256043246366),(0.88972219834565,
-0.451289096718586,0.0687936112869985),(0.54757928599271,-0.836692658014118,
0.0101154128430473),(0.938795097252878,-0.316429079070048,0.136148460486485),
(0.806362432703513,-0.377108776579559,0.455596968549112),(0.904351653825462,
-0.264113202768381,0.33524961200064),(0.809512356318664,-0.319043034971778,
0.492850166686998),(0.881112415727055,-0.423140193979032,0.211171226948704),
(0.900324238093815,-0.41442876951447,0.132909974416947),(0.560050104433369,
-0.825611836252836,0.068621981634111),(0.662588998324321,-0.334774438646652,
0.670001413825666),(0.823053357267221,-0.356610217481066,0.442054661641819),
(0.503647703501674,-0.338861988477187,0.7946770057846),(0.391718291101434,
-0.306906887820064,0.867389729374965),(0.34086440087833,-0.329610514610203,
0.88043646498328),(0.518432302452984,-0.480563565930486,0.707309413816523),
(0.829290969021994,-0.45127182794206,0.329590998063348),(0.205913165880492,
-0.310219037292398,0.928096932986232),(0.529252801782741,-0.489418222937333,
0.693081001659966),(0.0814607692984262,-0.376556546802244,0.9228051311765),
(0.0258106793386836,-0.317317633081841,0.947967999759176),(0.811872460100964,
-0.524344347873119,0.256760809671418),(0.531077285052721,-0.836683188654562,
0.133858728231918),(0.520173155624123,-0.575888682190165,0.630691774080903),
(0.409860611178466,-0.869393730623558,0.275986993455971),(0.735391767816394,
-0.575989909218706,0.3569797925739),(-0.0188952817120401,-0.343279741391992,
0.939043123332933),(0.141269556886095,-0.451441961911669,0.881046575001884),
(0.204013182390663,-0.875601963670421,0.437835383023503),(0.536245469169811,
-0.568581879371046,0.623823246798113),(0.0724811198668636,-0.354520882555205,
0.932234643796895),(0.0971486144651335,-0.406772588196805,0.908349166454826),
(0.0146016622145649,-0.3462134257857,0.938042139387299),(-0.131717781436093,
-0.329008556651689,0.935095607787528),(-0.174560875817534,-0.735699885530593,
0.654426603267386),(0.0942300790950952,-0.842781920460533,0.529942757982962),
(0.191102202601364,-0.435183233646523,0.879826972372331),(0.225886520068747,
-0.369760789898288,0.901250374926427),(0.260180183324031,-0.389756109454339,
0.883400502234684),(0.298480642662235,-0.278300565157273,0.912939264896127),
(-0.308528731027202,-0.353902550231058,0.882928653443016),(0.24751222824318,
-0.433104944385902,0.866693604463873),(-0.237871603077556,-0.496181369953964,
0.834997693745271),(0.194779904003412,-0.482443222473186,0.853996092547331),
(-0.19127382161029,-0.588922029694903,0.785229372926555),(-0.316084938113221,
-0.298854108183292,0.90043130438692),(0.241173580457163,-0.499840085005292,
0.831862484736134),(-0.195110646926548,-0.509238775419023,0.83821697970492),
(-0.0933372385946117,-0.793255782262546,0.601692133734993),(-0.206629557283557,
-0.452662867174569,0.867410257454971),(-0.0230730733801026,-0.337480411609346,
0.941049735701989),(-0.178271418339456,-0.694493401397492,0.697063997649126),
(0.241603580325425,-0.582225021439827,0.776300028586454),(-0.128438900201829,
-0.727957861218173,0.673484076430622),(-0.1598566309542,-0.606368243321775,
0.778950198042749),(-0.00232480672638322,-0.760101751064541,0.649799910204906),
(0.129785542407422,-0.908498796851957,0.397222417671207),(-0.270971223168678,
-0.920776001058468,0.280617447941584),(-0.246597867292177,-0.42724413528833,
0.869857425506431),(-0.374693385139174,-0.258616119672909,0.890349689604188),
(-0.229829588685888,-0.593090801984361,0.771635704698806),(-0.00646041317603338,
-0.620694241270181,0.784026097726108),(0.0732243189353435,-0.959902474257491,
0.270601993767235),(-0.663061067233696,-0.304047668374551,0.684035844437199),
(-0.299091973932822,-0.424359211526529,0.854671428515983),(-0.772715835398598,
-0.261385861065061,0.578435536044877),(-0.593375478966878,-0.605242988546243,
0.530647214047563),(-0.834193915152986,-0.306840586628726,0.458224144190451),
(-0.979399857923702,-0.201479351637999,0.013490335895117),(-0.741902784271063,
-0.238942845033669,0.626487490296543),(-0.977521338533955,-0.070949319054557,
0.1985402398419),(-0.792399499330384,-0.56419439023619,0.231921804682031),
(-0.589881562615457,-0.601679193867793,0.538536804455322),(-0.41747502265449,
-0.647284985137443,0.63775916573206),(-0.985482192339268,-0.1439373720338,
0.0900382225179571),(-0.556335886399669,-0.729091544496246,0.398642573300911),
(-0.791175253348566,-0.555093598692615,0.256734912272007),(-0.837777600633693,
-0.53361342230242,0.115695321492064),(-0.985018637643559,-0.0657588464205918,
0.159417871056731),(-0.200164083355347,-0.644303888547999,0.738110316237649),
(0.00522559023736618,-0.985656407221253,0.16868355020678),(-0.459978503311893,
-0.772495424575205,0.437802004907839),(-0.111714432664724,-0.992679865063723,
0.045897396783133),(-0.846483798149786,-0.525143108679411,0.0876920456850877),
(-0.544747869671825,-0.838496558645549,0.0131635719916963),(-0.411620859724929,
-0.911244908240354,0.0141769194587485),(-0.942449244977677,-0.316003699874027,
-0.109229493759389),(-0.99494587591121,-0.100265053340282,0.00544270943058475),
(-0.868445654555382,-0.477735817903155,-0.132554265779253),(-0.526480415797952,
-0.839882376566641,-0.131969562073932),(-0.45008276982132,-0.887200418675141,
-0.101493435317879),(-0.991430516286028,-0.127391956535607,-0.0289278548608471),
(-0.944450301963132,-0.322869540641,-0.0613912603553585),(-0.991071767891384,
-0.131681523358015,0.0208980213120443),(-0.90439362858404,-0.415695473187133,
-0.0962779213959169),(-0.760976190713226,-0.643987455223563,-0.078710829510731),
(-0.942746711971573,-0.235170800333232,-0.236481144570588),(-0.724392723834774,
-0.674040130299604,-0.144655053146893),(-0.764774510958687,-0.524244875810467,
-0.374549406052619),(-0.583454371672924,-0.811811743013257,-0.0232957095090671),
(-0.717402599363966,-0.69662400929914,-0.00696420087418161),(-0.672521111244468,
-0.677852895646191,-0.297036709506722),(-0.692953937232872,-0.697631339972809,
-0.182003720734508),(-0.769310476886467,-0.511106673906309,-0.383316263731591),
(-0.865338719070769,-0.340295190802466,-0.367951198385973),(-0.78079899879081,
-0.492815821080918,-0.384038396491301),(-0.47745490103327,-0.769579382500359,
-0.424009895532731),(-0.595509030437253,-0.741473951614698,-0.309168843424701),
(-0.830980006913502,-0.365519127164934,-0.41936618340851),(-0.729181997289086,
-0.556360042964434,-0.398443367898265),(-0.706805549728389,-0.543922167928605,
-0.452299226297145),(-0.793248232547499,-0.218059822691875,-0.568513109160957),
(-0.387183728300906,-0.13689702079916,-0.911782850373555),(-0.376107896806527,
-0.58147102298801,-0.721411324685888),(-0.651790851045733,-0.594810651317952,
-0.470498645664144),(-0.20217024084512,-0.682754919492538,-0.702120298542468),
(-0.381783341734047,-0.748080998452332,-0.542785684896853),(-0.0523177168680773,
-0.564483026599131,-0.82378502607367),(-0.37048228461478,-0.109050421082008,
-0.922415786101067),(-0.152517624999909,-0.766943923150703,-0.623326072618976),
(-0.0622334380608631,-0.666679688975288,-0.742741672114159),(-0.457224379780054,
-0.776366159698949,-0.433821913472627),(-0.274731000631649,-0.774184219187753,
-0.570229490690005),(-0.144328990335789,-0.731658560301397,-0.66621685184806),
(-0.23114234862032,-0.729228053159287,-0.644049424469736),(-0.0664446398720026,
-0.613952496227594,-0.786541443414259),(0.238554264240929,-0.474222649254218,
-0.847469611223187),(0.197740629206256,-0.454248558399689,-0.868652341706922),
(-0.15007996728244,-0.719538332270794,-0.678041733091309),(0.109024345249312,
-0.490411236245337,-0.864644731382363),(-0.23088325668295,-0.692784763527252,
-0.68318532859537),(0.22656774882657,-0.430545700464069,-0.873668961909237),
(0.123370164985827,-0.400467160999498,-0.907967981457701),(-0.0012094755430247,
-0.386144516853429,-0.922437504264079),(-0.0439064488332726,-0.745564497566877,
-0.664985566549155),(-0.0919586942559447,-0.688068477096978,-0.719795366320308),
(-0.0204148974935116,-0.69316881682777,-0.720486102112955),(0.353585990160514,
-0.776982284100759,-0.520841125253926),(0.202181726362707,-0.773762441926538,
-0.600345094915314),(0.478051029688953,-0.769843634308369,-0.422856940026074),
(0.33672988251187,-0.738683605652571,-0.583917388817681),(0.464833434522042,
-0.716500000923837,-0.52015154217457),(0.499295861897287,-0.755013280370634,
-0.425039514346867),(0.228867142719673,-0.740284412825665,-0.632138291128368),
(0.244781463838206,-0.835590128183863,-0.491803998197351),(0.539665202909692,
-0.683852871010165,-0.491026190319411),(0.35491059126536,-0.796881122817722,
-0.48889564152735),(0.160048278644444,-0.839876908091123,-0.518643738763176),
(0.510349109300051,-0.730581922214225,-0.453645061221229),(0.449035054901237,
-0.75386569206681,-0.47963948731779),(0.573094296724927,-0.678278950967827,
-0.459891934844856),(0.115212802830471,-0.711907486459612,-0.692758068005494),
(0.158974472081956,-0.720917128220281,-0.67454103764329),(0.0884088583485684,
-0.857467267585845,-0.506886337145092),(0.0293799057634579,-0.939509067865167,
-0.341261677509292),(0.542729553460385,-0.720103290232918,-0.432314565098629),
(0.600583140575131,-0.716868039475484,-0.35411877278039),(0.538404695736525,
-0.740537335048704,-0.402150269187805),(0.510347280740655,-0.798353690260888,
-0.319651432481448),(0.553300265850623,-0.804975951760936,-0.214178740532773),
(0.565595224169293,-0.808665619314232,-0.161746587401456),(0.540093609620279,
-0.841385397421423,-0.0192225350391733),(0.449393533510524,-0.891382212961951,
0.0590186619128292),(0.497640917847784,-0.866051955468673,0.048036728786453),
(0.343824651155499,-0.930844314568545,0.123747611262665),(0.265027571467267,
-0.957918627790084,0.110237420574527),(0.243505616215229,-0.950782309033734,
0.191619455432176),(0.431092969081839,-0.897411922477565,0.0938652939233974),
(0.130061232198837,-0.967399172682478,0.217308344460534),(0.310554769026475,
-0.927191657754734,0.20945492408855),(0.175391210906014,-0.976197890582672,
0.127575865895021),(0.1718097709875,-0.921706344600084,0.347762587000348),
(0.0680098336173495,-0.981246288336212,0.180361814577667),(0.0333641468875007,
-0.979579284134803,0.198270673061891),(0.0279704112756193,-0.924214652611018,
0.380847649319472),(-0.151490415771774,-0.730091304117154,0.666346262525579),
(-0.0696357015720992,-0.980032368675742,0.186245605087409),(-0.121488340109885,
-0.962898573148273,0.240970788782301),(-0.0420204797539753,-0.96142203605271,
0.271849127042017),(-0.192502913608274,-0.960403768021633,0.201413084535673),
(-0.165466734113151,-0.945467834109742,0.280555403736519),(-0.271032690408585,
-0.926970781420645,0.259357766651169),(-0.224975016173635,-0.836374335088097,
0.499864195260689),(-0.248483024581094,-0.935944814690069,0.249526532356388),
(-0.267627543461886,-0.86853053523264,0.417169279009205),(-0.315452058645219,
-0.91335974817846,0.257417888080593),(-0.150160098293682,-0.94272401531385,
0.29786469383088),(-0.234818738861101,-0.926273290721188,0.29475065865274),
(-0.277207810264538,-0.903141258649107,0.327859263791718),(-0.0133751914367046,
-0.972002729184474,0.234588573276631),(-0.199134713915237,-0.869305114695178,
0.452386983984619),(-0.153640067858933,-0.938496151458361,0.30922435745935),
(-0.184547659307674,-0.904558645568279,0.384338156018549),(-0.133657830453228,
-0.877558636915822,0.460463270123666),(-0.156332445359508,-0.840737566238138,
0.518382591571022),(-0.101493993728506,-0.860762261272204,0.498785824584661),
(-0.184015349930876,-0.841312913794464,0.508262660513721),(-0.0624032708600707,
-0.988415877826135,0.138346970502268),(-0.02272111980707,-0.988367972650313,
0.150374536919729),(-0.157054187846365,-0.818713506919764,0.552306233594244),
(-0.119064200112012,-0.989696630683577,0.0795254391076287),(-0.148057115384133,
-0.913310513667148,0.379398202696297),(-0.248260647856275,-0.965142924837548,
0.0828600347695208),(-0.259987610460109,-0.869472238132279,0.42002912937615),
(-0.199642142945912,-0.817640864791595,0.540005954580889),(-0.358779447559086,
-0.931409329919064,0.0612696348031892),(-0.487806662798133,-0.798999436480691,
0.351631284491705),(-0.263540137690581,-0.811986343263173,0.520792448274868),
(-0.389889490905829,-0.805246074656202,0.446726923446498),(-0.120540355539317,
-0.855713469383888,0.503214150239681),(-0.166345738144066,-0.873359827971619,
0.457790024232388),(-0.342302505381472,-0.812637976980933,0.471644477522958),
(-0.242436688806784,-0.875501112061954,0.417997912313787),(-0.497593317451756,
-0.78206033752121,0.375209966423558),(-0.615319492987411,-0.743113836156566,
0.262990015138194),(-0.354938942533737,-0.844955904605676,0.40008482393742),
(-0.708297064857008,-0.653634874910239,0.266602172189243),(-0.74142747697618,
-0.663494292206342,-0.100302645001721),(-0.499636204274171,-0.824924996585318,
0.264314988956759),(-0.725283545933842,-0.688095852399776,-0.0220879131621399),
(-0.730695789352374,-0.64608642189974,-0.220581048278185),(-0.777932430990432,
-0.626667791631134,0.0459196226625909),(-0.696097967348439,-0.631184881733165,
-0.342130479385953),(-0.355057109369032,-0.907023620002924,-0.226368288069019),
(-0.436315227121085,-0.891677919314065,0.120579893804959),(-0.317904252887566,
-0.90901974789132,0.269480952832661),(-0.63401027460532,-0.656017674870838,
-0.409477449869888),(-0.710422827179348,-0.60063969935505,-0.366785166250187),
(-0.397571519377054,-0.876459741574208,-0.271579101515364),(-0.525745019933965,
-0.671283763957552,-0.522465579977874),(-0.626404607675829,-0.587257416558579,
-0.51258754781933),(-0.321046092920504,-0.856621321013493,-0.403892706799192),
(-0.439036491171869,-0.642120284443831,-0.628433369360083),(-0.401286850199932,
-0.701119583441234,-0.589406645340726),(-0.364995833914832,-0.604483146597992,
-0.708080621612968),(-0.302194907568273,-0.665228308909014,-0.682751444426049),
(-0.338325424409286,-0.809969228206334,-0.479046716466267),(0.0469942177424511,
-0.961876669837778,-0.269415692788228),(-0.241818757728324,-0.580191678695461,
-0.777754012772209),(-0.0516234894200074,-0.861870199234859,-0.504494573817169),
(-0.142169968107495,-0.658612898053785,-0.738929462591327),(0.0209866411061754,
-0.802233561291107,-0.596641327795241),(0.105800127528335,-0.932835447714912,
-0.344418873613959),(0.036590023112523,-0.697549673494244,-0.715601581340273),
(-0.0540060974596577,-0.604954532490947,-0.794426431493715),(0.0734751329609455,
-0.855001074003888,-0.51339513855175),(0.0675197612982213,-0.646196502627551,
-0.760178375005599),(0.106262051726271,-0.718553408117262,-0.687305882446812),
(0.0744757737877976,-0.871775332830264,-0.484211862914769),(0.0508808970736213,
-0.95541371842475,-0.290853504291726),(-0.00862183624197404,-0.951183657227046,
-0.30850496619017),(-0.0929905231533735,-0.937122557304566,0.336383821243847),
(-0.0852180024134425,-0.931507825210354,0.353597318480413),(-0.0391421143034614,
-0.936853360382903,0.347525072515807),(0.0702542132678118,-0.980116159946558,
-0.185571168368724),(-0.224541661489605,-0.908178893252619,0.35325931000603),
(-0.276484595506344,-0.894303890925912,0.351819298962503),(-0.244208718258063,
-0.909507552643812,0.336389823880893),(-0.153226906180951,-0.915092470134051,
0.372997702843026),(-0.118228619232364,-0.902906595400557,0.413257393855916),
(-0.0824519764864282,-0.896301796935389,0.435711785913435),(-0.0462296748473343,
-0.907270973224611,0.417997844859967),(-0.0066362775168019,-0.970800434993864,
0.239796737334863),(-0.0466633240215364,-0.969776030122111,0.239493184854727),
(-0.0686540340629232,-0.960385868643393,0.270084444048455),(-0.0503263274208993,
-0.958124532544561,0.281894733729794),(-0.059828699050844,-0.956120933699031,
0.286798338405884),(-0.0429426334679246,-0.958747705940376,0.280996025923687),
(0.113807452038103,-0.964139802996813,0.23975467490304),(0.19333124810678,
-0.962406134698673,0.190781184606436),(0.392665554821482,-0.83396700651873,
-0.387701939761624),(0.378753483547785,-0.899370197006196,-0.218355323812941),
(0.49243046024852,-0.863221211216366,-0.111181753564069),(0.368356546993141,
-0.919836901363047,0.13495750878746),(0.0140010977168104,-0.963793985089303,
0.266280159922597),(-0.14259806876988,-0.914013804556865,0.379795413166858),
(-0.161228370291338,-0.973173543364466,0.164130031099277),(-0.323209981867693,
-0.839885044350555,-0.43603717719634),(-0.313012631305931,-0.856844478240553,
-0.409683576375245),(-0.375886107359978,-0.862638394064156,-0.338473980359166),
(-0.396490544941545,-0.895988490391865,-0.199999682142908),(-0.44380452280559,
-0.865330895759673,-0.232894796809771),(0.345393367975149,-0.827421706849795,
-0.442805533380689),(-0.0217543078462292,-0.960754739559376,-0.276544897809247),
(0.0221208388175416,-0.971867598851742,-0.23448675611249),(0.114048452034837,
-0.959119242967975,-0.259004301811758),(0.089312081396473,-0.983854583066682,
-0.155091945294767),(0.00422804348747299,-0.989656809395214,-0.143392898240997),
(-0.0230840640113472,-0.973379807711198,-0.228032620317426),(-0.0548218087499909,
-0.960387211013372,-0.27322330465635),(0.118280586661684,-0.89637793912941,
-0.427219256425878),(0.248556467758203,-0.834428572136835,-0.491882750599416),
(-0.468046994277289,-0.871287481655069,0.147614821271994),(-0.130576791123867,
-0.966268254317089,0.221980544910585),(-0.468046994277289,-0.871287481655069,
0.147614821271994),(-0.355057109369032,-0.907023620002924,-0.226368288069019),
(-0.0283125980161145,-0.976784631550286,-0.212344485119698),(-0.396475846987047,
-0.824925552601246,-0.402870618712054),(-0.906634437808353,-0.304522894501843,
-0.292027058513679),(-0.985176547457227,-0.170513689915129,-0.0187683747774053),
(-0.999427247101958,-0.0334991872841669,-0.00479397554259655),(-0.986361117374578,
0.104547583084842,0.127128081094191),(-0.937650231480033,0.074117005571611,
0.339586090543381),(0.484129617261907,0.031685158965516,0.874422417594134),
(-0.0822019388098365,-0.0866128522223625,0.992844930029766),(-0.0511722887525024,
-0.173036044916366,0.983585239836148),(-0.0236697580973248,-0.185839587213316,
0.982294960984733),(-0.187124327899401,-0.27869316414591,0.941973782101465),
(-0.010579209502406,-0.185881265346328,0.982515259687885),(-0.0433388696150142,
-0.18571700983198,0.981647051969068),(0.0150860177312211,-0.18831508989312,
0.981992789682063),(-0.0513211920672838,-0.168564665140555,0.984353640167417),
(-0.061231090193124,-0.121335780690152,0.99072114235948),(-0.400776775001416,
-0.237349627479465,0.8848972431615),(-0.891829658880088,-0.289852857994111,
-0.347311359236163),(-0.972764886495686,-0.136569164076529,-0.187289452517949),
(-0.989330824686574,0.0249433835249064,-0.143535176675662),(-0.975892427867598,
-0.0753402466001061,-0.204836072196577),(0.942258324374063,0.00647424768857023,
0.334824333441658),(-0.361630550025477,0.0935265837451503,-0.927618522573387),
(0.0516903132951089,-0.062809601484952,-0.99668604157616),(0.121873015834913,
-0.108308402700153,-0.986618597998155),(-0.191321896235412,0.0462536370598831,
-0.980436909280561),(-0.11343715925211,0.136530402781708,-0.984119637044743),
(0.0336148662030521,0.0556417688427835,-0.997884780087459),(0.141543020789158,
0.120850581410727,-0.982527714743238),(-0.0199950435098872,0.131989362075695,
-0.991049447068051),(0.0403004146835978,0.145205090768714,-0.988580476335225),
(0.135986206001132,0.0426493328342426,-0.989792294466981),(-0.0468772651939793,
0.103226249098755,-0.993552647575827),(-0.223448999393925,0.238789723657531,
-0.945013234058346),(0.86961781975032,0.150788828526847,-0.470135700371926),
(0.726191913548887,0.20596226454653,-0.655915276753844),(0.372128501543037,
0.165551211448673,-0.913297966015041),(0.992498734185269,-0.0522367754852984,
-0.110533171163853),(0.980753895966631,-0.175296026004796,-0.0859831309804523),
(0.988049034540648,0.0365715022184461,-0.149738540692703),(0.995920211506548,
-0.0813802785706671,0.0389895187520067),(0.999977270449439,-0.00463697947469677,
0.00489458944553535),(0.960262061829697,-0.0307551294205926,0.277400242654728),
(0.930790653606901,-0.0564840898760327,0.361162438175558),(0.996327341250211,
0.0304315576929447,0.0800359255189),(0.993500741378958,-0.0896613260702794,
0.0701222039498161),(-0.795173614795038,-0.167897928878698,0.582674186670421),
(-0.980330077080609,-0.136334047738024,0.142709380905716),(-0.813693302845327,
-0.186867519186897,0.550439587218795),(-0.532824827299785,-0.194403091289291,
0.823592825072026),(-0.980330077080609,-0.136334047738024,0.142709380905716),
(-0.90385600155213,0.0751020863956192,0.421193548237885),(-0.0131524158838437,
0.127601508517346,-0.991738306702184),(0.395696907693459,0.153563534225733,
-0.905451378152321),(0.128016593397957,-0.108307293827897,-0.985840393734432),
(-0.238660516200169,0.238485801326927,-0.941363734468522),(-0.859131757659512,
0.111355184385987,-0.499492388221522),(-0.495104575304164,0.177066285528258,
-0.850599194710475),(-0.831920600094839,0.0836032234031427,-0.548560494544082),
(-0.99465665338554,0.0694578826031001,-0.0763789527302686),(0.953170370332999,
0.0325674188145561,0.300675253971808),(0.488298309691115,0.0353314175859414,
0.871961267307309),(0.4823851568425,0.0301635740258558,0.875439729084775),
(0.0305338048431116,0.0141692819861771,0.999433298529621)),$,(403,403,403,
373,373,380,380,380,380,414,396,396,340,346,346,406,417,291,299,330,330,
366,286,383,383,407,392,412,412,401,401,399,399,430,419,424,416,405,429,
404,404,404,415,402,395,394,398,398,408,421,393,393,388,413,413,413,413,
400,400,387,387,387,387,378,389,389,350,370,347,379,374,374,337,362,298,
290,331,223,223,131,220,220,130,130,130,79,79,285,218,85,144,144,58,62,
93,33,33,22,22,39,39,24,9,68,49,19,34,34,1,1,1,17,31,8,4,10,25,29,15,15,
32,38,27,35,18,18,18,28,42,23,23,23,23,52,52,37,37,61,61,61,83,83,48,53,
53,86,66,66,129,136,92,222,221,145,219,354,325,368,368,332,352,377,314,
319,359,359,329,302,302,384,336,360,275,266,260,260,277,306,251,315,345,
345,320,361,381,356,356,328,390,372,391,391,369,364,364,364,364,382,358,
367,334,344,344,355,343,343,363,363,371,371,351,339,339,365,357,357,353,
335,341,341,324,326,326,316,333,333,327,327,327,303,312,312,312,265,276,
259,284,284,284,284,216,214,154,154,164,164,212,212,99,173,173,173,109,
253,253,210,210,122,181,181,181,87,75,101,150,150,60,69,69,69,47,47,57,
57,57,57,81,46,73,73,44,44,112,112,100,100,65,65,95,45,36,67,67,90,43,54,
41,50,70,40,71,63,91,89,76,94,72,59,82,82,97,64,77,74,74,74,74,88,88,96,
98,98,106,111,103,110,124,121,166,166,155,174,174,153,217,215,213,213,183,
211,282,262,301,269,280,307,254,258,297,270,247,313,281,305,244,239,235,
240,294,308,318,293,323,310,322,309,321,304,300,278,317,271,311,283,296,
272,263,268,268,256,257,249,252,245,243,248,242,226,229,190,196,232,168,
200,179,234,204,186,193,165,165,143,177,120,152,113,128,163,108,108,151,
119,182,171,135,157,117,105,134,102,102,114,114,104,115,115,115,115,139,
107,118,118,116,126,126,123,149,147,162,167,167,169,176,178,180,189,191,
187,192,209,207,203,202,231,237,228,199,197,148,159,160,172,185,188,194,
201,208,230,236,241,246,267,273,274,279,289,287,255,175,142,158,156,146,
133,141,264,238,170,184,195,198,206,233,250,261,140,140,125,125,161,161,
3,2,6,5,11,410,385,227,137,78,132,225,295,348,349,51,7,13,20,14,420,55,
80,84,56,205,288,338,375,342,292,224,138,409,397,397,432,423,418,431,425,
427,422,428,426,16,16,26,26,12,12,376,376,127,127,30,30,21,21,411,411,386,
386),((1,4,6),(10,11,3),(1,12,4),(7,13,14),(7,5,13),(10,16,11),(17,16,10),
(14,13,18),(14,18,19),(5,20,13),(12,22,4),(5,22,20),(13,23,18),(13,21,23),
(16,24,11),(12,25,22),(17,26,16),(26,27,16),(16,27,24),(28,26,17),(28,30,
26),(30,32,26),(26,33,27),(34,35,29),(36,35,34),(35,31,29),(36,37,35),(37,
38,35),(35,38,31),(39,37,36),(37,40,38),(43,40,37),(39,43,37),(38,44,30),
(30,44,32),(40,45,38),(38,45,44),(43,46,41),(46,47,42),(40,48,45),(49,46,
43),(50,43,39),(50,49,43),(49,51,46),(51,53,46),(46,53,47),(54,49,50),(54,
58,49),(60,59,57),(58,52,49),(60,64,59),(64,65,59),(58,66,52),(67,64,63),
(64,68,65),(69,68,64),(67,69,64),(66,70,52),(52,70,53),(68,71,65),(66,72,
70),(69,73,68),(73,74,68),(68,74,71),(75,73,69),(75,76,73),(76,77,73),(73,
77,74),(78,76,75),(80,81,78),(79,82,76),(80,83,81),(86,83,80),(82,88,76),
(76,88,77),(85,89,82),(82,89,88),(87,90,84),(90,91,84),(85,92,89),(93,90,
87),(93,94,90),(94,95,90),(90,95,91),(96,94,93),(98,100,97),(96,101,94),
(98,102,100),(103,102,98),(101,104,94),(94,104,95),(102,105,100),(101,105,
104),(103,106,102),(106,107,102),(102,108,105),(109,106,103),(111,112,106),
(112,113,106),(106,113,107),(114,112,111),(115,116,114),(116,117,114),(114,
117,112),(116,118,117),(119,118,116),(117,121,112),(112,121,113),(118,122,
117),(117,122,121),(119,123,118),(123,124,118),(118,124,122),(125,123,119),
(125,128,123),(128,129,123),(123,129,124),(130,128,125),(134,136,133),(130,
137,128),(134,138,136),(141,139,135),(137,143,128),(128,143,129),(138,144,
136),(137,145,143),(141,146,139),(146,147,139),(140,148,145),(149,146,141),
(149,150,146),(150,151,146),(146,151,147),(152,150,149),(19,153,152),(152,
153,150),(19,18,153),(153,154,150),(150,154,151),(18,155,153),(153,155,
154),(18,23,155),(25,156,22),(22,156,157),(22,157,20),(25,158,156),(27,
159,24),(158,160,156),(158,161,160),(162,161,159),(27,162,159),(156,160,
163),(156,163,157),(161,164,160),(162,165,161),(165,167,161),(161,167,164),
(160,168,163),(160,164,168),(33,162,27),(170,166,162),(33,170,162),(165,
171,167),(172,171,166),(170,172,166),(20,157,173),(21,173,23),(157,163,
174),(157,174,173),(163,168,175),(163,175,174),(164,177,168),(167,178,164),
(164,178,177),(169,179,176),(169,177,179),(171,180,167),(167,180,178),(172,
181,171),(181,183,171),(171,183,180),(184,181,172),(185,172,170),(185,184,
172),(184,186,182),(187,188,181),(181,188,183),(44,170,33),(44,185,170),
(45,185,44),(45,189,185),(48,189,45),(189,184,185),(189,190,184),(191,190,
189),(48,191,189),(190,186,184),(191,193,190),(193,194,190),(190,197,186),
(53,192,47),(198,193,191),(53,198,192),(193,199,194),(200,199,193),(198,
200,193),(196,201,187),(187,201,188),(199,202,195),(196,203,201),(200,204,
199),(204,205,199),(199,205,202),(207,204,200),(209,200,198),(209,207,200),
(207,211,204),(211,212,204),(204,212,205),(70,198,53),(70,209,198),(72,
209,70),(71,214,210),(74,214,71),(214,208,210),(214,215,208),(217,216,214),
(74,217,214),(215,211,208),(217,218,216),(218,219,216),(215,220,211),(77,
217,74),(221,218,217),(77,221,217),(218,222,219),(224,223,218),(221,224,
218),(220,225,211),(211,225,212),(222,227,219),(220,229,225),(224,230,223),
(230,231,223),(222,233,227),(234,230,224),(235,224,221),(235,234,224),(234,
236,230),(236,237,230),(230,240,231),(88,221,77),(88,235,221),(89,235,88),
(89,241,235),(92,241,89),(241,234,235),(241,242,234),(243,242,241),(92,
243,241),(242,236,234),(243,245,242),(245,247,242),(242,247,236),(95,244,
91),(249,246,244),(95,249,244),(245,250,247),(253,251,246),(249,253,246),
(247,254,236),(236,254,237),(250,256,247),(248,257,255),(253,258,251),(258,
259,252),(252,259,257),(262,258,253),(263,253,249),(263,262,253),(262,264,
258),(264,265,258),(258,265,259),(104,249,95),(104,263,249),(105,263,104),
(105,267,263),(108,267,105),(267,262,263),(267,268,262),(271,269,267),(108,
271,267),(268,264,262),(271,273,269),(276,277,270),(268,277,264),(113,272,
107),(278,274,272),(113,278,272),(276,279,277),(281,280,275),(278,282,274),
(277,283,264),(264,283,265),(279,285,277),(277,285,283),(281,287,280),(288,
289,279),(279,289,285),(290,287,281),(291,282,278),(291,290,282),(290,292,
287),(293,294,288),(288,294,289),(121,278,113),(121,291,278),(122,291,121),
(122,295,291),(124,295,122),(295,290,291),(295,296,290),(297,296,295),(124,
297,295),(296,292,290),(297,298,296),(298,299,296),(296,299,292),(129,297,
124),(300,298,297),(129,300,297),(298,301,299),(302,301,298),(300,302,298),
(299,303,293),(293,303,294),(301,304,299),(299,304,303),(302,305,301),(305,
306,301),(301,306,304),(307,305,302),(308,302,300),(308,307,302),(307,309,
305),(310,311,305),(305,311,306),(143,300,129),(143,308,300),(145,308,143),
(145,312,308),(148,312,145),(312,307,308),(312,313,307),(314,313,312),(148,
315,312),(313,309,307),(314,318,313),(318,320,313),(313,320,310),(151,316,
147),(321,319,317),(151,322,316),(319,323,320),(324,323,319),(321,324,319),
(320,325,310),(310,325,311),(323,326,320),(320,326,325),(324,327,323),(327,
328,323),(323,328,326),(329,327,324),(331,324,321),(331,329,324),(329,332,
327),(332,334,327),(327,334,328),(154,322,151),(154,331,321),(155,331,154),
(155,335,331),(23,335,155),(335,330,331),(335,336,330),(173,336,335),(23,
173,335),(336,333,330),(173,174,336),(174,337,336),(336,337,333),(174,175,
337),(338,339,332),(332,339,334),(176,340,338),(338,340,339),(176,179,340),
(180,341,178),(178,341,342),(178,342,177),(180,343,341),(183,343,180),(343,
344,341),(343,345,344),(346,345,343),(183,346,343),(341,344,347),(341,347,
342),(345,348,344),(346,349,345),(349,350,345),(345,350,348),(344,351,347),
(344,348,351),(188,346,183),(352,349,346),(188,352,346),(349,353,350),(354,
353,349),(352,354,349),(177,342,355),(177,355,179),(342,347,356),(342,356,
355),(347,351,357),(347,357,356),(348,358,351),(357,351,358),(354,359,353),
(360,359,354),(361,354,352),(361,360,354),(360,362,359),(201,352,188),(201,
361,352),(203,361,201),(203,363,361),(206,363,203),(363,360,361),(363,364,
360),(365,364,363),(206,365,363),(364,362,360),(365,366,364),(213,365,206),
(367,366,365),(213,367,365),(367,368,366),(369,370,368),(371,368,367),(371,
369,368),(369,372,370),(226,367,213),(226,371,367),(228,371,226),(228,373,
371),(232,373,228),(373,369,371),(373,374,369),(375,374,373),(232,375,373),
(374,372,369),(375,376,374),(376,377,374),(374,377,372),(239,375,232),(378,
376,375),(239,378,375),(376,380,377),(381,380,376),(378,381,376),(380,382,
377),(381,383,380),(383,384,380),(380,384,382),(385,383,381),(386,381,378),
(386,385,381),(385,387,383),(383,387,384),(255,379,238),(255,386,379),(257,
386,255),(257,388,386),(259,388,257),(388,385,386),(388,389,385),(390,389,
388),(261,390,388),(389,387,385),(390,391,389),(391,392,389),(389,392,387),
(266,390,260),(393,391,390),(266,393,390),(391,394,392),(395,394,391),(393,
395,391),(387,392,396),(387,396,384),(392,394,397),(392,397,396),(395,398,
394),(394,398,399),(394,399,397),(400,398,395),(402,395,393),(402,401,395),
(400,403,398),(403,399,398),(284,393,266),(284,402,393),(286,402,284),(286,
404,402),(289,404,286),(404,401,402),(404,405,401),(406,405,404),(289,406,
404),(405,403,400),(406,407,405),(407,408,405),(405,408,403),(294,406,289),
(409,407,406),(294,409,406),(407,411,408),(412,411,407),(410,412,407),(408,
413,403),(403,413,399),(411,414,408),(408,414,413),(412,415,411),(415,416,
411),(411,416,414),(417,415,412),(418,412,410),(418,417,412),(417,419,415),
(415,419,416),(303,409,294),(303,418,410),(304,418,303),(304,420,418),(306,
421,304),(420,417,418),(420,422,417),(424,423,421),(306,424,421),(422,419,
417),(424,425,423),(428,429,422),(422,429,419),(311,424,306),(430,426,424),
(311,430,424),(430,431,426),(433,431,430),(433,434,431),(325,430,311),(325,
433,430),(326,433,325),(326,436,433),(328,436,326),(436,434,433),(436,437,
434),(438,437,436),(328,438,436),(438,439,437),(439,440,437),(334,438,328),
(442,439,438),(334,442,438),(439,443,440),(444,443,439),(442,444,439),(444,
445,443),(445,446,443),(447,445,444),(448,444,442),(448,447,444),(447,449,
445),(445,449,446),(339,442,334),(339,448,442),(340,448,339),(340,450,448),
(179,450,340),(450,447,448),(450,451,447),(355,451,450),(179,355,450),(451,
449,447),(355,356,451),(356,452,451),(451,452,449),(356,357,452),(449,452,
453),(449,453,446),(452,357,454),(452,454,453),(357,358,454),(384,455,382),
(396,456,455),(384,396,455),(396,397,456),(397,457,456),(397,399,457),(413,
457,399),(446,453,458),(419,429,459),(419,460,461),(414,416,462),(413,414,
463),(413,464,465),(457,466,467),(456,468,469),(455,470,471),(372,472,473),
(474,362,475),(475,362,476),(477,370,473),(473,370,372),(472,372,478),(478,
382,471),(471,382,455),(470,455,469),(469,455,456),(468,456,467),(467,456,
457),(466,457,465),(465,457,413),(463,464,413),(463,414,479),(462,479,414),
(462,416,461),(461,416,419),(459,460,419),(459,429,480),(366,476,364),(368,
370,477),(377,382,478),(377,478,372),(368,477,366),(366,477,476),(437,481,
482),(432,435,483),(427,432,484),(484,432,485),(483,485,432),(483,435,482),
(482,435,437),(364,476,362),(350,353,486),(454,358,487),(488,441,489),(489,
458,490),(490,458,491),(491,458,492),(492,454,493),(487,493,454),(487,358,
494),(494,350,495),(486,495,350),(486,353,474),(446,458,489),(453,454,492),
(453,492,458),(348,494,358),(350,494,348),(359,362,474),(359,474,353),(443,
446,489),(443,489,441),(496,429,428),(428,498,496),(480,429,497),(500,441,
488),(437,440,501),(501,481,437),(484,499,427),(502,115,503),(503,115,504),
(505,103,506),(504,114,110),(115,114,504),(505,110,103),(504,110,505),(61,
56,507),(67,62,508),(78,75,509),(80,78,510),(511,80,512),(510,512,80),(510,
78,513),(509,513,78),(509,75,514),(514,67,515),(515,67,516),(508,516,67),
(517,93,87),(511,87,80),(517,87,511),(514,75,69),(514,69,67),(116,115,518),
(120,116,519),(126,120,520),(520,120,521),(519,521,120),(518,519,116),(518,
115,502),(55,50,522),(135,132,523),(141,135,524),(524,525,141),(524,135,
526),(523,526,135),(152,149,527),(19,152,528),(15,19,529),(8,15,530),(530,
15,531),(529,531,15),(529,19,532),(528,532,19),(528,152,533),(527,533,152),
(527,149,534),(535,3,536),(537,2,9),(538,34,539),(34,29,539),(540,17,10),
(539,17,540),(535,10,3),(540,10,535),(539,28,17),(36,34,541),(39,36,542),
(50,39,543),(522,50,544),(543,544,50),(543,39,545),(542,545,39),(542,36,
546),(541,546,36),(541,34,538),(547,98,97),(547,97,549),(551,99,548),(530,
553,8),(537,9,554),(555,141,525),(149,142,556),(556,534,149),(557,131,127),
(557,127,559),(523,132,558),(522,561,55),(507,56,562),(520,560,126),(507,
563,61),(508,62,564),(103,98,552),(552,506,103),(550,96,93),(550,93,517)),
());
#1816=COMPLEX_TRIANGULATED_FACE('ConvergentBody',#1826,587,((0.485769275561397,
-0.391607477581208,-0.781454921555325),(0.509901795288868,0.259125700598375,
-0.82027680111691),(0.690296386007437,0.317265740711646,-0.65025637193015),
(0.658231288200609,-0.237894880065758,-0.714239173717226),(0.1915720171316,
-0.199767611447387,-0.960933433526348),(0.485769275561397,-0.391607477581208,
-0.781454921555325),(0.0471714987020105,-0.354638761263355,-0.93381272143819),
(0.485769275561397,-0.391607477581208,-0.781454921555325),(0.0850360494606902,
-0.455174391564822,-0.886332411432479),(0.181773805978902,0.0588373108826593,
-0.981578552286082),(0.803172894930992,0.0628840793706339,-0.592417836843117),
(0.509901795288868,0.259125700598375,-0.82027680111691),(0.639362816666916,
-0.219875442910778,-0.736797107939857),(0.665317466044698,0.337009270027559,
-0.666166211460289),(0.935790530093852,-0.100885190187427,-0.337813946111635),
(0.574907690846843,-0.333680720113228,-0.747086557254157),(0.174198530612303,
-0.29653461666715,-0.939000582028883),(0.0970453074208983,-0.455916411680043,
-0.884716018770078),(0.1800983683375,-0.503461993509689,-0.845038814974449),
(-0.197159701421077,-0.0293297457230547,-0.979932557960686),(0.204169255401903,
0.0431466853431519,-0.977984293683969),(0.681917419299832,-0.439865401909758,
-0.584386055153804),(0.932553764947433,-0.23480970753363,-0.274240545380034),
(0.976392851160999,-0.102467795741724,-0.19015086388846),(0.989835165578478,
0.0106874453038784,-0.141817218619969),(0.710116403008223,0.171366326724588,
-0.682911616714479),(0.13020001261185,-0.342214847486191,-0.93055733561983),
(-0.0503125643724274,-0.112144234071996,-0.99241741048345),(0.0118646700565016,
-0.259172263416338,-0.965758234487339),(0.0287063844898313,-0.320396672636621,
-0.946848412182702),(0.195675848298931,-0.35379845608706,-0.914624302576149),
(0.63768959301623,-0.571219526277878,-0.516778710627355),(0.125302385579423,
-0.366849432867123,-0.921803018965102),(0.954440500028074,-0.263487528621831,
-0.140063036404754),(0.789210939451734,-0.604469181770472,-0.108457832079788),
(0.740986472562835,-0.600617290954907,-0.300329680992198),(0.995602343729467,
-0.0894228128838539,-0.0279201306646712),(0.901973752771227,-0.248707921200947,
0.35296985599863),(0.999043273395308,-0.0436332321261238,-0.00294600370265478),
(0.964356786056631,-0.259275468324254,-0.0528414677290928),(0.944622347105169,
-0.155931185363367,0.288745713008344),(0.875638198624224,-0.439372961249872,
0.200522183392864),(0.821036574868783,-0.55371029317222,-0.138938309918001),
(0.815294333979162,-0.551392557623996,-0.176808926184012),(0.995744092040095,
-0.0757264029150887,0.0525282311599134),(0.945790273137152,-0.310944747332713,
-0.093776987290846),(0.889411979654543,-0.292409417968571,0.35134464949714),
(0.962970059455179,-0.168207607392264,0.210700890857773),(0.932697600082507,
-0.357308537792774,-0.0490489104947387),(0.916615774175484,-0.382493300699468,
0.116251440647862),(0.991858422330822,0.0865287161860279,-0.0934326031244458),
(0.957634073719272,0.0835466860326475,0.275602852134724),(0.948373311521366,
-0.302715598020162,0.0946114618283281),(0.967480666230376,-0.199421814734009,
0.155602378769162),(0.951559805696166,-0.2047386692804,0.22938180722273),
(0.78674774210058,-0.52188645043724,0.32963999021608),(0.929911342902098,
-0.345121667104825,0.127105976400808),(0.885079585528461,-0.449454496334094,
-0.120932969060689),(0.941912955263269,-0.332431983157117,0.0478430902162609),
(0.86159229718685,-0.484722323603495,0.150675088945436),(0.997044696386245,
0.020511031063001,0.0740349310311902),(0.98029880493539,-0.0636439540624879,
0.18698582875057),(0.861914427374593,-0.482520845531246,0.155811275302329),
(0.935773048396714,-0.344216580727653,0.0764444075553232),(0.718829840587689,
-0.303520016573685,0.625427261813705),(0.969713942295413,-0.213625925770119,
0.11840115690629),(0.88346201687558,0.0396192455604048,0.466824571032156),
(0.925504238236322,-0.352803182199765,-0.137738228667009),(0.689703010793407,
-0.393056554538218,0.608125235323329),(0.945288645666361,-0.234612374246708,
0.226685708028937),(0.990166718536921,0.0732302687194633,-0.119193948022131),
(0.991167529374364,0.0519193409889204,0.122029958392168),(0.828648841596729,
-0.467601877739957,0.307716722416034),(0.718306426184667,-0.296360943034764,
0.629449020608784),(0.45723734662769,-0.203032411123102,0.865859023676724),
(0.962946233053146,-0.17379599543011,0.206226827113287),(0.430254425832459,
-0.19229275846829,0.881989015856908),(0.455115490752261,-0.263288170837525,
0.850616969719249),(0.951849575227698,-0.221334043844379,0.21211701293),
(0.385543241896743,-0.25440339428835,0.886924642572477),(0.34712431097391,
-0.220787594187444,0.911459023206095),(0.380476253941003,0.138699839429725,
0.914330451603352),(0.244720157748649,-0.0851154469849518,0.965850612194261),
(-0.160602180334773,-0.0711063088513592,0.98445458631328),(0.880954543726991,
-0.363760400801887,0.302650727233919),(0.626932442146014,-0.331792631090645,
0.704889610463072),(0.897841835328024,-0.348835260606566,0.268689411202517),
(0.300666408959745,-0.251683647647227,0.919921220556542),(0.347219209929768,
-0.242325807457459,0.905934337187767),(0.665974367111345,-0.320152246683142,
0.673780885224848),(0.348713089913512,-0.33804545308676,0.874142123782133),
(0.380476253941003,0.138699839429725,0.914330451603352),(-0.0497193776629177,
0.109242471647879,0.992770903014928),(-0.0796259068874575,-0.370812617475882,
0.925287910692145),(0.00946234339218814,0.139368927125027,0.990195317202393),
(0.380476253941003,0.138699839429725,0.914330451603352),(0.294324486331185,
-0.282095062044531,0.913124018255996),(-0.121846192604104,-0.31401017222495,
0.941568434627638),(0.317715943930268,-0.228757440445566,0.920177489625394),
(-0.145447358325158,-0.385511131585597,0.911167511152491),(-7.17496280185075E-5,
0.076696498687308,0.99705448293516),(-0.103255675176082,-0.280862800018787,
0.954177317436093),(0.167198186364422,0.032913439676048,0.985373772720352),
(-0.17043312136146,-0.367579761758234,0.914241581798132),(-0.168881992270493,
-0.364996329468239,0.915563516180861),(-0.283596311075026,-0.304449285783417,
0.909331493312865),(-0.0829390787216151,-0.35647221379768,0.930617359611882),
(-0.251512420886759,-0.398499168431449,0.882009022005515),(-0.0814555791222698,
-0.166512688390858,0.982669076156722),(-0.21980746189356,-0.2718207783859,
0.936908823810297),(0.193728466008741,-0.258783353140579,0.946308859514281),
(-0.219662295375922,-0.297105584804525,0.929234495414447),(-0.115009763969752,
-0.322012530377763,0.939723727736685),(-0.076488686431828,-0.249316022775926,
0.965396810454192),(-0.270503627312279,-0.184612475176346,0.944852380861774),
(-0.338703110185511,-0.358776509587194,0.869804356921194),(-0.0880332044946526,
-0.26948217097065,0.958973156264214),(-0.342861666529374,-0.155484907083382,
0.926428799905299),(-0.920454552775617,0.0168765200249564,0.390485082104919),
(-0.85799508794899,-0.361691922234307,0.364723706997307),(-0.839183162293094,
-0.337528469263635,0.426434230052314),(-0.974274005836898,-0.0668239226808378,
0.215231793441559),(-0.77998498246729,-0.28025189576683,0.559537578759997),
(-0.379175486785929,-0.349245755590216,0.856885845619399),(-0.738939020837828,
-0.246555376564539,0.627040325473849),(-0.970285913417389,-0.161663797493464,
0.180027950062693),(-0.965525508121285,-0.114031580963368,0.234002760048103),
(-0.153181095428673,-0.206490884502952,0.966383498731461),(-0.582753854769687,
-0.241756427343646,0.775855511412471),(-0.176689628532932,-0.171517897467788,
0.969207091398491),(-0.95016918702951,-0.1148564248575,0.289804274793581),
(-0.953553472460233,-0.0468192145339154,0.297562995531128),(-0.802436012809984,
-0.49675863676902,0.330646793634839),(-0.565907265231562,-0.217224691669481,
0.795337915911993),(-0.972230535761074,-0.116182122942228,0.203148959245113),
(-0.971745964378509,-0.111528302178436,0.208017351505292),(-0.963776454716419,
-0.151940396206351,0.219200961072046),(-0.920808228275245,-0.277945401443803,
0.273602924978604),(-0.978683716072083,-0.199030100434133,-0.0506478332855108),
(-0.951008707331565,0.0121924193250936,-0.308923588433363),(-0.99233621624753,
-0.0558526994602543,0.110223907962558),(-0.927092052786187,-0.0696730721813635,
-0.368301491543958),(-0.968192933080147,-0.0640314719724279,-0.241872724652254),
(-0.936492409850305,-0.0568580529691409,-0.346047869673151),(-0.953769918456507,
-0.296607915764605,-0.0484426150537491),(-0.97692839817806,-0.0519966817012491,
-0.20714065251734),(-0.861235094506419,-0.418655948718402,-0.288099476905487),
(-0.977312074082883,-0.0995150207433303,-0.186970239605848),(-0.944065809965811,
-0.325407245258586,0.0533841848005231),(-0.886789323633229,-0.424401939512995,
-0.182996418619949),(-0.995428202491069,-0.0867749755623539,0.0399098647147861),
(-0.845126120501605,-0.533079552931772,0.0398501027849242),(-0.980864827541965,
0.0153228625025626,-0.194086063321916),(-0.994711583851166,-0.0921734249554969,
-0.0453092119141121),(-0.969110188708182,0.220525829147197,0.110425544241057),
(-0.87268365271704,-0.474338270485439,0.115872548230058),(-0.975373393779943,
-0.0648957947824567,-0.210796770672011),(-0.970201002941529,0.0248713262232704,
-0.241021640155292),(-0.976540539926248,0.20572972340868,-0.0635913106229147),
(-0.842700971600388,-0.48154341234307,-0.240771706171539),(-0.88700212536805,
-0.429062751743919,0.170682115813283),(-0.977658153159269,-0.0390832251649108,
-0.206535800944815),(-0.659799420768162,0.147731206295161,-0.736776909953463),
(-0.71067931452427,-0.176097529262669,-0.681120086398057),(-0.728404429376276,
-0.162868030209253,-0.66550807057524),(-0.704244212208944,0.179970114308371,
-0.686768408945866),(-0.268285433782922,0.214282598518478,-0.939204926516082),
(-0.304965239851744,-0.133971831467493,-0.9428932870985),(-0.879362673291558,
-0.0222556099660266,-0.475632186302151),(-0.521973785179647,-0.081823461428934,
-0.849027849216396),(-0.177778079749461,0.020521130849252,-0.98385661432409),
(-0.930872530540855,0.136524746192745,-0.338876563901182),(-0.831107944061278,
-0.456756527393045,-0.317227142599874),(-0.761357040945435,0.0145625766949745,
-0.648169258421606),(-0.636847551276381,-0.499628760732852,-0.587193577861536),
(-0.0937148320919232,-0.168033403082306,-0.981316618474671),(-0.267279843505647,
-0.326311846975622,-0.906687412385853),(0.110600927334077,-0.0361839398332632,
-0.99320599946385),(0.0757702456642175,-0.160372769243732,-0.984144016268493),
(-0.0159145560474805,-0.320741980143152,-0.947032897569911),(0.09946273522591,
-0.118502709405846,-0.987959651081386),(0.218747392643252,0.162443460263841,
-0.962165110794031),(-0.247406138028389,0.161299832587676,-0.955391316096742),
(0.11855791019643,-0.169091414620623,-0.978443721136505),(0.0902649431920044,
-0.29358031590417,-0.951663195749501),(0.273991503009614,-0.381868170947449,
-0.882669449055411),(0.243689031319382,-0.334343533052439,-0.91040104235476),
(0.651350868050834,-0.433858585573399,-0.622502027638203),(0.169963262339168,
-0.237644279744695,-0.956366920046722),(0.669320746339441,-0.526035376926154,
-0.524687069348742),(0.880771012101063,-0.275240941281615,-0.385337317794266),
(0.600714399712394,-0.3003571998562,-0.740896593643621),(0.457102974401815,
-0.707435012799104,-0.539066390585562),(0.212443531881374,-0.350370887094811,
-0.912199532579448),(0.583211843519844,-0.291605921759925,-0.758175396575706),
(0.893763837588395,-0.281774023259096,-0.348983670729231),(0.736111531941541,
-0.631454453449916,-0.243731585480718),(0.426806595343214,-0.69802695031613,
-0.574973483565892),(0.838623475384037,-0.428075421412886,-0.336841357491891),
(0.210868184665082,-0.380828076542975,-0.900280281252806),(0.470646318590232,
-0.568758510246389,-0.674541177260344),(0.911508750645455,-0.35534278347386,
-0.20708284267368),(0.544654415486838,-0.536379279339982,-0.644708334353925),
(0.736111531941541,-0.631454453449916,-0.243731585480718),(0.736111531941541,
-0.631454453449916,-0.243731585480718),(0.477685549158298,-0.546097467302168,
-0.688181714615764),(0.340758075500064,-0.505085274111524,-0.792951953057169),
(0.499238527513793,-0.70592963763094,-0.502418390746308),(0.554735463427906,
-0.4236161720722,-0.71611305278868),(0.857935562048638,-0.424371853086503,
-0.289577453680729),(0.559713570020437,-0.525410743968426,-0.640830921271378),
(0.86752034027825,-0.445073559351654,-0.222076531784785),(0.898326947958409,
-0.410712037237323,-0.155962550120526),(0.0513406269855388,-0.18722998068213,
-0.980973533972503),(0.0438385138889646,-0.291107729888818,-0.955685342724783),
(0.119374534186713,-0.435363603200417,-0.892305022733849),(0.538339066641973,
-0.544438101705799,-0.643255938750694),(0.1689884747823,-0.643708310056537,
-0.746379599771396),(0.236969778041026,-0.37739631317647,-0.8952191614884),
(0.540906571443015,-0.49048910325353,-0.683257287234692),(0.310760027742144,
-0.446105706685549,-0.839296076256936),(0.0431118351476631,-0.607203376611282,
-0.793375969576883),(0.594660728320843,-0.496216486064753,-0.632572380957684),
(0.892349177620576,-0.408589097770794,-0.191749561623306),(0.715166170278749,
-0.469620934928646,-0.517680911726105),(0.890303866921321,-0.446183285237057,
-0.0909917607259568),(0.872408766044021,-0.464824851473165,-0.151131738501543),
(0.931444841708478,-0.35194815423047,-0.0924283700409867),(0.867317056780137,
-0.402759998003707,-0.292481635365873),(0.879966032514344,-0.473460808176441,
0.038660635559649),(0.911855744104666,-0.409646506960403,-0.0266240732884202),
(0.884630125064044,-0.436570314894955,0.163816671867345),(0.96830012818184,
-0.245966373194222,-0.0435362495021376),(0.947177372606679,-0.279376302879701,
-0.157492559224804),(0.929556480693284,-0.32518388341847,0.173724469105536),
(0.956015870370581,-0.286635366768246,-0.0622400362886609),(0.976072536961615,
-0.212841149793487,0.0445089602653614),(0.923991016497604,-0.350519648066304,
-0.152894008225304),(0.912432669151447,-0.376239693149099,-0.160966821314945),
(0.851127695087767,-0.467566789471807,0.238669109935938),(0.85577154638648,
-0.51540641927467,0.0448473339871526),(0.961027006883492,-0.194119003138203,
0.196837254251293),(0.770459731220005,-0.576983158830262,0.271076072338835),
(0.9586090538785,-0.239770528363631,0.153553819719317),(0.644776875176805,
-0.627494597797999,0.43647830527022),(0.678995373868055,-0.623549926421678,
0.387492930935908),(0.87465021381375,-0.272630738516738,0.400823507159174),
(0.782542420716787,-0.26453900625885,0.563601343101923),(0.437303634006058,
-0.726017751849389,0.530720035126482),(0.782946609884151,-0.57176372739931,
0.245113945138508),(0.602252199886844,-0.299755770023353,0.73989105013452),
(0.350056822171388,-0.557868864598342,0.752490897727691),(0.416316381459398,
-0.715111225655503,0.561512782997892),(0.282134717205786,-0.338877466456471,
0.897531093653727),(0.313800035936911,-0.6854000664434,0.657081643607076),
(0.0660727484540484,-0.566717240427861,0.821258766354161),(0.471076335402112,
-0.666909162994948,0.57733807646603),(0.446149532143361,-0.667636962969597,
0.595996208582733),(0.365189902205587,-0.619900036208285,0.69452161984782),
(0.122319293699482,-0.502884659528894,0.855654725692185),(0.487984814764866,
-0.635828077337136,0.597991201129799),(-0.054866799288009,-0.482302442580438,
0.874284843867737),(-0.0786799203429252,-0.395749643440428,0.914981797552064),
(0.109524295265339,-0.468107408579176,0.876857960435964),(0.282407937354473,
-0.659236347536396,0.69688822274886),(-0.122977087652102,-0.306654558547771,
0.94384300476005),(0.0130227366702905,-0.353985923704034,0.935160079424383),
(-0.0444103230960131,-0.21105884243393,0.976463971804878),(-0.049869169484501,
-0.332858125865299,0.94165733363064),(0.0636178190610108,-0.379062247814193,
0.923181772664502),(-0.00811869312520895,-0.728824051351783,0.684652896724401),
(-0.0669409771284669,-0.236647441168383,0.969286796654913),(-0.0677056188616886,
-0.360099770825629,0.930453708803337),(-0.132141338757311,-0.821545720555443,
0.554618152992186),(-0.157305089348723,-0.409380087233852,0.89870075834028),
(-0.0448302637260672,-0.712302281412295,0.700439652896016),(-0.121995786304858,
-0.781013636587473,0.612482430432311),(-0.270417799444635,-0.459076459526857,
0.84624052021385),(-0.310076723813668,-0.752220784642793,0.581391706597508),
(-0.105078570772438,-0.806932603153827,0.581221358805585),(-0.343635327442587,
-0.549451910179653,0.761588707987032),(-0.254128217381173,-0.320567045020052,
0.912499654124745),(-0.413060380058148,-0.688922165400519,0.595623515692655),
(-0.201354843784047,-0.782839321937693,0.588743427065505),(-0.5004955560115,
-0.394657336731658,0.770551610845513),(-0.79081250756432,-0.515245623324679,
0.330359691131643),(-0.626104472508253,-0.587665632453497,0.512486384149076),
(-0.783707014642542,-0.502327805909799,0.365335586290087),(-0.736068527408923,
-0.55626868948763,0.385704897627413),(-0.531347686651294,-0.686770425223808,
0.496000019080875),(-0.827767816199447,-0.470933570080723,0.304995106576193),
(-0.653566442447436,-0.689541892726689,0.312062307050208),(-0.776935732151498,
-0.578818170788757,0.247669928071565),(-0.372190493426448,-0.781295691052201,
0.501050176874772),(-0.496666012327526,-0.779770135748396,0.381157982460819),
(-0.718697772544117,-0.6920534471738,0.0673464029847533),(-0.593147459327006,
-0.769143004605719,0.237897309694762),(-0.757551306264466,-0.651633571983754,
0.038596712822392),(-0.806995588847516,-0.487960130359735,-0.332645503141048),
(-0.95696016432507,-0.284097548783979,-0.0592944067334391),(-0.886036398893933,
-0.462923424323235,-0.0253259362694064),(-0.72117018997839,-0.691017445199652,
-0.0490759362241716),(-0.667052309585932,-0.744316808825095,0.032151273326283),
(-0.801276694693654,-0.497718464241783,-0.332012031248288),(-0.925101134290679,
-0.372524604031813,0.0735752045531669),(-0.856106885056848,-0.516410150044713,
-0.0200389193585195),(-0.901244152043424,-0.409646277039784,0.141240596554156),
(-0.78543854621501,-0.617217432348323,-0.0461403437892878),(-0.66017937646344,
-0.746657560025513,-0.0816436093585442),(-0.895913787451816,-0.396383021098596,
0.200546717845228),(-0.795263758310787,-0.588623631146684,-0.145181870676385),
(-0.538410111235685,-0.82152581130044,-0.187642994770204),(-0.615989987381305,
-0.763509499880221,-0.193931892783612),(-0.637523957775428,-0.75533834797345,
-0.151747103244492),(-0.516195142161606,-0.823302588861259,-0.236041145529987),
(-0.514708060365292,-0.832945611002728,-0.20316796427166),(-0.507087528338776,
-0.835018159783542,-0.213557747307322),(-0.538510175197788,-0.790347198781689,
-0.292161079862437),(-0.736266549094755,-0.609025135371705,-0.294957544690039),
(-0.672630036029594,-0.737955256302113,-0.0546888866856001),(-0.660124378189567,
-0.745020279501321,-0.095815387342595),(-0.446117917305666,-0.611330420742035,
-0.653646632772036),(-0.522919221239298,-0.775020433430817,-0.354822231297864),
(-0.541895770326019,-0.777054568120547,-0.320211137010816),(-0.198243203783052,
-0.731520893819419,-0.652362486704646),(-0.556650903604425,-0.678924504851584,
-0.478749713554387),(-0.81782983165295,-0.575109068761751,0.0200978975641585),
(-0.162957480177773,-0.589696731212369,-0.791013669193876),(-0.579638783028755,
-0.635732858805719,-0.50976721495566),(-0.56143747611771,-0.670397156088222,
-0.485134634425744),(-0.129828901555148,-0.600379505728269,-0.789106396769449),
(-0.482977948175588,-0.530244583630765,-0.696830670325535),(-0.814848923604342,
-0.526699449170374,-0.242092796143278),(-0.536402404576949,-0.71264890893797,
-0.452110598143405),(-0.775406212982989,-0.629707680459254,-0.0470472319909104),
(-0.0908137401442343,-0.463828336076559,-0.881258270459612),(-0.493883553598764,
-0.457905281482267,-0.739189954392849),(-0.763462172899985,-0.62616097581734,
-0.158265419199239),(-0.539289598515285,-0.554470429101417,-0.633821167353468),
(-0.476085171044267,-0.800228266223312,-0.364660982076481),(-0.500921981035198,
-0.523822375143156,-0.688975535280576),(-0.0097920502850592,-0.440023619783065,
-0.897932809170165),(-0.766936454291481,-0.637903369490795,0.0699125616116484),
(-0.765616796183488,-0.641556231778614,0.0472918900844197),(-0.57401679506528,
-0.533286230398977,-0.621377916770328),(0.0664798719158551,-0.596973552809727,
-0.799501722246915),(-0.500780188501565,-0.786908009860655,-0.360548175451604),
(-0.528605484267057,-0.777482000646879,-0.340731537537864),(-0.723277486079032,
-0.688465359135418,-0.0537133819614409),(0.137233964745079,-0.425870842370028,
-0.894315863964958),(0.150178636495763,-0.409451728227183,-0.899886470279472),
(0.0584169068101327,-0.541395078089579,-0.838736451109116),(0.0982032012558959,
-0.728619849318171,-0.677841608668766),(-0.239989886370352,-0.699030088934735,
-0.673618429976379),(-0.554432665611519,-0.763323754360726,-0.331573921368302),
(0.191264634016311,-0.325320033488309,-0.926058699859665),(0.0695261697126118,
-0.323028479223582,-0.943831930661171),(-0.0464405039225986,-0.392252831640839,
-0.91868438305283),(-0.182762620182601,-0.612998406481278,-0.768655175169858),
(-0.102183672155408,-0.52723479547455,-0.84355318005787),(0.42913428454941,
-0.471616526485983,-0.770338638372477),(0.388532841576491,-0.725659799498338,
-0.567855691534855),(0.162623409385185,-0.766676046821488,-0.621096985945121),
(0.41163873072794,-0.538554812389136,-0.735195395399885),(0.120736821703822,
-0.822376350546298,-0.555985393645383),(0.0952750216349648,-0.576992654387393,
-0.811173315041519),(0.534274607557168,-0.571686423758784,-0.622675900135476),
(0.678076798356982,-0.560374401286148,-0.475596873321446),(0.795236682364855,
-0.551099187844255,-0.25276135815971),(0.0299351723376859,-0.761918535929002,
-0.646980703008149),(-0.104138269158477,-0.86263415079705,-0.494992467392514),
(0.829308873572207,-0.545719444974346,-0.1201543989677),(0.784016905510633,
-0.618582012870339,-0.0517086571747036),(0.644991517202711,-0.752576756829583,
0.132718377839736),(0.492270780608544,-0.789230217014435,0.367130961797562),
(0.369369490203412,-0.772570215221687,0.516431449719309),(0.224976370372517,
-0.907086546299315,0.35578031184537),(0.143268653022606,-0.894499088900096,
0.423491998765013),(0.348471608010873,-0.773515237546274,0.529378612803774),
(0.106515627742101,-0.902257612388204,0.417834443211954),(0.280150218836861,
-0.820006978426779,0.499103606696087),(0.0181326128667264,-0.914734910456529,
0.403647435198976),(-0.00916756315336013,-0.920182492911939,0.391382339310549),
(0.0300348675754085,-0.86938266354765,0.493225801284282),(-0.0427685016569755,
-0.912543101679667,0.406738174803977),(-0.0876602933551713,-0.90740190650503,
0.411020015376285),(-0.106299133403553,-0.932222201702286,0.345922333611169),
(-0.074237237852668,-0.900397662798051,0.428687393497656),(-0.121986840479693,
-0.915517827503334,0.383335777450211),(-0.0775260403428443,-0.889307378927003,
0.45069069088982),(-0.149995842814968,-0.855316650347619,0.495918012151562),
(-0.0749950139582983,-0.909100963316282,0.409769674791588),(-0.105318454030432,
-0.82109859949085,0.560985840422736),(-0.0388171769153706,-0.866267740611516,
0.49806970230294),(-0.0802200375717001,-0.802483281059376,0.591257413646691),
(-0.0739774222356787,-0.880590758801586,0.468067576865361),(-0.0670303159399125,
-0.938455447426605,0.338833749706734),(-0.169138568557597,-0.824693427552396,
0.539697040179181),(-0.115089420308999,-0.969358383385757,0.217022464027781),
(-0.187573259091899,-0.913997019799745,0.359757863389847),(-0.176851520902326,
-0.944270784521126,0.277626052549814),(-0.220159930474098,-0.965910944266887,
0.13618242456019),(-0.180788426230085,-0.977373001948922,0.109806921469464),
(-0.243261296306119,-0.969506879638201,0.0296707272183403),(-0.298320595997192,
-0.932388752559095,0.204098104119501),(-0.29570179673662,-0.83840300456759,
0.457865536308175),(-0.287333489042024,-0.957764171808831,-0.0112808365948828),
(-0.439280115985493,-0.848044942775331,0.296399653732857),(-0.38581964120607,
-0.92237126195185,0.0193509582442453),(-0.519566937601997,-0.850996213148444,
0.0765221703684043),(-0.417748274034844,-0.900758491586992,-0.118829791613199),
(-0.37934175552763,-0.917333891053278,-0.120823693199093),(-0.529292150006504,
-0.83915491611414,-0.125175263942057),(-0.429022107106572,-0.885741054346758,
-0.177208397821691),(-0.420626251426136,-0.876038933250462,-0.235858737469253),
(-0.30282860496817,-0.952192778799188,-0.0402957567953723),(-0.389212966511058,
-0.920641001343912,-0.0305518140892108),(-0.462923109510361,-0.855759864441055,
-0.231035168520045),(-0.48263975245223,-0.875289876241788,-0.0304384937453367),
(-0.471392310926983,-0.848864137480328,-0.239204860524818),(-0.482076489757733,
-0.832692947941743,-0.272442126828711),(-0.557442539955752,-0.821832944146594,
-0.117679337876368),(-0.533039633700137,-0.813040667375467,-0.234165800445921),
(-0.621865874543368,-0.77643590947426,-0.102127922515299),(-0.677926040925284,
-0.72745782797646,-0.105931069810234),(-0.762378421573616,-0.646224384199052,
0.0342518260167034),(-0.667716287767955,-0.744364287685697,0.0087616361226618),
(-0.798619136249426,-0.601367628902543,-0.0237581591112292),(-0.733944083996127,
-0.665887526740501,0.133865168354227),(-0.811031034841439,-0.583916895680778,
0.0356331231096564),(-0.552524127846058,-0.823940270215515,0.125855151921318),
(-0.576282392282013,-0.791001163153131,0.205464751809436),(-0.731845337984878,
-0.67339221177883,0.10461993302146),(-0.563146818962378,-0.802300568149387,
0.197938017166299),(-0.764589744854366,-0.639869849189321,-0.0772599389203086),
(-0.808165409758775,-0.588760574305703,0.0151544255136784),(-0.68821128446417,
-0.722955388933029,-0.0608336547387124),(-0.754715004285217,-0.65605248397967,
0.000632906683658994),(-0.695147678943441,-0.709522127688242,-0.115533781987334),
(-0.646946469976849,-0.747236263747043,-0.151981022255587),(-0.621483666242126,
-0.769437038828831,-0.147392998044568),(-0.6149980553057,-0.763764016091791,
-0.196066110517719),(-0.485520226021788,-0.784248927082096,-0.386294875055744),
(-0.537529861955042,-0.813288489314812,-0.222763283901599),(-0.493737451748361,
-0.831228489844122,-0.255504454780136),(-0.538791445493227,-0.839201903026129,
0.0737830889882177),(-0.457923879346789,-0.876908563043824,-0.14607221770208),
(-0.461543284949447,-0.858305039377687,-0.22425488957198),(-0.393449072526449,
-0.875688023374187,-0.279943410436979),(-0.2910327927557,-0.889558840764019,
-0.352115012970751),(-0.351940543923001,-0.802762972392063,-0.481362092088111),
(-0.131695240933286,-0.628593244129231,-0.766503031272944),(-0.318985881405297,
-0.896317998217706,-0.307996840138158),(-0.106585059369348,-0.761644258427032,
-0.639169499213134),(-0.162663998405791,-0.890815346487386,-0.424250447360045),
(-0.249064387651741,-0.933895429802978,0.256527302634194),(-0.321032626308764,
-0.932169800581953,0.167324581960633),(-0.348114422378781,-0.901981316695457,
0.255433070028564),(-0.37289792798216,-0.886934232422088,0.272570729654624),
(-0.327530623323517,-0.936549254956761,0.124896692611312),(-0.333757219272673,
-0.933204466306869,0.133174857417926),(-0.347485961265315,-0.894041956747747,
0.282741023373298),(-0.399484282034551,-0.89925628868954,0.178186519298332),
(-0.399090042649335,-0.87576879289418,0.271580852143194),(-0.366857065487829,
-0.882691513307102,0.293720250982591),(-0.403528123503297,-0.871477918524382,
0.278731575294796),(0.367474373816917,-0.707598590299777,-0.603545209237579),
(0.187653095539029,-0.787473697598091,-0.587087294468047),(0.0505421451235458,
-0.792526578358175,-0.607739347222305),(-0.0851707427731271,-0.780451966889707,
-0.619387335964711),(-0.321525664817854,-0.88948870495342,-0.324701540839776),
(-0.359058806469283,-0.895124967355563,-0.264250007215812),(-0.311314564039598,
-0.920750319900197,-0.235163965395466),(-0.345563282215499,-0.93363425984421,
-0.0944091459002003),(-0.248697927486963,-0.899332273036585,-0.359653727269076),
(-0.189602663826908,-0.874610594564522,-0.446214228532926),(-0.402188565649938,
-0.913863096320195,0.0556650594584391),(-0.452463412516488,-0.868762368117393,
0.201317679494359),(-0.432609230282709,-0.855874332566569,0.283422618589154),
(-0.355296015063105,-0.877868282753472,0.321110603711162),(-0.396713690001046,
-0.873212758263985,0.283050749814866),(-0.380941550914215,-0.867023212812436,
0.321176405159957),(-0.383536561446035,-0.859868065241735,0.336937110469576),
(-0.399527311476265,-0.859183659830174,0.319658201936656),(-0.309737918555854,
-0.924007235857057,0.224216524574993),(-0.251281210563959,-0.937441252224677,
0.240959855255891),(-0.179101310128543,-0.942331872255022,0.282724889676491),
(-0.0857413371921125,-0.934532532618913,0.345394511498646),(0.0742347386717227,
-0.921004894015238,0.38241232821958),(0.0754396367518479,-0.921701524461753,
0.380493312702905),(0.349656940454786,-0.891133774648903,0.289172301010653),
(0.434118570250773,-0.866736070912664,0.245580231986009),(0.177463254224283,
-0.929759888671755,0.322573003856821),(0.0171283382251441,-0.917969717310674,
0.396280479118271),(-0.0192209028603276,-0.920037837592586,0.391357808522065),
(-0.335012530654359,-0.893171794711112,0.300017915193566),(-0.345837431457973,
-0.890982714256926,0.294187480865372),(0.707414027309415,-0.706455471716334,
-0.0220467786292314),(0.468747185849509,-0.852809765604493,0.230198999667193),
(0.755828186314687,-0.653852098104254,-0.0346581386822341),(0.763253804874697,
-0.632478562334052,-0.131964000894751),(0.697648721649393,-0.635336253218924,
-0.331110414403877),(0.543071382394365,-0.661807985535124,-0.516801377616404),
(0.43246639699466,-0.671144402568819,-0.602111290685535),(0.618398986758079,
-0.638201047252356,-0.458565280480956),(0.738582350472972,-0.644533958371185,
-0.197666608399574),(0.768967916070149,-0.631296413252951,-0.100763002479536),
(0.706651489588432,-0.707369197652978,0.0165072854894896),(0.470895270560598,
-0.853286760586162,0.223962828103315),(0.388532841576491,-0.725659799498338,
-0.567855691534855),(0.055542054745969,-0.662801853301857,-0.746732069362378),
(0.702064773427022,0.310656969392512,-0.640778667935133),(0.66898151787463,
0.337606023098109,-0.662182680164647),(0.684578394225545,0.335815577468667,
-0.646977835856036),(0.992494539197695,-0.0683940031360556,-0.101374799618939),
(0.987530088357809,-0.14541874436834,0.0603134593134429),(0.998877933386124,
0.0277550350161139,-0.0383735876029269),(0.982208204886065,-0.157153312787666,
0.102809914572263),(0.994348084588813,-0.104122240923168,-0.0207471834160003),
(0.967120782210392,0.120343401157517,0.22404209072092),(0.953330719446243,
-0.261487012812674,0.150947280500226),(0.956245671760319,0.077385517154224,
0.282144815607924),(0.938260947511684,0.209098081288501,0.27558009139984),
(0.809441718548399,0.136697332429607,0.571067372190045),(0.391723862841751,
-0.209575408635882,0.895896513764531),(-0.650398793321413,0.14113325851559,
-0.746366406657495),(-0.272709439926072,0.217588519686881,-0.937168500044512),
(-0.058855780158298,0.145971724192784,-0.987536456480541),(0.231498554194909,
0.148749231456663,-0.961395904685848),(0.128166427886782,0.110435008953699,
-0.985584839351813),(-0.221174279130892,0.232729681886154,-0.947057988414701),
(0.0482147231255411,0.0919090116447408,0.99459945407808),(-0.0541445317373079,
0.281938670877047,0.957903416606827),(-0.041003119635321,0.176672734543198,
0.983415217011207),(0.180928876660036,0.0187348528788489,0.983317724277431),
(-0.927212710401677,-0.0585469807056977,-0.369930859377563),(-0.981562430850017,
-0.150842723068727,-0.11739534590867),(-0.969082908508301,-0.0976547630371889,
-0.226587430572048),(-0.952511371071803,-0.0643588764240013,-0.297623962416258),
(-0.958519916431239,-0.168388633967944,-0.22996703623576),(-0.969638342713082,
-0.0874546361520587,-0.228370687602717),(-0.981335016329569,-0.192272900338476,
0.00356616332697786),(-0.890645863329807,-0.385534005052784,-0.241067370420518),
(-0.97649235553945,-0.211133482264928,-0.0434204127076418),(-0.525125586434977,
-0.234101554757441,0.818192874896543),(-0.126716749505802,-0.148904507201352,
0.980698890144068),(-0.461892610052017,-0.219143853131738,0.859436552872817),
(-0.508469684411872,-0.0931999904068476,0.856021227436712),(-0.92846560505974,
0.0048866610792652,0.371386242023783),(-0.968858265666798,0.013672909929336,
0.24723816975376),(-0.993513905298882,0.0160989624616622,0.112565284992411),
(-0.961299570549561,0.0198799168000154,0.274787053132519),(-0.904671673650728,
0.0214911850457646,0.425567023933151),(0.215900228012553,0.0348708444708841,
-0.975792557744736),(0.803172894930992,0.0628840793706339,-0.592417836843117),
(0.0629925807062988,-0.032628509405992,-0.99748048359349),(0.803172894930992,
0.0628840793706339,-0.592417836843117),(0.509901795299146,0.259125700599174,
-0.820276801110268),(-0.0778195061987957,-0.269774288156445,0.959773909785351),
(0.212705842932658,0.0173132662880072,0.976962883221644),(-0.0778195061987957,
-0.269774288156445,0.959773909785351),(-0.487952927635421,-0.241378843806006,
0.83883144562832),(-0.897573759952039,-0.106845993962891,0.427721029433486),
(-0.989761290949257,-0.128602285165269,0.0619196187708805),(-0.85053814450482,
-0.437082102047698,-0.292479231419708),(-0.951008707331565,0.0121924193250936,
-0.308923588433363),(-0.93643821347026,-0.0266155123504903,-0.349821507136067),
(-0.537122991460037,0.0663324783627003,-0.840891725705089),(-0.160602180334773,
-0.0711063088513592,0.98445458631328),(0.0938439792031863,0.182812946500393,
0.978658640261841),(-0.160602180334773,-0.0711063088513592,0.98445458631328),
(0.337874923752968,-0.0485010242602421,0.93994052287612),(-0.704244212181499,
0.1799701143108,-0.686768408973373),(-0.225211072559894,0.182069990478571,
-0.957147058378991),(0.745791370647492,-0.211663483483587,0.631659561177798),
(0.445818322438712,-0.213269846139638,0.869345728755544),(0.991858422330822,
0.0865287161860279,-0.0934326031244458),(0.960485613224134,0.0974741429303817,
0.260703237895977),(0.715751809980784,0.0554749363184023,-0.696147885114723),
(0.978329051510218,0.0364727935839067,-0.203818552392327),(0.509901795299146,
0.259125700599174,-0.820276801110268),(0.778076155291306,0.262727013475048,
-0.570589180547249),(0.218747392643252,0.162443460263841,-0.962165110794031),
(-0.247406138028389,0.161299832587676,-0.955391316096742),(-0.247406138028389,
0.161299832587676,-0.955391316096742),(0.0474125114720278,-0.172831418491673,
-0.983809612952664),(0.0158396856584481,-0.173004297389475,-0.984793692832674)),
$,(402,402,402,402,402,380,380,387,387,387,387,387,420,420,420,399,399,
344,355,355,355,411,411,429,427,427,286,289,335,367,279,384,384,419,419,
391,435,435,430,422,422,422,422,394,423,423,423,414,414,436,436,436,415,
412,405,405,410,404,406,393,393,401,401,409,409,418,418,396,396,396,396,
395,395,400,400,400,381,392,392,378,352,352,353,353,389,382,382,345,369,
369,293,293,293,293,292,292,285,285,337,230,230,130,130,132,229,82,139,
83,83,281,281,227,89,146,56,64,95,36,36,36,24,24,49,49,38,38,16,69,52,52,
31,40,40,40,9,4,11,28,7,7,3,3,22,8,8,21,21,29,23,27,27,27,34,26,26,26,35,
41,15,15,15,42,42,42,53,53,53,53,46,58,81,30,30,45,45,87,63,129,137,92,
231,231,231,228,142,226,357,357,325,366,366,339,339,339,358,358,358,358,
373,308,315,362,362,362,334,334,295,295,295,379,342,342,365,273,268,263,
276,276,276,303,256,256,319,351,329,368,388,356,338,390,371,383,374,359,
377,364,375,340,346,361,354,370,370,376,350,341,372,363,363,363,360,343,
336,328,323,311,332,318,296,296,304,267,274,264,277,224,222,155,165,220,
220,101,171,171,111,257,219,124,124,182,90,73,105,150,66,66,74,55,70,94,
48,88,67,117,107,77,102,61,61,61,39,79,98,51,51,62,50,65,80,44,44,86,68,
99,103,93,106,71,47,96,108,57,57,75,75,75,75,72,72,91,91,91,91,97,97,100,
100,104,104,104,109,109,110,113,122,122,122,119,119,164,154,173,148,148,
148,225,223,221,181,218,288,288,288,269,269,269,306,317,327,250,246,330,
333,331,326,313,302,294,301,278,283,271,266,270,259,260,253,255,249,248,
251,247,234,236,193,203,237,167,208,178,241,212,190,202,159,141,175,121,
147,115,136,162,112,151,126,185,172,145,161,128,114,149,116,135,118,138,
153,120,156,140,166,169,157,170,143,123,158,127,152,144,160,168,163,176,
174,177,184,180,192,196,189,189,198,217,216,243,235,239,210,207,194,200,
179,183,205,188,280,262,261,258,204,199,197,186,211,244,187,191,195,201,
209,213,215,238,242,245,252,254,282,298,305,309,300,272,265,240,206,321,
321,324,316,310,299,297,307,314,322,320,312,275,275,407,408,413,428,431,
424,425,432,421,421,433,417,416,386,59,84,133,214,134,85,233,287,291,131,
13,17,32,33,18,14,1,6,5,54,54,76,37,37,25,20,19,12,385,385,347,397,397,
125,125,78,78,2,2,10,10,43,43,348,348,349,349,60,60,403,403,434,434,426,
426,398,398,232,232,284,284,290),((1,6,8),(13,16,4),(5,17,7),(9,18,19),
(9,7,18),(13,22,16),(24,23,15),(25,24,15),(19,18,27),(20,27,28),(7,29,18),
(17,30,7),(7,30,29),(18,31,27),(18,29,31),(22,32,16),(17,33,30),(24,34,
23),(35,36,22),(22,36,32),(37,34,24),(39,24,25),(39,37,24),(37,40,34),(43,
44,35),(35,44,36),(45,37,39),(47,48,38),(50,49,46),(48,41,38),(50,53,49),
(53,54,48),(48,54,41),(53,55,54),(57,55,53),(54,58,42),(43,58,44),(55,59,
54),(54,59,58),(57,60,56),(61,62,55),(55,62,59),(64,60,57),(66,64,57),(64,
68,60),(71,72,61),(61,72,62),(74,69,65),(77,78,75),(76,79,70),(77,80,78),
(81,80,77),(83,81,77),(79,85,70),(70,85,73),(80,86,78),(79,87,85),(81,88,
80),(88,89,80),(80,90,86),(91,88,81),(95,81,83),(96,92,82),(91,97,88),(97,
99,88),(88,99,89),(100,98,94),(102,104,100),(104,105,100),(100,105,98),
(106,104,102),(104,107,105),(108,107,104),(106,108,104),(105,110,98),(97,
111,99),(107,112,105),(105,112,110),(109,113,107),(113,114,107),(107,114,
112),(115,113,109),(115,116,113),(116,117,113),(113,117,114),(118,116,115),
(121,123,120),(118,124,116),(121,125,123),(127,126,122),(124,128,116),(116,
128,117),(125,129,123),(124,130,128),(127,131,126),(131,132,126),(125,134,
129),(135,131,127),(136,135,127),(135,137,131),(137,138,131),(131,138,132),
(139,135,136),(139,141,135),(141,137,135),(143,144,142),(141,145,137),(143,
146,144),(148,146,143),(145,149,137),(137,149,138),(147,150,145),(145,150,
149),(148,153,146),(153,154,146),(146,154,151),(157,153,148),(157,158,153),
(158,159,153),(153,159,155),(162,158,157),(165,169,164),(162,169,158),(165,
170,169),(171,170,168),(169,172,158),(158,172,159),(170,174,169),(169,174,
172),(171,176,170),(176,177,170),(170,177,174),(178,176,171),(178,179,176),
(179,180,176),(176,180,177),(181,179,178),(28,184,181),(181,184,179),(28,
27,184),(184,185,179),(179,185,180),(27,186,184),(184,186,185),(27,31,186),
(33,187,30),(30,187,189),(30,189,29),(32,190,188),(36,190,32),(190,192,
188),(190,195,192),(199,196,191),(36,199,190),(187,194,200),(187,200,189),
(198,201,193),(199,202,196),(204,205,197),(198,206,201),(194,207,200),(193,
201,208),(44,199,36),(210,202,199),(44,210,199),(203,211,206),(213,212,
202),(210,213,202),(29,189,214),(29,214,31),(189,200,215),(189,215,214),
(200,207,216),(200,216,215),(201,217,209),(206,220,201),(201,220,217),(207,
221,216),(207,219,221),(211,223,206),(206,223,220),(213,224,212),(224,225,
212),(211,225,223),(226,224,213),(227,213,210),(227,226,213),(226,228,224),
(228,229,224),(224,229,225),(58,210,44),(58,227,210),(59,227,58),(59,230,
227),(63,230,59),(230,226,227),(230,231,226),(232,231,230),(63,232,230),
(231,228,226),(232,233,231),(233,234,231),(231,234,228),(73,232,63),(235,
233,232),(73,235,232),(233,236,234),(237,236,233),(235,237,233),(234,238,
228),(228,238,229),(236,239,234),(234,239,238),(237,240,236),(240,241,236),
(236,241,239),(242,240,237),(244,237,235),(244,242,237),(243,245,240),(245,
246,240),(240,246,241),(85,235,73),(85,244,235),(87,244,85),(87,247,244),
(90,247,86),(247,242,244),(247,248,242),(251,248,247),(90,251,247),(250,
245,243),(251,252,248),(252,253,249),(249,253,245),(99,251,89),(254,252,
251),(99,254,251),(252,255,253),(256,255,252),(254,256,252),(253,257,245),
(245,257,246),(255,258,253),(253,258,257),(256,259,255),(259,261,255),(255,
261,258),(262,260,256),(263,256,254),(263,262,256),(262,264,260),(264,265,
260),(259,265,261),(111,254,99),(111,263,254),(112,263,110),(112,266,263),
(114,266,112),(266,262,263),(266,267,262),(268,267,266),(114,268,266),(267,
264,262),(268,269,267),(269,270,267),(267,270,264),(117,268,114),(272,269,
268),(117,272,268),(269,273,270),(275,273,269),(272,275,269),(270,276,264),
(264,276,265),(274,277,271),(271,277,276),(275,278,273),(279,280,274),(274,
280,277),(281,278,275),(282,275,272),(282,281,275),(281,283,279),(283,284,
279),(279,284,280),(128,272,117),(128,282,272),(130,282,128),(129,285,282),
(134,285,129),(285,281,282),(285,287,281),(288,287,286),(133,288,286),(287,
283,281),(288,289,287),(289,290,287),(287,290,283),(138,288,133),(291,289,
288),(138,291,288),(289,292,290),(293,292,289),(291,293,289),(290,294,283),
(283,294,284),(292,295,290),(290,295,294),(293,296,292),(296,297,292),(292,
297,295),(298,296,293),(301,293,291),(301,298,293),(298,302,296),(302,303,
296),(296,303,297),(149,291,138),(149,301,291),(150,301,149),(150,304,301),
(156,305,152),(304,299,301),(305,306,300),(307,306,305),(156,307,305),(306,
302,298),(307,308,306),(308,309,306),(306,309,302),(161,307,156),(310,308,
307),(161,310,307),(308,312,309),(313,312,308),(311,313,308),(309,314,302),
(302,314,303),(312,315,309),(309,315,314),(313,316,312),(316,317,312),(312,
317,315),(318,316,313),(319,313,311),(319,318,313),(318,320,316),(320,321,
316),(316,321,317),(173,311,160),(173,319,311),(175,319,173),(175,322,319),
(177,322,175),(323,318,319),(323,324,318),(328,325,322),(177,328,322),(324,
320,318),(329,330,326),(330,334,326),(327,335,320),(180,328,177),(336,331,
328),(180,336,328),(333,338,335),(341,339,332),(337,341,332),(335,343,320),
(320,343,321),(338,344,335),(335,344,343),(341,345,339),(347,348,340),(338,
349,344),(350,346,342),(351,342,336),(351,350,342),(350,352,346),(352,353,
346),(347,355,348),(185,336,180),(185,351,336),(186,351,185),(186,356,351),
(31,356,186),(356,350,351),(356,357,350),(214,357,356),(31,214,356),(357,
352,350),(214,215,357),(215,358,357),(357,358,352),(215,216,358),(358,359,
352),(352,359,354),(216,360,358),(358,360,359),(216,222,360),(223,361,220),
(220,361,364),(220,364,217),(223,367,361),(225,367,223),(225,368,367),(229,
368,225),(229,369,368),(218,366,370),(218,370,222),(365,371,370),(238,369,
229),(238,372,369),(239,372,238),(239,373,372),(241,373,239),(241,374,373),
(246,374,241),(246,375,374),(376,377,375),(376,378,377),(257,375,246),(257,
376,375),(258,376,257),(258,379,376),(261,379,258),(379,378,376),(379,380,
378),(381,380,379),(261,381,379),(381,382,380),(382,383,380),(265,381,261),
(384,382,381),(265,384,381),(382,385,383),(386,385,382),(384,386,382),(385,
387,383),(386,388,385),(388,389,385),(385,389,387),(390,388,386),(391,386,
384),(391,390,386),(390,392,388),(388,392,389),(276,384,265),(276,391,384),
(277,391,276),(277,393,391),(280,393,277),(393,390,391),(393,394,390),(395,
394,393),(280,395,393),(394,392,390),(395,396,394),(396,397,394),(394,397,
392),(284,395,280),(398,396,395),(284,398,395),(396,399,397),(400,399,396),
(398,400,396),(392,397,401),(392,401,389),(397,399,402),(397,402,401),(400,
403,399),(399,403,404),(399,404,402),(405,403,400),(406,400,398),(406,405,
400),(405,407,403),(407,404,403),(294,398,284),(294,406,398),(295,406,294),
(295,408,406),(297,408,295),(408,405,406),(408,409,405),(410,409,408),(297,
410,408),(409,407,405),(410,411,409),(411,412,409),(409,412,407),(303,410,
297),(413,411,410),(303,413,410),(411,414,412),(415,414,411),(413,415,411),
(412,416,407),(407,416,404),(414,417,412),(412,417,416),(415,418,414),(418,
419,414),(414,419,417),(420,418,415),(421,415,413),(421,420,415),(420,422,
418),(418,422,419),(314,413,303),(314,421,413),(315,421,314),(315,423,421),
(317,423,315),(423,420,421),(423,424,420),(425,424,423),(317,425,423),(424,
422,420),(425,426,424),(426,427,424),(424,427,422),(321,425,317),(428,426,
425),(321,428,425),(426,429,427),(430,429,426),(428,430,426),(422,427,431),
(422,431,419),(427,429,432),(427,432,431),(430,433,429),(429,433,434),(429,
434,432),(435,433,430),(436,430,428),(436,435,430),(435,437,433),(437,434,
433),(343,428,321),(343,436,428),(344,436,343),(344,438,436),(349,438,344),
(438,435,436),(438,439,435),(440,439,438),(349,440,438),(439,437,435),(440,
441,439),(441,442,439),(439,442,437),(355,440,348),(443,441,440),(355,443,
440),(441,444,442),(445,444,441),(443,445,441),(442,446,437),(437,446,434),
(444,447,442),(442,447,446),(445,448,444),(448,449,444),(444,449,447),(450,
448,445),(451,445,443),(451,450,445),(450,453,448),(448,453,449),(359,443,
354),(359,451,443),(360,452,359),(360,454,452),(222,454,360),(454,450,451),
(454,455,450),(370,455,454),(222,370,454),(455,453,450),(370,371,455),(389,
456,387),(456,457,458),(401,457,456),(389,401,456),(457,459,458),(401,402,
457),(402,460,457),(457,460,459),(402,404,460),(461,459,460),(461,462,459),
(416,460,404),(416,461,460),(417,461,416),(417,463,461),(419,463,417),(463,
462,461),(463,464,462),(431,464,463),(419,431,463),(464,465,462),(431,432,
464),(432,466,464),(464,466,465),(432,434,466),(446,466,434),(362,367,467),
(365,363,468),(365,469,470),(453,471,472),(447,449,473),(473,474,447),(473,
449,472),(472,449,453),(471,453,475),(475,371,476),(476,371,470),(470,371,
365),(468,469,365),(455,475,453),(371,475,455),(446,447,477),(466,446,478),
(466,479,480),(462,465,481),(462,482,483),(459,483,484),(456,458,485),(456,
486,487),(383,387,488),(378,489,490),(375,377,491),(491,492,375),(491,377,
493),(493,377,490),(490,377,378),(489,378,494),(494,383,495),(488,495,383),
(488,387,487),(487,387,456),(485,486,456),(485,458,496),(496,458,484),(484,
458,459),(483,459,462),(481,482,462),(481,465,497),(497,465,480),(480,465,
466),(478,479,466),(477,478,446),(477,447,474),(380,383,494),(380,494,378),
(374,375,492),(373,374,498),(372,373,500),(369,372,501),(368,369,502),(367,
368,503),(503,504,367),(503,368,505),(502,505,368),(502,369,506),(501,506,
369),(501,372,507),(500,507,372),(500,373,508),(498,508,373),(499,374,509),
(492,509,374),(467,367,504),(467,510,362),(468,363,511),(14,3,512),(14,
513,514),(514,26,14),(512,513,14),(39,25,515),(45,39,516),(51,45,517),(517,
45,518),(516,518,45),(516,39,519),(515,519,39),(520,52,522),(521,57,53),
(521,53,50),(66,57,521),(523,67,520),(524,67,523),(525,77,75),(83,77,525),
(166,163,526),(171,167,527),(178,171,528),(182,178,529),(529,178,530),(528,
530,178),(528,171,531),(527,531,171),(532,95,533),(533,95,534),(535,103,
532),(532,93,95),(532,101,93),(103,101,532),(143,142,536),(148,143,537),
(157,148,538),(538,539,157),(538,148,540),(537,540,148),(537,143,541),(536,
541,143),(139,136,542),(543,139,544),(542,544,139),(545,106,547),(548,115,
545),(545,108,106),(546,115,109),(550,119,549),(548,118,115),(127,122,551),
(127,552,553),(553,136,127),(551,552,127),(551,122,550),(550,122,119),(554,
10,21),(554,21,556),(557,11,555),(559,561,106),(547,106,562),(563,136,553),
(542,136,564),(565,139,543),(142,140,566),(566,536,142),(567,162,157),(567,
157,539),(526,163,568),(560,103,535),(106,102,559),(569,84,571),(95,83,
570),(570,534,95),(526,573,166),(527,167,574),(572,83,525),(575,67,524),
(525,75,576),(575,65,67),(575,74,65),(517,577,51),(522,52,578),(579,26,
514),(515,25,580),(558,581,2),(512,3,582),(2,12,558),(529,583,182),(585,
183,584),(556,20,28),(556,28,587),(28,181,586),(586,587,28)),());
#1817=COMPLEX_TRIANGULATED_FACE('ConvergentBody',#1827,545,((0.532104327516251,
-0.0865980855996458,-0.842238538781594),(0.890407018114256,-0.133746721604405,
-0.435071438447703),(0.326690481546001,-0.216825682136352,-0.919923884260729),
(0.378017313901696,-0.00160536390833339,-0.925797133932304),(0.0774592672022107,
-0.195467155682402,-0.977646486708733),(0.913811995695,-0.165690681796808,
-0.370802150060691),(0.905413906151268,-0.262420922605677,-0.333707833181495),
(0.567421085077663,-0.258816271616373,-0.781695240970474),(-0.0136087787212947,
-0.157457461916666,-0.987431997065356),(-0.029964204760509,-0.144095588335515,
-0.989110007964388),(0.199698635317038,0.0794805536210395,-0.976628535651404),
(0.916786002776554,-0.264821024280176,-0.298953592071055),(0.945989020131815,
-0.223057044609042,-0.23526650556407),(0.950387694058959,0.00830757984173048,
-0.310956934475608),(-0.0568497661890475,-0.173610017158787,-0.983172246367022),
(0.278731556208953,-0.249744781733846,-0.927327484532864),(0.0592227565781996,
-0.141624642742363,-0.988147319821987),(0.0432612941475539,-0.161728790156333,
-0.985886534477091),(0.44754542497607,-0.301196618648232,-0.84201169201969),
(-0.0724793513088315,-0.151922795888566,-0.985731306048079),(0.750381396166222,
-0.334432661667084,-0.570160113562762),(0.936487867395791,-0.316591088374421,
-0.150866023286833),(0.912364855470561,-0.346884313457818,-0.21739743231943),
(0.952391940178364,-0.292962567625848,-0.0843950605981229),(0.923139054212128,
-0.2834108776006,0.259793304467214),(0.99624033111337,0.0638615596867298,
-0.0585397630461683),(0.982416595972644,0.0230660605293384,-0.185271662186044),
(0.938112343021031,-0.226679670430043,0.261842622361827),(0.942261320711259,
-0.32746824050106,-0.0700582254600672),(0.927703477588005,-0.366857982425522,
-0.0691482349868493),(0.94078147136694,-0.331404708450893,0.0714222818820122),
(0.996152630828007,0.0651257553132423,0.0586393390934846),(0.985061165972378,
-0.155161537999947,0.0746953574101522),(0.946054124676325,-0.316240801311688,
0.0705219736582463),(0.939451643757835,-0.322817292488401,0.114976539829477),
(0.999274102498763,-0.0144341094108516,0.0352551352402404),(0.971643306841855,
-0.214609033447441,0.0992584859454319),(0.936367604140798,-0.334840564712989,
-0.105344701519857),(0.971189935117073,-0.227958287073231,-0.0694631505327395),
(0.965491067988901,-0.232311343137817,0.117721864932369),(0.980656884182307,
-0.18924181331242,0.0499961158498996),(0.917085240720104,-0.385256278085139,
0.102626806680008),(0.92074247879946,-0.135707563823977,0.365809711264186),
(0.900460380776812,-0.311441383439605,0.303603964619212),(0.906325948449942,
-0.322391497262032,0.273197726307264),(0.826941022972762,-0.24342397251885,
0.506866169839637),(0.514159410199598,-0.225874498463401,0.827418160211092),
(0.412960171889224,-0.245736007165546,0.876970758472344),(0.398803416473494,
-0.409472528306813,0.820541335687054),(0.844080493899571,-0.330772051075691,
0.422040246949786),(0.25625262000887,-0.435580955445678,0.862904297122004),
(0.171192391808906,-0.317051166232119,0.932829953945305),(0.240703751887478,
-0.0162744699267643,0.970462181363032),(0.714226875548778,-0.453790846266583,
0.532873191377169),(0.407390845303542,-0.474172206529272,0.780508435391974),
(0.208213342191019,-0.390731597151504,0.896647100659496),(0.302123833274776,
-0.371001289309811,0.878111173313387),(0.870238487122104,-0.283773419713743,
0.402687995593859),(0.0824524277457688,-0.274275899474245,0.958109768307589),
(0.0563101942811826,-0.0370709131596268,0.997724866592753),(0.155795881457773,
-0.301393489019132,0.94068571164745),(0.361674375541521,-0.249800443149404,
0.89821566713068),(-0.0683620839181544,-0.0481765115381861,0.996496688011746),
(0.0238804232881402,-0.176485964338009,0.984013429672209),(-0.434625886742539,
-0.38516828855849,0.814091965359065),(-0.276974233215863,-0.31072376404043,
0.909250249708534),(-0.207914973814868,-0.374614863366079,0.903567965240455),
(-0.168944756832871,-0.236292608569899,0.956882162167273),(-0.151010686945394,
-0.217129259875815,0.964391340138463),(0.0556569660819968,-0.29886536837281,
0.952670873761727),(-0.139375596372171,-0.260672060149324,0.955313833351851),
(-0.0766415393574437,-0.212619920532073,0.974124655184262),(-0.126029151611309,
-0.164398983851782,0.978309576285868),(-0.242155081449636,-0.136282468785621,
0.960618553448671),(-0.158216943256865,-0.212051697797296,0.964365841539267),
(-0.124155397413085,-0.190412191122454,0.973821664764727),(-0.360800216395939,
-0.132195112824405,0.923226763040363),(-0.819685779985251,-0.156188258707861,
0.551108383107875),(-0.857917210756425,-0.179648759806846,0.481356814211432),
(-0.853994225678371,-0.223004885009376,0.470066680131612),(-0.238060401138157,
-0.202800564502056,0.949841658618734),(-0.856082822544217,-0.206263114686217,
0.473896326705184),(-0.935351964811732,-0.172483210982694,0.308814254612594),
(-0.874803475366871,-0.199564966943441,0.441466537185897),(-0.963615309565868,
-0.195158312956474,-0.182643828404519),(-0.985751028354422,-0.148512925066637,
0.0789862088364243),(-0.140991761897366,-0.227387640214959,0.963543555919788),
(-0.7439383454683,-0.295562061786365,0.599331966254497),(-0.182645545405237,
-0.2424919344355,0.952805471477443),(-0.926945093445915,-0.202532586312759,
0.315837529780754),(-0.80441945968058,-0.307332838582321,0.508385541903128),
(-0.978652547724432,-0.133393720377372,0.156349947861719),(-0.958822139020864,
-0.244812565269556,0.143968446576305),(-0.914622119949148,-0.329518816802746,
0.234272762122798),(-0.997004636098958,0.0588866096467411,0.0501410291228428),
(-0.988836202480194,-0.0977694349722335,0.112445997037509),(-0.987299889886942,
0.118951702247552,-0.105306314918156),(-0.997376336491247,-0.0347331940263428,
-0.0635141609409045),(-0.83363419002796,-0.470158348513821,-0.289836444463396),
(-0.945060694554017,-0.32679805743231,-0.00795696346272951),(-0.911080942996492,
-0.367366906049341,-0.18701088644343),(-0.912904966142262,-0.228729000322847,
-0.338064442383559),(-0.933449077743485,-0.351663094255472,0.0707522960652465),
(-0.95079986407682,-0.309782067240133,0.00383266068548413),(-0.924830628957209,
-0.316098438272158,-0.211589425691634),(-0.991853395269453,0.0753306376154334,
0.102723596748319),(-0.910110654012624,-0.394116671106503,0.127947829245529),
(-0.957648425549273,-0.231594991304457,-0.171094281160085),(-0.861615525328925,
-0.238398156533902,-0.448090398773951),(-0.798527389663918,0.0606476498479182,
-0.598895542247939),(-0.991853395269453,0.0753306376154334,0.102723596748319),
(-0.991853395269453,0.0753306376154334,0.102723596748319),(-0.861872326174136,
0.119921101609476,-0.492742349269833),(-0.694196879778385,-0.645247817516269,
-0.318976403667178),(-0.910110654012624,-0.394116671106503,0.127947829245529),
(-0.910110654012624,-0.394116671106503,0.127947829245529),(-0.742127703294821,
-0.637475881601982,-0.207053066575044),(-0.924537097111333,-0.239356148001775,
-0.296546438991774),(-0.826674090540949,0.0854140413782928,-0.55616039913295),
(-0.761580005188047,-0.306175745329007,-0.571185003891035),(-0.594513909068499,
-0.0226676097195891,-0.803765756544587),(-0.541524616571082,0.0210453951815389,
-0.840421430586581),(-0.162500841569406,-0.151521054976914,-0.975005049416626),
(-0.512970294332059,0.0823373834119375,-0.854448379029276),(-0.38258931809702,
-0.572832081926859,-0.724906076394313),(-0.724427717004801,-0.620059232559039,
-0.301215920816791),(-0.880716616070993,0.140709770682588,-0.45225988392838),
(-0.37340860325111,-0.00443218165647157,-0.927656386160209),(-0.150852432835338,
-0.46644530025909,-0.871591834159698),(-0.439238431683522,-0.555765412171342,
-0.705828879237892),(-0.176711659388409,-0.0308145477265962,-0.983780185348638),
(-0.777452857036533,-0.597504504945504,-0.196355345370479),(-0.971281873162532,
-0.124224756827701,-0.202927900144317),(-0.613694760213164,-0.44115778453468,
-0.654796571792613),(-0.978158159240158,-0.123144374839977,-0.167457691543796),
(-0.8635708805331,-0.493146798548962,-0.105126444704446),(-0.0779526372247571,
-0.0840197243015258,-0.993410324225595),(-0.102873921541553,-0.483123713432301,
-0.869487454645579),(-0.118396478377148,-0.471170181709497,-0.87406002870268),
(-0.63812105100115,-0.432354809209436,-0.637079934719859),(0.0293843628801622,
-0.0577244435931952,-0.997900018954797),(-0.041531559574017,0.0308584209121012,
-0.998660546641431),(-0.0291279409291833,-0.468118428813934,-0.883185540904062),
(-0.0929021768158367,-0.471565708510865,-0.876923581676035),(0.0489942774071261,
-0.0368767807908743,-0.998118061062846),(0.140258576978688,-0.254540272754213,
-0.956836862338677),(-0.0534646004521307,-0.439011784962377,-0.896889173288786),
(0.0404794801506857,-0.343552009910813,-0.938260852947074),(0.564097112464083,
-0.447771346833626,-0.693754472896921),(0.33830902619825,-0.63719736399848,
-0.692478535484083),(0.348567559166469,-0.282358260877729,-0.893741835884857),
(0.322283507721225,-0.642363725592421,-0.695343213595939),(-0.109174627949338,
-0.206365059868851,-0.972365344239216),(0.781431004769058,-0.495720448979396,
-0.378981294062499),(0.479111733070802,-0.587232545317722,-0.652387833235386),
(0.582899986564845,-0.584386600154934,-0.564552838290678),(0.806809520313683,
-0.503144450857488,-0.309683805683348),(0.892310632960814,-0.437750539469852,
-0.110255156337131),(0.306499967860143,-0.545874963692915,-0.779793750753999),
(0.526527857480993,-0.451596954342276,-0.720297581646125),(0.835843345318672,
-0.434511432444229,-0.335508147683116),(0.620648631707003,-0.39917506733999,
-0.674873722687689),(0.795777473423633,-0.501878509374313,-0.338904373857459),
(0.597010198443405,-0.404621447034348,-0.692719501352746),(0.418899204847797,
-0.459315770329129,-0.783295907882099),(0.114894505103944,-0.299657290338664,
-0.947103352883839),(0.918039004080757,-0.362122002066447,-0.161468395067891),
(0.72970812170213,-0.362264112823509,-0.579905828287788),(0.89111439861237,
-0.314076710085929,-0.327522440097336),(-0.129838953730785,-0.223824412503307,
-0.965942274911728),(0.261785434798474,-0.473318782854944,-0.841093167208062),
(-0.133510010027929,-0.315077251761221,-0.939628332185093),(0.336171149717855,
-0.480148257510071,-0.810213927865609),(-0.126700412581049,-0.422416575676419,
-0.897502781079591),(0.446922641783525,-0.327263142440119,-0.832561702134715),
(0.334229955693002,-0.71910081376369,-0.609249010144336),(0.0050171327915958,
-0.711785799566968,-0.702378675582739),(0.114894505103944,-0.299657290338664,
-0.947103352883839),(0.489851078801563,-0.315213765351168,-0.812826059332551),
(0.400466758885179,-0.671559382767058,-0.623405462316082),(0.352195866984787,
-0.520103198919399,-0.778107147989686),(0.114894505103944,-0.299657290338664,
-0.947103352883839),(0.0496702825102786,-0.75126302296791,-0.65813124326115),
(-0.275419225330929,-0.698275569506059,-0.660723451490183),(-0.229396898403494,
-0.445387484562645,-0.865451934885939),(0.609818804667077,-0.493636253700688,
-0.620035704219335),(0.856165665612335,-0.384086211623964,-0.345627161934559),
(0.740816553253376,-0.551855106623829,-0.382944872950391),(0.9413535821411,
-0.284229792500283,-0.181842949946831),(0.939357933725095,-0.291113919720612,
-0.181271503807467),(0.891964920909029,-0.447094630793106,-0.0671190806233713),
(0.777831315388971,-0.617303461477246,-0.117961354894189),(0.951609457105833,
-0.296196700916839,-0.0818960042537046),(0.925562855522562,-0.376882433733803,
0.0359587488631985),(0.884866279147546,-0.423986529136357,0.192995054699549),
(0.876926829700431,-0.43041906391899,0.213866231010537),(0.864575218417125,
-0.48706088951309,0.123617885460387),(0.776028394563794,-0.4785916489249,
0.410767530861539),(0.771776201963009,-0.561805908580685,0.297885238250207),
(0.844730898065937,-0.439396671408002,0.305549136814825),(0.735609338974625,
-0.675939498327357,0.0445499159850739),(0.694654005403825,-0.695310576484617,
0.184388218183948),(0.656473284306609,-0.652673723992416,0.378232517112907),
(0.564504318991789,-0.721826742134923,0.400376108401214),(0.699957357527154,
-0.610386210786207,0.370794243921964),(0.884063269303119,-0.257265699301267,
0.390187769967373),(0.737594681282683,-0.452049516106943,0.50160275231599),
(0.64353929048424,-0.687600792334077,0.336247426733039),(0.496885610135785,
-0.743420512901529,0.447694797196947),(0.817528264162302,-0.349189796789474,
0.457945436830524),(0.23732222626727,-0.474644452534549,0.847579379526027),
(0.829116053087144,-0.271339077168492,0.48881660744552),(0.590995940647729,
-0.558748118233619,0.58182844422415),(0.871540778421097,-0.273797363482463,
0.40675751412752),(0.505060105264095,-0.322629264755665,0.800515238826745),
(0.474521819760058,-0.516614117657298,0.712698320475624),(0.624231179745103,
-0.665284904053607,0.409550278564696),(0.317283731399108,-0.348416915976963,
0.882007191836076),(0.555050079584374,-0.621316214696967,0.553069227590916),
(0.34455253288423,-0.457182559832388,0.819919300338861),(0.578728043705803,
-0.758931533230566,0.298490836202314),(0.66513717554734,-0.718429452354531,
0.203596806690271),(0.472875602180612,-0.549200088498545,0.689034054060838),
(0.615187665074766,-0.723334648213138,0.313577938372956),(0.206499244400974,
-0.335114128165761,0.919269592211952),(0.054606573055585,-0.2957132786063,
0.953714726233709),(0.119507571172601,-0.571449039862282,0.811889115133896),
(0.421002376386893,-0.764513323486272,0.488135613624497),(-0.0248241972123993,
-0.174231337998134,0.98439179196707),(0.0148883296147743,-0.356375611565119,
0.934224149293342),(-0.106598325018684,-0.119400810486629,0.987107007146817),
(-0.0459954140380273,-0.105266048085263,0.993379827159774),(-0.0420836397478889,
-0.62224015468233,0.781694414184008),(-0.0745876100654179,-0.574574409175033,
0.815046585629245),(-0.187075510331668,-0.118204381602379,0.975207915064344),
(-0.0159995941988094,-0.561598549960089,0.827255149073246),(-0.0666659745975937,
-0.609163102134953,0.790237915332005),(-0.210583608673871,-0.124078773291868,
0.969669532251207),(-0.339149725516695,-0.612421446796372,0.714085033581988),
(-0.111306430751209,-0.588849041549737,0.800542119278794),(-0.0210335756514947,
-0.820309450408379,0.571533021151024),(0.265293566886157,-0.787270218768431,
0.556619192993853),(0.03077750358972,-0.620714593779748,0.783432280635427),
(-0.0186061167630331,-0.541448189021872,0.840528209534894),(-0.404232708627057,
-0.614394139772531,0.677580813105864),(0.00318240019563516,-0.587533604769902,
0.809193509362921),(-0.421390141450329,-0.646458361935103,0.636020388802635),
(-0.454252251021752,-0.259577305870265,0.852217410476227),(-0.315915233327634,
-0.209312031333039,0.925411280939877),(-0.48883941287961,-0.630757713292332,
0.602644783879978),(-0.210685598305056,-0.656910321466916,0.723933980565268),
(-0.626576829288295,-0.319382441227844,0.710912324576224),(-0.695389888462117,
-0.325964095795614,0.640453207718404),(-0.542920572784322,-0.683276314298478,
0.4882322500268),(-0.830754896830686,-0.333092378060642,0.4459773190082),
(-0.84069693285017,-0.307328968827701,0.44584478466796),(-0.629931865822775,
-0.679131029255039,0.376784938027025),(-0.590234659812737,-0.63051955888342,
0.504051715820114),(-0.865345702520876,-0.31926922663548,0.386321078964422),
(-0.95981142423459,-0.277038089340936,0.0448545088379223),(-0.670779480915755,
-0.601528065291628,0.433841992721891),(-0.731244238914318,-0.646937012943446,
0.216227575342351),(-0.874573066576194,-0.299853622826111,0.38106397900821),
(-0.970620226831908,-0.232169056963693,0.0631973437207973),(-0.429230572553129,
-0.664446429550218,0.611777784692841),(-0.537812310508371,-0.649669490596678,
0.53729644671587),(-0.776873328263883,-0.570907391110852,0.265579710458456),
(-0.646712976559773,-0.656037830080915,0.38907157625805),(-0.900145207553323,
-0.414763213822268,0.133079231206861),(-0.95987434916859,-0.25426986246067,
0.118271175069872),(-0.811059328858662,-0.560439987855375,0.16760007483293),
(-0.699958022514158,-0.699026620382988,0.146357612422473),(-0.968892815730765,
-0.229980771265685,0.091408733025632),(-0.903717104951692,-0.423905627165301,
0.0599951120952891),(-0.954322871351497,-0.245081586363081,-0.170888481885671),
(-0.879076104510773,-0.450847918433447,-0.154794563607359),(-0.776091730914471,
-0.630128405236687,0.0248961466907744),(-0.933195749989814,-0.225472772471312,
-0.279835167688137),(-0.715606217847999,-0.670802978921563,-0.194759093362132),
(-0.843107849780036,-0.471028759353051,-0.259424481307393),(-0.621877292457949,
-0.783082895219738,-0.00705778573233261),(-0.505502002957878,-0.859866170129243,
-0.0713995411248647),(-0.716201909265338,-0.659376666452581,-0.228642159066447),
(-0.665199654991917,-0.729429058389411,-0.159507579054327),(-0.324798793542403,
-0.940713413199893,-0.0977957971449077),(-0.759566342459937,-0.615089975874275,
-0.211478823954122),(-0.905094047617879,-0.321933858400684,-0.2777829292486),
(-0.693530239572471,-0.493694883464631,-0.524672439565294),(-0.943831116325268,
-0.207359097169758,-0.257264511110923),(-0.694743560319395,-0.367149271017064,
-0.618492359036367),(-0.649043422455618,-0.686840246966592,-0.327098014231162),
(-0.550057070606834,-0.810958161634458,-0.199459467446119),(-0.697062149026262,
-0.365902192711732,-0.616619774061485),(-0.297971202022432,-0.390429114777003,
-0.871078796148634),(-0.593012399553659,-0.533387241140969,-0.603186824262299),
(-0.390914249157941,-0.280888714351584,-0.876520153764417),(-0.191718045891108,
-0.370922629678619,-0.908658678312155),(-0.412912316479824,-0.275274877653254,
-0.868174614137186),(-0.0234301309577449,-0.219055974083296,-0.975430935116229),
(-0.146458440050143,-0.610468555869755,-0.778381697904296),(-0.360073393839951,
-0.704958239137104,-0.61104912414739),(-0.119204987096777,-0.345138591176036,
-0.930950870847801),(-0.0696571657701915,-0.642379956288282,-0.763214171131491),
(0.117484585194162,-0.531246321948997,-0.839032012295966),(-0.0779160331049364,
-0.243479138991988,-0.966771431446394),(-0.460656450317633,-0.830587841373025,
-0.312920872656423),(-0.249339927439958,-0.821935332805688,-0.512105369303857),
(-0.00903172723197131,-0.562399854270162,-0.82681608101204),(-0.0802503006578868,
-0.756287216446247,-0.649299264965167),(-0.0820154988803106,-0.45395191528055,
-0.887243549740732),(-0.0978374222047577,-0.408737943227199,-0.907392490922604),
(-0.306862620857087,-0.446261035777966,-0.840646429759323),(-0.183088848316707,
-0.698365053101687,-0.69192826667823),(-0.13550442315025,-0.306127443194762,
-0.942297479477556),(-0.271024534701743,-0.312312567195202,-0.91049797471584),
(-0.113452809266174,-0.448167699411401,-0.886721023362988),(-0.482407828812595,
-0.381633460290603,-0.788440605681201),(-0.412836623121239,-0.613807604801729,
-0.672908721073978),(-0.165875311437189,-0.513474923660083,-0.841919760920177),
(-0.393302369683427,-0.650276472238695,-0.649964426452863),(0.299052679606824,
-0.740097031677026,-0.602348635362307),(0.0664870462154075,-0.728224687640675,
-0.682105766722575),(0.496930111564476,-0.768454512937796,-0.403160173834238),
(0.630257370007407,-0.766718937702534,-0.122138110840332),(0.635794596621707,
-0.765918478780184,0.0955725628498559),(-0.186088332642054,-0.711674815127293,
-0.677414267614754),(0.442313796260595,-0.863516379336107,0.242276635802551),
(0.36360131089663,-0.883554083492687,0.29517159121035),(0.494815171133141,
-0.839042457871899,0.226198364947149),(0.569534931327238,-0.80792529082702,
0.151283463868839),(0.287262260238136,-0.899453094846398,0.329339526953742),
(0.498473083022002,-0.836470108923383,0.227689135402295),(0.33776974732219,
-0.90511012497812,0.25823876443322),(0.447594972096911,-0.803372982946856,
0.392747490411635),(0.329189727079953,-0.883725596367712,0.332660779037082),
(0.218018535135947,-0.93162726038481,0.290755165121909),(0.422710069702825,
-0.775037982398333,0.469715150715574),(0.209217215106143,-0.939630764863824,
0.27078069101148),(0.312228341348805,-0.845630523575412,0.432923180779396),
(0.16066423990343,-0.931121895089925,0.327412612005706),(0.124435232568493,
-0.957074229888754,0.261772403775634),(0.192503290042732,-0.911886073391765,
0.362500031002581),(0.122450220829827,-0.942339704218378,0.311451160332318),
(0.341535109753289,-0.856680616408134,0.386590339088278),(0.387256062360656,
-0.785702285724124,0.482394714287798),(0.592212749550461,-0.781697544651438,
0.195532626320507),(0.205096514867948,-0.906615003164095,0.36876097356796),
(0.558759081173115,-0.810047403839283,0.177796211263947),(0.344615140140928,
-0.903872314344341,0.253486182162765),(0.490263250165678,-0.856324697075159,
0.162326703644605),(0.328077982113786,-0.933319155583974,0.145877316510022),
(0.228676282239201,-0.926787756827103,0.297945652320425),(0.356804293654306,
-0.901601689839981,0.244550790036635),(0.294382774920288,-0.939971534055144,
0.172604452423021),(0.342878016504472,-0.933369061438126,0.106098355067691),
(0.119022801453193,-0.94261259886979,0.311953620248546),(0.131488440436188,
-0.957813733944452,0.255545771045121),(0.327987250671785,-0.940744145844498,
0.0861673688589243),(0.163312505171644,-0.97345515394907,0.160356131484127),
(0.291438743068721,-0.947208220550532,0.133641482931083),(0.256538457497059,
-0.948281285022436,0.18695086065923),(0.333423010586495,-0.816586894190966,
0.471184613763003),(0.0989157031746239,-0.752750177291596,0.650832431777137),
(0.225227652978138,-0.972942010759304,0.051539771377087),(0.138637795237049,
-0.662977260601295,0.735690637195699),(0.155716545248272,-0.951684332447293,
0.264668262000363),(0.19206800227057,-0.969927436328691,0.149501340330601),
(0.0241274074219249,-0.956128238952557,0.291953179274655),(0.00214190028334213,
-0.680986986833368,0.73229238424743),(0.031985648346775,-0.994150130861774,
0.103162181090521),(0.160280082890032,-0.986518279781205,-0.0330451007911499),
(-0.124503890798749,-0.973623970624228,0.191193998341699),(-0.207862677680127,
-0.761042721568558,0.614497423245346),(0.011153288547254,-0.990303542453946,
-0.13847201145989),(-0.119189967570548,-0.992848055339365,-0.00681840445939275),
(0.0492110514825811,-0.996648847831564,0.065340236669253),(-0.0735220958825179,
-0.996718848028915,-0.0338532037029676),(-0.11162219280515,-0.969336487719167,
-0.2189229536838),(-0.161988358433106,-0.98218080321908,-0.0952924001170617),
(-0.145366884777775,-0.984567734574586,-0.0974414944706482),(-0.154335101170682,
-0.980993595189098,0.117610555413205),(-0.363976187062238,-0.764419349474497,
0.532150724325939),(-0.134571888344559,-0.959588479989824,-0.247144403008036),
(-0.461924276798373,-0.772883453499585,0.43505991519658),(-0.134520944219247,
-0.99029477714843,0.0349337933655089),(-0.126805927827245,-0.975272941942831,
-0.181005373903778),(-0.130878106606448,-0.986905988328984,-0.0942734926238658),
(-0.551750264397506,-0.811654054470349,0.191805478543044),(-0.0968502741351135,
-0.967979275853684,-0.231594788192073),(-0.141385664975376,-0.957856212916144,
-0.250043134513653),(-0.354666128077752,-0.924922138130688,-0.136861155884683),
(-0.110776655682048,-0.962623929976778,-0.247151172345924),(-0.0622709477263558,
-0.963894206480281,-0.25890208145747),(-0.186194969656156,-0.980657106523516,
-0.0603578718947876),(-0.242917773931244,-0.96943077427293,-0.0345677450939067),
(-0.0431942541618554,-0.963585882703301,-0.263887292347134),(-0.278448089210496,
-0.958892074933662,-0.0547051208246529),(-0.0393454714934892,-0.97381125986908,
-0.223927586565726),(-0.254153909375924,-0.948508394326959,-0.189043953196682),
(-0.186233960873782,-0.971966225341283,-0.143522014384833),(-0.194131021999776,
-0.977109056207071,-0.0870117151620986),(-0.160708951559998,-0.986816797033929,
-0.0191113050361173),(-0.27485641800824,-0.961476443726747,0.00412281921097847),
(-0.324579639159463,-0.932483547698924,0.15850076060998),(-0.380912729479587,
-0.919374763954459,0.0982625865937467),(-0.158437419199671,-0.987186996551902,
0.0189583236648925),(-0.403972055643843,-0.906522846450347,-0.122567969398404),
(-0.450688020770939,-0.866215983183847,0.215754903560534),(-0.493351663993963,
-0.834464677899567,0.245505268726273),(-0.448723662189761,-0.888035542460692,
0.1001995524818),(-0.393518913760747,-0.905134429503192,0.160855615508108),
(-0.445529051402368,-0.838126647291875,0.314718266797126),(-0.53518203140925,
-0.819842580634806,0.203564083852554),(-0.468932338454069,-0.832957490843695,
0.293741860141477),(-0.500580502296733,-0.865637710544126,0.0095139268588196),
(-0.416773181718384,-0.868317208170749,-0.26893371115368),(-0.318125932707275,
-0.908225477880634,-0.271886690125905),(-0.562589380129397,-0.826180915335144,
0.0303032094274629),(-0.217797222851173,-0.86933635571258,-0.443642502872175),
(-0.504850245168357,-0.832365660148784,-0.228678022027758),(-0.368155593590323,
-0.786316927340862,-0.496152344230461),(-0.223914361181583,-0.801567030717635,
-0.554393952098287),(-0.429082695767201,-0.736077670416812,-0.523524310139376),
(-0.542955216812953,-0.817784753709041,-0.190860496532527),(-0.34414526788441,
-0.727807379476243,-0.5931782640764),(-0.500229797075879,-0.765385939440658,
-0.404912970678844),(-0.459801808350308,-0.668487141783035,-0.584557301133546),
(-0.475138699384759,-0.863242142618725,0.170458850031298),(-0.45921906398481,
-0.888049800931036,-0.0220318482942804),(-0.475874182891611,-0.71105003964447,
-0.517640418803283),(-0.469308926397864,-0.656504538728115,-0.590551371374811),
(-0.457104090292351,-0.660074287088224,-0.596118936255992),(-0.468309602709552,
-0.754512787675838,-0.459778826441211),(-0.392363235307172,-0.679088200197529,
-0.620395283615027),(-0.399230700528899,-0.706917020234051,-0.583852014005788),
(0.0501051120868941,-0.959424088955445,0.277479540281394),(-0.106557643159348,
-0.956343144218753,0.272127284905637),(-0.0218338226153653,-0.937781704881834,
0.346538249229321),(0.0145267392055193,-0.964308191209131,0.264383596720804),
(-0.164813308676895,-0.923376259091825,0.346717258625183),(-0.0767439087363568,
-0.908071861897929,0.411723045384995),(-0.138875197524365,-0.955419517761153,
0.260551769507741),(-0.0383978135548911,-0.95635543341125,0.289672043695943),
(-0.218150099969312,-0.9388617938429,0.266362658692),(-0.248204940146302,
-0.917292000814179,0.311399571177115),(-0.210031324447298,-0.886333621812784,
0.412673664770538),(-0.0185111171180305,-0.97983672192921,0.198940536095745),
(-0.138633013430131,-0.978640178039865,0.151803456855834),(-0.229279335170836,
-0.963844133061118,0.135777294225804),(-0.232411145015713,-0.954596894296174,
0.186359408328597),(-0.313891931178484,-0.931687331274019,0.182840291742656),
(-0.325815036990171,-0.88289401245792,0.338146010529544),(-0.308091372641188,
-0.864697937018655,0.396707932640312),(-0.305908872082376,-0.899503283468143,
0.311951286279315),(-0.410597800037304,-0.90738577360894,0.0897803121883148),
(-0.0370224629843729,-0.924015522153087,0.380558342511013),(0.202258686230001,
-0.906203436801601,0.371331058455229),(0.238902968278898,-0.900353548940934,
0.363715353892294),(0.255795629242705,-0.908718424045723,0.329847573676368),
(0.341917109527162,-0.894969366398893,0.286570276581774),(0.0859410960384146,
-0.930037953256418,0.357272352014999),(0.0169402533236094,-0.922070337557524,
0.386651419774823),(-0.0604212320434225,-0.892247085900768,0.447486773458101),
(-0.10931565090762,-0.910402640426447,0.399020200956289),(-0.178645808763471,
-0.890747818425911,0.417916258334999),(-0.34411428272454,-0.906157565028823,
0.245893936009022),(0.406371325020407,-0.88662834549853,0.220799735415823),
(0.524144704257038,-0.831394479782711,0.184541453300167),(0.576687870001582,
-0.808352939265154,0.118307337787746),(0.55842984077101,-0.829246273574438,
0.0225106796737107),(0.491394966681105,-0.86106824767522,-0.13073813355713),
(0.443040792805047,-0.869388116767361,-0.218813067101523),(0.343609735081279,
-0.860158253288237,-0.376908648424924),(0.152702315699535,-0.814383536974724,
-0.559876287660532),(0.248285092180122,-0.843241685687138,-0.476757771326931),
(-0.0879435857795458,-0.761631936468713,-0.642014578550327),(-0.256144628307978,
-0.713177793896518,-0.652508516175738),(-0.354690669770823,-0.691745495797614,
-0.629033145248514),(-0.409884999916319,-0.73856083818912,-0.535277661720516),
(-0.4471629451097,-0.77237235973378,-0.451094489480964),(-0.402466991322764,
-0.852012727828642,-0.334805365120689),(-0.00664900287136673,-0.776170915558523,
-0.63048751026635),(-0.501089948201957,-0.811076694487909,-0.301767227295357),
(0.184752006569839,0.0893596242571283,-0.978714234912849),(0.201201860595338,
0.141556959936268,-0.969267475151506),(-0.12227296530365,-0.0211670004670409,
-0.992270769521647),(-0.444127039170443,0.0645647237560626,-0.893634471987288),
(-0.304703984898605,-0.202422312164984,-0.930688287841151),(0.0576746089250772,
-0.0948966323511176,-0.993815007259277),(-0.0100124036240948,-0.0546216147407183,
-0.998456924948084),(0.120063861660326,-0.159002684629304,-0.979950414767953),
(-0.0643075409830651,-0.0737829101881198,-0.995198785337323),(0.113321904177394,
-0.19997775482039,-0.973225073459683),(-0.0179955521928855,-0.0263024221666449,
-0.999492042334225),(0.0916715249450649,-0.145699596588555,-0.985072565381951),
(0.953487672180042,0.156969134729076,-0.257336258119781),(0.977316848359366,
0.171459313785802,-0.12431203332348),(0.953653030137885,0.109949753629183,
-0.280101677584608),(0.891644976754803,-0.0614985291314171,-0.448538923999466),
(0.923703204318605,-0.281488471725354,0.259878107229652),(0.98228230711177,
0.0670188288601408,0.175014130039242),(0.988273109267405,-0.0686513819598504,
0.136393728792559),(0.997824323713565,0.0650693967728453,0.0106109664585918),
(0.996101079646768,0.0638526333106908,0.0608726567995272),(0.962549933718935,
0.00858282211016602,0.270968559545749),(0.141784980969859,0.130739706512191,
0.981225839607011),(-0.0355826668720313,0.0899811629158289,0.995307622867719),
(-0.00430194804917287,0.0656469499325219,0.997833639043874),(0.10866260542495,
0.170975261585546,0.979264978495614),(0.169697688132948,0.00893145727106354,
0.985455693429871),(0.423946741285702,-0.0814400607142603,0.902018113490018),
(-0.158968488436456,-0.312829212254066,0.936411716951859),(-0.28282309817098,
-0.289919536717926,0.91430725545094),(-0.214492383429381,-0.156385544140286,
0.964124773582097),(-0.357136031205426,-0.1126123523106,0.927239080993629),
(-0.22409153813571,-0.0960663538269079,0.969821755890419),(-0.260459565456837,
-0.285439320475467,0.922325977671961),(-0.970089845889044,0.242577706403917,
-0.0090414190692773),(-0.95536210574434,-0.0565709797898875,-0.289970638433193),
(-0.943802830084697,0.241101054049939,-0.22606746705381),(-0.961396839346334,
0.255075144929122,-0.103212342935652),(-0.976127860422484,0.215508748426397,
0.0270255334584172),(-0.977912724230865,-0.177071826203823,0.11105076385244),
(-0.92404098319138,-0.147121348076108,-0.352850634579247),(-0.819510638140804,
-0.198185216237583,0.537703388532111),(0.367508789851566,0.107824671193464,
-0.923748412536584),(0.805511079251996,0.0186373151670123,-0.592287558273555),
(-0.880028583740326,-0.170093501257439,0.443416161895327),(-0.963615309565868,
-0.195158312956474,-0.182643828404519),(-0.963615309565868,-0.195158312956474,
-0.182643828404519),(-0.994133198727161,0.0697542954966466,0.0826651162720364),
(-0.375866821911695,-0.12244469681275,0.918548544394054),(-0.723154891408269,
-0.132527684633964,0.677852060436387),(0.0492164751335821,0.0655680014185252,
0.996633621631041),(-0.188099600797724,-0.187789971824349,0.964029805899147),
(0.92921515672292,0.0134860219851846,0.369292999835381),(0.505936078804199,
-0.0897255059664278,0.857891611885383),(0.923139054212128,-0.2834108776006,
0.259793304467214),(0.99624033111337,0.0638615596867298,-0.0585397630461683),
(0.985989884782831,0.165307144161529,0.0223046003124644),(0.95930276128405,
-0.102325627876549,0.263187534036981),(-0.876991879239591,-0.214165281314838,
-0.430137740761197),(-0.359454438407265,-0.286592052243626,-0.888063906653178),
(-0.110070130990022,-0.0290413049181647,-0.993499455899443),(0.338676947959994,
-0.0158445355772454,-0.940769299888578)),$,(404,404,381,386,386,411,397,
397,346,353,353,403,421,427,287,287,292,341,373,282,390,410,395,423,423,
423,433,433,412,396,429,429,420,413,409,409,419,398,401,405,407,415,415,
400,399,406,406,387,393,393,376,356,357,391,380,344,368,368,294,296,289,
337,221,219,219,130,218,134,85,281,216,86,139,60,62,96,39,39,28,41,41,33,
18,12,12,12,70,55,55,23,42,15,17,32,3,8,2,1,1,13,20,16,30,27,24,24,24,29,
25,25,25,22,22,22,22,40,40,40,38,38,38,54,54,31,31,31,31,53,53,53,79,47,
47,50,50,50,82,82,67,67,127,132,132,94,220,217,137,215,361,361,334,334,
334,374,343,359,359,378,321,327,363,363,336,336,305,305,384,352,372,274,
266,266,258,258,280,280,280,280,317,317,252,252,252,252,252,331,365,339,
377,389,369,345,394,379,392,375,367,382,362,370,349,347,350,340,364,364,
371,342,332,366,366,358,358,360,360,338,335,333,325,322,323,320,304,309,
267,275,259,278,213,211,148,156,156,210,100,165,111,111,111,251,251,251,
208,119,119,174,89,89,76,102,141,65,73,73,57,66,66,95,44,44,81,56,56,56,
115,103,74,98,51,43,71,90,34,46,37,48,68,45,69,61,87,88,75,91,91,63,63,
63,52,52,78,97,64,64,72,72,77,92,92,92,93,101,104,113,113,99,107,123,117,
158,149,166,144,214,212,209,209,175,207,207,297,269,319,326,329,244,315,
301,316,330,291,328,311,324,306,286,318,277,298,268,262,271,257,283,308,
308,265,300,273,279,264,260,263,254,256,253,248,250,243,242,245,245,245,
238,224,224,226,184,184,190,228,154,154,196,170,232,200,181,192,152,133,
133,168,116,116,138,110,110,124,157,105,145,118,178,164,136,153,120,106,
142,108,122,109,125,146,112,112,112,147,126,159,162,150,163,135,135,114,
151,121,143,143,140,155,161,160,167,169,171,176,173,187,182,189,205,203,
249,235,237,246,206,229,231,241,199,191,195,236,225,197,185,172,177,180,
186,179,233,270,276,285,299,255,240,230,227,198,188,303,312,313,314,310,
307,302,272,284,247,239,234,201,194,193,261,183,383,385,80,80,49,128,202,
288,348,293,222,129,428,432,426,416,430,418,422,417,425,414,354,290,223,
295,355,388,84,131,59,36,58,83,6,14,7,5,4,9,19,21,402,402,10,10,11,11,35,
35,204,204,408,408,424,424,431,431,26,26,351,351),((1,3,4),(6,7,2),(1,8,
3),(5,9,10),(5,3,9),(6,12,7),(13,12,6),(14,13,6),(10,9,15),(10,15,17),(3,
18,9),(8,19,3),(3,19,18),(9,20,15),(9,18,20),(12,21,7),(8,21,19),(13,22,
12),(22,23,12),(12,23,21),(24,22,13),(27,13,14),(27,24,13),(24,29,22),(29,
30,22),(22,30,23),(31,29,24),(33,34,31),(31,34,29),(33,35,34),(37,35,33),
(34,38,29),(29,38,30),(35,39,34),(34,39,38),(37,40,35),(40,41,36),(36,41,
39),(42,40,37),(42,44,40),(44,45,40),(40,45,41),(46,44,43),(48,49,47),(46,
50,44),(48,51,49),(52,51,48),(53,52,48),(50,54,44),(44,54,45),(51,55,49),
(49,55,54),(52,56,51),(56,57,51),(51,57,55),(59,56,52),(60,52,53),(60,59,
52),(59,61,56),(61,62,56),(56,62,57),(63,59,60),(63,64,59),(64,61,59),(66,
67,65),(64,67,61),(66,68,67),(69,68,66),(67,70,61),(61,70,62),(68,71,67),
(67,71,70),(69,72,68),(72,73,68),(68,73,71),(74,72,69),(74,75,72),(75,76,
72),(72,76,73),(77,75,74),(79,80,78),(77,81,75),(79,82,80),(83,82,79),(84,
83,79),(81,87,75),(75,87,76),(82,88,80),(81,89,87),(83,90,82),(90,91,82),
(82,91,88),(92,90,83),(92,93,90),(93,94,90),(90,94,91),(95,96,92),(97,96,
95),(96,93,92),(97,98,96),(98,100,96),(96,100,93),(99,101,100),(102,101,
99),(100,103,93),(93,103,94),(101,104,100),(100,104,103),(102,105,101),
(105,108,101),(101,108,104),(109,105,102),(111,112,106),(115,116,107),(105,
118,108),(119,113,110),(122,124,121),(119,127,113),(122,128,124),(131,128,
122),(126,132,114),(114,132,117),(130,134,125),(126,136,132),(131,137,128),
(138,139,129),(130,140,134),(141,137,131),(141,142,137),(143,144,138),(138,
144,139),(145,142,141),(17,146,145),(145,146,142),(17,16,146),(146,147,
143),(143,147,144),(16,148,146),(146,148,147),(15,20,148),(21,149,19),(19,
149,151),(19,151,18),(21,154,149),(23,154,21),(154,155,149),(154,156,155),
(158,157,154),(23,158,154),(150,155,159),(150,159,152),(156,160,155),(158,
161,157),(161,163,157),(156,164,160),(155,165,159),(155,160,165),(30,158,
23),(167,161,158),(30,167,158),(162,168,164),(169,168,161),(167,169,161),
(18,153,170),(18,170,20),(152,159,171),(153,172,170),(159,165,173),(159,
173,171),(160,175,165),(164,179,160),(160,179,175),(165,181,173),(166,178,
182),(168,186,164),(164,186,179),(169,187,168),(187,188,168),(168,188,186),
(189,187,169),(190,169,167),(190,189,169),(189,191,187),(191,192,187),(187,
192,188),(38,167,30),(38,190,167),(39,190,38),(39,193,190),(41,193,39),
(193,189,190),(193,194,189),(195,194,193),(41,195,193),(194,191,189),(195,
196,194),(196,197,194),(194,197,191),(45,195,41),(198,196,195),(45,198,
195),(196,199,197),(200,199,196),(198,200,196),(197,201,191),(191,201,192),
(199,202,197),(197,202,201),(200,203,199),(203,204,199),(199,204,202),(205,
203,200),(207,200,198),(207,206,200),(205,208,203),(208,209,203),(203,209,
204),(54,198,45),(54,207,198),(55,207,54),(55,210,207),(57,211,55),(210,
206,207),(210,212,206),(214,212,210),(58,214,210),(213,208,205),(215,216,
213),(216,217,213),(213,217,208),(62,215,57),(218,216,215),(62,218,215),
(216,219,217),(220,219,216),(218,220,216),(217,221,208),(208,221,209),(219,
222,217),(217,222,221),(220,223,219),(223,224,219),(219,224,222),(225,223,
220),(226,220,218),(226,225,220),(225,227,223),(227,228,223),(223,228,224),
(70,218,62),(70,226,218),(71,226,70),(71,229,226),(73,229,71),(229,225,
226),(229,230,225),(231,230,229),(73,231,229),(230,227,225),(231,232,230),
(233,234,230),(230,234,227),(76,231,73),(235,232,231),(76,235,231),(233,
236,234),(237,236,233),(235,238,232),(234,240,227),(227,242,228),(236,243,
234),(234,243,240),(237,244,236),(244,246,236),(236,246,243),(247,245,239),
(249,238,235),(249,248,238),(247,250,245),(250,251,245),(244,251,246),(87,
235,76),(87,249,235),(89,249,87),(89,252,249),(91,252,88),(252,248,249),
(252,253,248),(255,253,252),(91,255,252),(254,250,247),(255,256,253),(257,
258,254),(254,258,250),(94,255,91),(259,256,255),(94,259,255),(257,261,
258),(262,261,257),(259,263,256),(258,265,250),(250,265,251),(261,266,258),
(258,266,265),(262,267,261),(267,268,261),(261,268,266),(269,267,262),(270,
264,260),(270,269,264),(269,271,267),(271,272,267),(267,272,268),(103,260,
94),(103,270,260),(104,270,103),(104,273,270),(108,273,104),(273,269,270),
(273,274,269),(275,274,273),(108,275,273),(274,271,269),(275,276,274),(276,
277,274),(274,277,271),(118,275,108),(278,276,275),(118,278,275),(276,279,
277),(280,279,276),(278,280,276),(277,281,271),(271,281,272),(279,282,277),
(277,282,281),(280,283,279),(283,284,279),(279,284,282),(286,283,280),(289,
280,278),(289,287,280),(286,291,283),(291,292,283),(283,292,284),(133,278,
118),(133,289,278),(135,289,133),(134,293,290),(140,293,134),(293,288,290),
(293,295,288),(297,296,294),(139,297,294),(295,291,288),(297,298,296),(300,
301,295),(295,301,291),(144,297,139),(302,299,297),(144,302,297),(300,303,
301),(304,303,300),(302,305,299),(301,306,291),(291,306,292),(303,307,301),
(301,307,306),(304,308,303),(308,309,303),(303,309,307),(310,308,304),(311,
305,302),(311,310,304),(310,312,308),(312,313,308),(308,313,309),(147,302,
144),(147,311,302),(148,311,147),(148,314,311),(20,314,148),(314,310,311),
(314,315,310),(170,315,314),(20,170,314),(315,312,310),(170,172,315),(172,
316,315),(315,317,312),(172,174,316),(317,318,312),(312,318,313),(174,319,
316),(317,320,318),(174,185,319),(186,321,180),(180,321,322),(180,322,176),
(186,323,321),(188,323,186),(188,324,323),(192,324,188),(192,325,324),(177,
322,326),(177,326,183),(327,328,329),(330,329,325),(330,327,329),(327,331,
328),(201,325,192),(201,330,325),(202,330,201),(202,332,330),(204,332,202),
(332,327,330),(332,333,327),(334,333,332),(204,334,332),(333,331,327),(334,
335,333),(335,336,333),(333,336,331),(209,334,204),(337,335,334),(209,337,
334),(335,338,336),(339,338,335),(337,339,335),(331,336,340),(336,338,341),
(336,341,340),(339,342,338),(338,342,343),(338,343,341),(344,342,339),(345,
339,337),(345,344,339),(344,347,342),(347,343,342),(221,337,209),(221,345,
337),(222,346,221),(222,348,346),(224,348,222),(348,344,346),(348,349,344),
(350,349,348),(224,350,348),(349,347,344),(350,351,349),(351,352,349),(349,
352,347),(228,350,224),(353,351,350),(228,353,350),(351,354,352),(355,354,
351),(353,355,351),(352,356,347),(347,356,343),(354,357,352),(352,357,356),
(355,358,354),(358,359,354),(354,359,357),(360,358,355),(361,355,353),(361,
360,355),(360,364,358),(358,364,359),(242,353,228),(242,362,353),(243,363,
241),(243,365,363),(246,365,243),(366,360,361),(366,367,360),(368,367,366),
(246,369,365),(367,364,360),(368,370,367),(370,371,367),(367,371,364),(251,
369,246),(372,370,368),(251,373,369),(370,374,371),(375,374,370),(372,375,
370),(364,371,376),(364,376,359),(371,374,377),(371,377,376),(375,378,374),
(374,378,379),(374,379,377),(380,378,375),(381,375,372),(381,380,375),(380,
383,378),(383,379,378),(265,373,251),(265,382,373),(266,382,265),(266,384,
382),(268,384,266),(385,380,381),(385,386,380),(387,386,385),(268,388,384),
(386,383,380),(387,389,386),(389,390,386),(386,390,383),(272,388,268),(391,
389,387),(272,391,388),(389,392,390),(393,392,389),(391,393,389),(390,394,
383),(383,394,379),(392,395,390),(390,395,394),(393,396,392),(396,397,392),
(392,397,395),(398,396,393),(399,393,391),(399,398,393),(398,400,396),(396,
400,397),(281,391,272),(281,399,391),(282,399,281),(282,401,399),(285,401,
282),(401,398,399),(401,402,398),(403,402,401),(285,403,401),(402,400,398),
(403,404,402),(404,405,402),(402,405,400),(292,403,285),(406,404,403),(292,
407,403),(404,409,405),(410,409,404),(408,410,404),(400,405,411),(400,411,
397),(405,409,412),(405,412,411),(410,413,409),(409,413,414),(409,414,412),
(415,413,410),(417,410,407),(417,415,410),(415,418,413),(418,414,413),(306,
407,292),(306,417,407),(307,417,306),(307,419,417),(309,419,307),(419,416,
417),(419,420,416),(422,421,419),(309,422,419),(420,418,416),(422,423,421),
(423,424,421),(420,424,418),(313,422,309),(425,423,422),(313,425,422),(423,
426,424),(427,426,423),(425,427,423),(424,428,418),(418,428,414),(426,429,
424),(424,429,428),(427,430,426),(431,430,427),(432,427,425),(432,431,427),
(431,433,430),(318,425,313),(318,432,425),(320,432,318),(320,434,432),(184,
434,320),(434,431,432),(434,435,431),(326,435,434),(184,326,434),(435,433,
431),(436,437,438),(340,341,436),(341,439,436),(436,439,437),(438,440,441),
(438,437,440),(341,343,439),(442,440,437),(443,437,439),(443,442,437),(442,
444,440),(445,440,444),(445,446,440),(356,439,343),(356,443,439),(357,443,
356),(357,447,443),(359,447,357),(447,442,443),(447,448,442),(376,448,447),
(359,376,447),(448,444,442),(376,377,448),(377,449,448),(448,449,444),(377,
379,449),(450,444,449),(450,445,444),(394,449,379),(394,450,449),(395,450,
394),(395,451,450),(397,451,395),(451,445,450),(451,452,445),(411,452,451),
(397,411,451),(452,446,445),(411,412,452),(412,453,452),(452,453,446),(412,
414,453),(454,446,453),(428,453,414),(428,454,453),(429,454,428),(454,429,
455),(438,441,456),(331,340,457),(331,458,459),(460,328,459),(459,328,331),
(457,458,331),(457,340,461),(461,438,462),(456,462,438),(456,441,463),(463,
441,464),(464,441,465),(465,454,466),(455,466,454),(461,436,438),(340,436,
461),(454,465,446),(465,440,446),(465,441,440),(467,329,328),(325,329,468),
(325,469,470),(324,471,472),(321,323,473),(474,321,475),(473,475,321),(473,
323,472),(472,323,324),(471,324,470),(470,324,325),(468,469,325),(468,329,
467),(328,460,467),(322,321,474),(326,322,476),(326,477,478),(435,479,480),
(481,433,480),(480,433,435),(479,435,478),(478,435,326),(476,477,326),(476,
322,482),(474,482,322),(430,433,483),(483,433,481),(430,483,426),(426,483,
429),(455,429,483),(4,11,484),(484,485,4),(486,123,488),(488,122,121),(489,
131,486),(487,131,122),(141,131,489),(145,141,490),(17,145,491),(10,17,
492),(492,17,493),(491,493,17),(491,145,494),(490,494,145),(490,141,495),
(489,495,141),(27,14,496),(496,497,27),(496,14,498),(498,14,499),(499,6,
2),(14,6,499),(25,28,500),(33,32,501),(502,33,503),(501,503,33),(501,32,
504),(505,43,37),(502,37,33),(505,37,502),(60,53,506),(63,60,507),(507,
508,63),(507,60,509),(506,509,60),(506,53,510),(510,53,511),(511,48,47),
(53,48,511),(512,66,513),(513,64,63),(513,66,65),(69,66,512),(74,69,514),
(77,74,515),(515,74,516),(514,516,74),(514,69,517),(512,517,69),(97,95,
518),(519,97,520),(520,97,521),(518,521,97),(518,95,522),(522,95,523),(524,
109,102),(519,102,98),(524,102,519),(519,98,97),(523,92,83),(95,92,523),
(523,83,86),(525,79,78),(84,79,525),(526,1,4),(526,4,485),(499,2,527),(528,
84,525),(530,85,529),(523,86,531),(515,532,77),(525,78,533),(534,63,508),
(513,63,535),(536,46,43),(536,43,505),(511,47,537),(500,538,25),(32,26,
539),(539,504,32),(540,27,497),(500,28,541),(542,120,109),(542,109,524),
(488,121,543),(492,544,10),(484,11,545)),());
#1818=COMPLEX_TRIANGULATED_FACE('ConvergentBody',#1828,572,((0.117896778186351,
0.126999508744756,-0.984871298430342),(0.85703251209225,-0.00958251772335432,
-0.515173221907863),(0.426669742394365,-0.068128592154998,-0.901837804627919),
(0.067447664102884,0.0726890742996997,-0.995071410042775),(0.407782304384811,
-0.221912962781249,-0.885702110859098),(0.0377518240107114,0.0978851731136185,
-0.994481418965875),(0.943454798172439,-0.114172182959386,-0.311219788001487),
(0.920147038810713,-0.240362849082409,-0.309119924542017),(0.43694801365159,
-0.192496480042428,-0.878647562187027),(0.0675158872023943,0.0775419742931918,
-0.994700380616187),(0.053962108972491,0.0531302144856222,-0.997128512832701),
(0.958973907582081,-0.234238769834747,-0.159691087049523),(0.958760983127349,
-0.245592604052548,-0.143044224166401),(0.943872568353756,-0.297258262573213,
-0.14402117914126),(0.890357501730672,0.0597550904886056,-0.451323440863219),
(0.978281007484022,0.201030816255989,-0.0505260458723741),(0.174554402417108,
0.0627922118516666,-0.982643322232224),(0.293739147397568,-0.338280365982128,
-0.894026681524186),(0.326161467925525,-0.0802459088760442,-0.941901954000163),
(0.0683154861715951,-0.0436623151501602,-0.99670787926296),(0.248433048465908,
-0.444028853904185,-0.860882917318303),(0.429441345221708,-0.421581512499764,
-0.7986545932583),(0.0746029352824075,-0.0799790027665242,-0.994000885896849),
(-0.0277428054140596,-0.474927306945803,-0.879587624893032),(0.0461883364311627,
-0.681590045713869,-0.730275048979141),(0.833098685801374,-0.387684501449875,
-0.3945216179775),(0.494356435061099,-0.448973374457146,-0.744335021440107),
(0.97436195265414,-0.197974320526264,-0.106887574732405),(0.964885091928387,
-0.213620491442673,-0.152849746516437),(0.592012446803317,-0.330768520100074,
-0.734924111007904),(0.825319132720098,-0.370599009956754,-0.426033687617796),
(0.968693507987736,-0.232521183815403,-0.0869872787222188),(0.942825245977164,
-0.262863923920206,-0.204897811236166),(0.960818960365354,0.276343938253922,
-0.0214698205104947),(0.953509956981563,-0.228842389675584,0.196086518212205),
(0.969684951258221,-0.2405417407651,-0.0430205329236682),(0.969113168683537,
-0.19116888836748,-0.155801548145379),(0.988929027447634,-0.115577741236363,
0.0930653770323683),(0.971900522260092,0.176709185846542,0.155509608925022),
(0.882745578400028,-0.0814077278786961,0.462745097928469),(0.962568243374885,
-0.240072348931573,0.125807965267169),(0.912763814076658,0.0576115984909505,
0.404404653078509),(0.930957273074357,-0.266647703697526,0.249434476010823),
(0.933105368067625,0.141883344761376,0.330429248951581),(0.985967018545493,
0.138428830902971,-0.0933086122249581),(0.965724706652806,-0.200650162505569,
0.164667250073721),(0.979704231903018,-0.0586958613384281,0.19166223898582),
(0.957089114209044,-0.202522844227311,0.207279823013788),(0.951070423017443,
-0.190722586229512,-0.243084235530294),(0.977590407957059,-0.204992220520167,
-0.0479080765274796),(0.987695433881776,-0.155679290490636,0.0148892041903808),
(0.961338188052671,-0.222633966627566,0.162058647085809),(0.947751200230468,
-0.296937025175078,-0.116602167826686),(0.982435841843543,0.170817463301457,
0.0751079948635534),(0.976707216557452,0.184224464224602,0.110019815968543),
(0.961448097936855,-0.257402759788481,0.0967541948799981),(0.962990691308228,
-0.269534037197293,0.000575539598609802),(0.948985274204008,-0.176470044604886,
-0.261314509166817),(0.94062846667933,0.21497778778291,-0.262683532853619),
(0.946887814479398,0.24431346185438,0.209079886998147),(0.939080974380725,
-0.232817892297131,0.252829493102505),(0.916078960460149,-0.392326236512886,
0.0829425243520323),(0.981789365308312,0.0478914103159455,0.183837033770272),
(0.979370437544141,-0.0284378273757289,0.200062080461904),(0.949277632501355,
-0.215129020074614,0.229328326105519),(0.941909300110806,0.220223733110773,
0.253590965413846),(0.584462192050549,0.26382866491447,0.76733198918911),
(0.608603283767126,-0.21662150778153,0.763332932182497),(0.941668063648917,
-0.281297351063619,0.184751341506063),(0.594264785166993,-0.347317787499252,
0.725410035495135),(0.612411392239877,-0.213685109929619,0.761111660959929),
(0.317184171113405,0.0776221898613598,0.945181991595391),(0.583588031862749,
-0.35013397812865,0.732687659529194),(0.113191765759787,-0.209061164670333,
0.971329528837081),(0.101539316527381,-0.530905569271757,0.841325765512613),
(0.471226696709904,-0.526028126918202,0.707982916459712),(0.503388528625285,
-0.158126104365248,0.849468142055216),(0.93184575499742,-0.0509506504558438,
0.359259683392688),(0.870167427047673,-0.434685649742003,0.232071184798123),
(0.0708182725856594,-0.05106316860846,0.996181371578312),(0.427974239848469,
-0.543374436664786,0.722206529744333),(0.114867102065731,-0.524778710563119,
0.843452935143824),(0.143665228867775,-0.0941980804664022,0.985132997950437),
(0.517970191527831,-0.152210689071499,0.841747460240303),(0.0433518764065507,
-0.379339840567122,0.92424125647503),(0.90616557071476,-0.131638962187548,
0.401914346702601),(0.551146130279381,-0.16537952763115,0.817855460896705),
(0.815253052362965,-0.186714797628346,0.548178843954666),(0.0618445912311343,
-0.518698460059818,0.852717511293762),(0.232397160020244,-0.0821600115299103,
0.969144618991371),(0.410878174964517,-0.161364900021015,0.897296213286914),
(-0.0593738564579983,-0.382078459978501,0.922220578598072),(-0.411512927556363,
-0.276135938309966,0.868565515103879),(-0.0334364593152054,0.15389931958777,
0.987520634021834),(0.0577694121936621,-0.258670298524264,0.964236678246667),
(-0.00220087405860771,-0.256496300222752,0.966542706829563),(0.0523753136247345,
0.181273001054065,0.982037130464813),(-0.393125363252382,-0.0968657189831075,
0.91436835096889),(0.148459799881339,-0.191107472161982,0.970277085116953),
(0.152760864715098,-0.207118864503942,0.966315628652509),(-0.0230968574591487,
0.0166524053594432,0.999594534084324),(-0.112325348936722,-0.0484962161902415,
0.992487346519578),(-0.000457710810236944,-0.213931224526423,0.976848617582806),
(-0.0342278629607734,-0.113150495294637,0.992988126218897),(-0.176518478804578,
-0.0791090295053326,0.981113137253417),(0.0161515648060569,-0.289685228178777,
0.956985681987628),(0.0182298803423923,-0.352217105466414,0.935740766494419),
(-0.135834182059794,-0.0474828118364942,0.989593076756425),(0.0549107186028276,
-0.311228041950721,0.948747552769461),(-0.468047095569519,-0.00885491854301317,
0.883659157563896),(-0.233855593880644,-0.277703517733281,0.931768381868205),
(-0.514112135735447,-0.103198126892499,0.851492136484781),(-0.143938360658135,
-0.339583715651451,0.929496986759722),(-0.711456848212517,-0.0776797164834943,
0.698423234706976),(-0.889016599893725,-0.0955092980558439,0.447802924396749),
(-0.8059720459739,-0.148804230912878,0.572945339426958),(-0.889837545720265,
-0.15790179772329,0.428084296023913),(-0.962686772180635,-0.0772141687147944,
0.25936875451394),(-0.70163159488161,-0.363020947966456,0.613130407337153),
(-0.257263465025937,-0.321559509159293,0.911271085699575),(-0.779307243117915,
-0.32932205659445,0.533129631388424),(-0.943657884012397,-0.142889027083876,
0.29848370789755),(-0.862814717090387,-0.294977130741918,0.410535328944418),
(-0.991739448293073,-0.0423657233949965,0.121070277857819),(-0.976945773638845,
-0.139699294897057,0.161434390309078),(-0.921091419749722,-0.283892129473665,
0.266450474359399),(-0.992588135833104,0.0330923291858298,0.116934555852497),
(-0.953475341883305,-0.0788040856752816,-0.290989155298609),(-0.990700375686525,
-0.0754090710389476,-0.113252980621357),(-0.968900302970475,0.0646556468784919,
-0.238855291401396),(-0.979107023655274,-0.199594228811165,0.0388790438949809),
(-0.987142680143955,0.123392835017989,-0.101604809455222),(-0.936757440054404,
-0.286698688397478,-0.200722097871373),(-0.996022524080095,-0.0329918949224274,
0.0827687525249929),(-0.969741460114239,-0.115693242184633,-0.214980404335632),
(-0.951990960434672,-0.272612278993257,0.139268648994573),(-0.935156537021532,
-0.349041019629478,-0.0604368917293897),(-0.906807139589708,-0.295443619551234,
-0.300689007540343),(-0.913042249315298,-0.33457768847278,-0.233262987508675),
(-0.935570280809649,-0.187036421428489,-0.299542362154303),(-0.87157880352804,
-0.302448387506578,-0.385843701691891),(-0.900292722287934,-0.356362163035714,
-0.249958042382894),(-0.980607383663352,0.0668523880600932,-0.184227895052779),
(-0.681217269314972,0.259013823730203,-0.68472977962384),(-0.63636966166452,
-0.271666580710587,-0.721963241888396),(-0.787632196105265,-0.280520021074169,
-0.548583668582054),(-0.655134326791608,-0.257775964509712,-0.71017643299422),
(-0.638281672297077,0.217172642725988,-0.738534054774089),(0.0404213778733879,
-0.0538650904901844,-0.997729755112727),(-0.679602176478117,-0.272717491426924,
-0.681003708944387),(-0.0471981750169992,-0.247452426495888,-0.967749775973294),
(-0.784985334894079,-0.274099551667946,-0.555578491103338),(0.00203444230297983,
-0.0587734789610014,-0.998269271897786),(-0.454858062702429,-0.269848991886977,
-0.848696450076337),(-0.00946365087298514,-0.192444159637789,-0.981262291506944),
(-0.925652298398783,-0.320693371398965,-0.200807330567922),(-0.546910095521785,
-0.359699827931759,-0.755979749201137),(-0.925050675783104,-0.307567468438081,
-0.222897957800902),(-0.30065331834124,-0.214020729158935,-0.929409871725429),
(0.136512288736419,-0.183168387418484,-0.973557259165816),(-0.286613469088877,
0.193393721488046,-0.938323818213011),(-0.431518858833602,-0.352657428861581,
-0.830315730514414),(-0.13108350621023,-0.0431485940586396,-0.990431882175849),
(-0.27640551804203,-0.00904959399405179,-0.960998488263358),(-0.33877817080764,
-0.317183922504378,-0.885789879310532),(-0.0752928157936694,-0.116413735354422,
-0.990342786165826),(-0.308831590931881,0.0576710462892676,-0.9493666830379),
(0.106374442885391,0.0127467235411783,-0.994244436212638),(0.410993216483103,
-0.0929050755545743,-0.906892067966785),(0.347203455665971,0.0778502656205044,
-0.934552885885237),(0.00491070999840084,-0.200275421030487,-0.979727329749647),
(-0.17835962287627,-0.385458850126935,-0.905322771052543),(0.0862031260887319,
-0.53298293990259,-0.841723355280892),(0.0521692058557965,-0.0914172461745437,
-0.994445202644288),(0.392033711828433,-0.556977046563927,-0.73217903438363),
(0.220990551115592,-0.556208599711542,-0.801121195528212),(0.457771423007665,
-0.515379981987622,-0.724450687379048),(0.778877839609876,-0.484635100201706,
-0.398093118022826),(0.312966690974187,-0.701565171429783,-0.640201656181369),
(0.407224583352573,-0.700889751090218,-0.585595163513169),(0.599289675755993,
-0.770389629948159,-0.217604463650486),(0.53930439480244,-0.463267041831306,
-0.703231411200925),(0.933137290086121,-0.263003338125576,-0.245120464232456),
(0.637319800223776,-0.742255827938026,-0.207074281683558),(0.205886921569493,
-0.700833305253221,-0.682966509994804),(0.280056392970088,-0.818225717565284,
-0.502070803643629),(0.436515955732638,-0.346665875754858,-0.830226831039529),
(0.631424128698828,-0.766409781743854,-0.117981422877771),(0.544408670814812,
-0.790768782784271,-0.279828396192259),(0.673523358842684,-0.409080864845405,
-0.615645296506523),(0.333615557197113,-0.820100776721648,-0.46490362013713),
(0.234843063401568,-0.801467799634843,-0.549998274288793),(0.297593790692464,
-0.287682988704579,-0.910316666743662),(0.633876267955116,-0.771573149656398,
-0.053626035212378),(0.956991938801427,-0.256684067411299,-0.135202509615306),
(0.536174382687055,-0.788387990332637,-0.301598090261563),(0.718331300186598,
-0.677975468638723,-0.156042965545828),(0.838779549997881,-0.389051983532513,
-0.380903426887668),(0.689338302368432,-0.723909056667607,0.027719714327968),
(-0.0914349092389833,-0.477206747967979,-0.87402138249947),(0.00562289003022254,
-0.627764994138029,-0.778382614941128),(0.107450006762631,-0.75122098145032,
-0.651246138626195),(0.272779385752274,-0.29845273970543,-0.914613234581118),
(-0.00960717973825172,-0.306520920902704,-0.951815437543663),(0.307495422129265,
-0.380041170836449,-0.872361893848422),(0.483399117696324,-0.436461618096477,
-0.758832358916659),(0.0842511231633413,-0.378499291315552,-0.921759206473871),
(0.667429985756983,-0.477363894788928,-0.57154258464648),(0.860920869127716,
-0.487828239798986,-0.14435673020334),(0.811635161032077,-0.485059590377973,
-0.325523515523514),(0.737057169865666,-0.673962664832728,-0.0502101061658127),
(0.61520950679802,-0.787965118466128,0.0250646130231147),(0.949294667155156,
-0.314066017947806,-0.0142186947779815),(0.878858068385157,-0.449695767158566,
-0.159317960801601),(0.870474279839726,-0.481556931730218,-0.101869768037862),
(0.94419942317218,-0.32845189987617,-0.024633285389042),(0.671241584798607,
-0.734600104671458,-0.0989819228634099),(0.775955463663248,-0.556779000412923,
-0.296462920295844),(0.695007327709248,-0.708634922370213,-0.121660845089178),
(0.982917633537546,-0.183947355250061,0.00602463089809947),(0.876160998961192,
-0.4739887371429,0.0876160998961066),(0.811788592787149,-0.349119031078261,
-0.468097407341288),(0.794101323453117,-0.402988962203772,-0.454975806424842),
(0.835023411654454,-0.548841301647915,0.0388474914811582),(0.804289978683272,
-0.494153036056339,-0.330046068217702),(0.930797709831685,-0.309296105195237,
0.194811556852122),(0.727479990431503,-0.663627819601357,-0.174272718957757),
(0.809279687208165,-0.561484963934896,0.172629728457425),(0.857519990857468,
-0.508174478520086,-0.0801134486877557),(0.772791491979157,-0.614407226768918,
-0.159050525364601),(0.670002340561844,-0.728451038544314,0.143024291941476),
(0.64654925250594,-0.756171682874847,-0.100888305081574),(0.655180657752347,
-0.613748550209466,0.440512227779186),(0.849758322869773,-0.345072045384968,
0.398542439656538),(0.559407308632409,-0.744085336644574,0.365240297392244),
(0.572964622101452,-0.811444877587404,0.11519007100138),(0.593318279320937,
-0.403830517418332,0.696343544972799),(0.331225119292927,-0.625465383911427,
0.706458048208043),(0.188835962605882,-0.447343439232279,0.874199534775984),
(0.126428904650778,-0.546269435706331,0.828012944151171),(0.262496552616983,
-0.644412890039218,0.718211380455296),(0.53241249618509,-0.722774446293523,
0.440606438549247),(0.0509957651742505,-0.45292916394195,0.890086852158338),
(0.229475475900991,-0.607119108366266,0.760754490106081),(0.174207275341467,
-0.498354320261989,0.849290760984902),(0.499397311448511,-0.815441848932479,
0.29267202860468),(0.459496983846423,-0.792087046801143,0.401821642182055),
(0.167475845312179,-0.549372713245603,0.818621685015817),(0.372606396563186,
-0.735206648819748,0.566246992726173),(0.0542292684670753,-0.466440506669859,
0.882888690707436),(0.00252821619712447,-0.384976567913013,0.922922884254572),
(0.0588395633546427,-0.519463714706333,0.852464283643446),(0.260206450715992,
-0.652687789948521,0.711541461798188),(-0.033279416491315,-0.396709165093142,
0.917340895615746),(-0.0679115055441135,-0.427452421383281,0.901483474539773),
(0.0391765300825091,-0.457470497065522,0.888361381311298),(-0.0126053567088931,
-0.461738739771774,0.886926401217269),(-0.046267427860697,-0.449859575198158,
0.891900043570852),(-0.0981406194279239,-0.47570522995069,0.874112666088225),
(-0.0449368683725763,-0.42852562043141,0.902411475156838),(-0.114038150201009,
-0.520173230431688,0.84641308510738),(0.126492389886719,-0.580651883133276,
0.804265544403418),(0.00643120013669834,-0.526330645972087,0.850255662007262),
(-0.203789877235011,-0.548894542321647,0.8106691478933),(-0.119050588321968,
-0.568830372580062,0.813792949496751),(-0.437547851550092,-0.601315501220362,
0.668559305967693),(-0.401532273961891,-0.506594618851759,0.762976883737269),
(-0.517741674533186,-0.644668642814571,0.562446352484565),(-0.326521834920869,
-0.67205917276828,0.664620161910488),(-0.636930636919603,-0.489820052533269,
0.595311414210659),(-0.646003411833718,-0.636174504962878,0.421854940867631),
(-0.756870654042853,-0.484869966603337,0.438232733299126),(-0.69028883114748,
-0.641931063449442,0.333805091890036),(-0.660277554959091,-0.639947365762353,
0.39306604975636),(-0.706284793560738,-0.659182505957655,0.258147659730342),
(-0.919372403323597,-0.282650854023612,0.273610816172746),(-0.676896028951391,
-0.626438836363202,0.386505045614872),(-0.72737442274162,-0.623791846668425,
0.286024791183022),(-0.538068541720622,-0.682868134638844,0.494139003829398),
(-0.651842320023487,-0.64203046277914,0.403606831817798),(-0.707773299219617,
-0.580991351071164,0.401878099542986),(-0.6635527988687,-0.60597353500211,
0.438741105882001),(-0.82717705332459,-0.513196182817517,0.228927500302558),
(-0.886986340671653,-0.45418113258188,0.083514850586898),(-0.792579449857579,
-0.522543113962922,0.314271394997047),(-0.658108216904645,-0.570425032279328,
0.491435506848778),(-0.916282175773492,-0.397598241303006,-0.0484005462009649),
(-0.90213453869368,-0.406877800297133,0.143539993455857),(-0.938249073351983,
-0.276405524896947,-0.208059275593732),(-0.976390182404249,-0.18662372389603,
0.10878325874773),(-0.904606860193652,-0.19722414658439,-0.377874403068853),
(-0.751788889960675,-0.575569574153932,-0.321765644903178),(-0.834777929471143,
-0.539992273742212,0.107490244983379),(-0.82323137766907,-0.556103624557572,
0.114187817104171),(-0.892373988345338,-0.294110453157218,-0.342297686624217),
(-0.823615514764768,-0.558010718230088,0.101397841096877),(-0.836149250915091,
-0.498063108182897,-0.229755457957641),(-0.619343292934043,-0.776545347203347,
-0.11572039247449),(-0.815387564693379,-0.519818709770333,-0.254816852496271),
(-0.844771625136774,-0.306276621672815,-0.438811499827045),(-0.722505636125579,
-0.636862898880182,0.269056227946323),(-0.69287117102162,-0.720771204452375,
-0.0204551020384135),(-0.894866074144146,-0.421892462017256,-0.145675872535096),
(-0.666537032142217,-0.502326886727823,-0.550814019114781),(-0.388734103924478,
-0.778534693730735,-0.49271647740219),(-0.611714310772789,-0.78313761225641,
-0.111808238806903),(-0.5561770243575,-0.818267613254888,-0.145276394073453),
(-0.725705573116907,-0.445229115100895,-0.524521168508512),(-0.95052541195616,
-0.258013958580109,-0.173003579163537),(-0.899931041342597,-0.356194648883603,
-0.251494518697158),(-0.638711168530264,-0.521764280363144,-0.565517531940288),
(-0.345573990224497,-0.65082119468361,-0.676025435786938),(-0.472212892669131,
-0.758334962911127,-0.449380760629148),(-0.534834050759382,-0.73750641752113,
-0.412355213697438),(-0.435681062887363,-0.882297530562311,-0.178137809027127),
(-0.922348950766314,-0.355044556666356,-0.152367239923388),(-0.574889696862882,
-0.47557665402516,-0.665829319410866),(-0.572333713699053,-0.540522748644077,
-0.61665977520972),(-0.451606867168008,-0.472698662595255,-0.756708141827055),
(-0.332100429661458,-0.578150231569643,-0.745286263361028),(-0.351643431015112,
-0.649577969336827,-0.67408853956744),(-0.242410181069083,-0.507294308784839,
-0.826976292519058),(-0.255165562859541,-0.661102979764954,-0.705573090244004),
(-0.114651104884212,-0.573947637813786,-0.810826265729475),(-0.340061179900846,
-0.669708802008555,-0.660188241668019),(-0.151583320573964,-0.926803304312369,
-0.343595884782464),(-0.630442424704831,-0.694431967235424,-0.346852406671529),
(-0.182126641554937,-0.724998887825131,-0.664233768404048),(-0.118238656653914,
-0.904893642563055,-0.408885210935348),(-0.113847361487784,-0.658092179802514,
-0.744280498982101),(-0.091772476655288,-0.752981594311697,-0.651610720565868),
(-0.00345002525206931,-0.539210799085636,-0.842163767610071),(0.0169568496812597,
-0.59244329946331,-0.805433673352383),(-0.0233954956234953,-0.617788162433602,
-0.78599646127794),(-0.158408452826658,-0.697125761342418,-0.699229887051332),
(-0.0286349802359192,-0.545107245764236,-0.837877155985421),(-0.0872886275504699,
-0.512953330913687,-0.853966964117997),(0.0147811943678742,-0.633711199337033,
-0.773428491929201),(-0.064525262014327,-0.355253459639845,-0.932540331554568),
(-0.227469518659031,-0.544897600403734,-0.807058996081006),(-0.167844123166229,
-0.394839962786869,-0.903288300657672),(0.491458598254099,-0.67794038538758,
-0.546685723302388),(0.274809236599357,-0.452628386291393,-0.848296780262031),
(0.230843911000947,-0.829006057043557,-0.509372207858735),(0.656805284418384,
-0.679249293126019,-0.327455670508069),(0.358753325193071,-0.899285619833083,
-0.25016279824215),(0.51538317232241,-0.850461910876811,-0.105331494979665),
(0.735003121704388,-0.666473433901031,-0.124834181973424),(0.146850284680554,
-0.907073708627139,-0.394527921707257),(0.599521454854889,-0.799528978508391,
-0.0364340183620642),(0.355776844042903,-0.93425134052518,0.0244391073850245),
(0.76096155179946,-0.647438627865389,-0.0419611705120433),(0.432005717324866,
-0.901243484505124,0.0336339387477884),(0.645026693374781,-0.76411891808172,
0.00792741216396897),(0.0315680879176235,-0.646359500244589,-0.76237972970744),
(0.0107678913995616,-0.88275362149857,-0.469712780586144),(0.310485651775135,
-0.948974627556922,0.0551889146022194),(0.514274327131603,-0.855678360219693,
0.0577621009406168),(0.370329471475093,-0.925992737055957,0.0734406799845653),
(0.618835584084374,-0.784601484660753,0.0379872365287976),(0.756593373257242,
-0.653572957254311,-0.0202202148624112),(0.468444710980407,-0.879870564082888,
0.0799208559447585),(0.711082991771575,-0.702171388869833,-0.0362811172071076),
(0.573054391050822,-0.818892371507362,0.0319991997465427),(0.616692884857858,
-0.787016312480852,-0.0171816662386153),(0.535523501574537,-0.844082182325996,
0.0272001606820917),(0.439321927180411,-0.896410962951467,0.0586824488148945),
(0.557182315292126,-0.826088437615737,0.0844142213332364),(0.452954059879256,
-0.891529733017002,0.00271197078382012),(0.522235199801182,-0.851216351335129,
0.0519722936604744),(0.379935059089203,-0.923331683294523,0.055749022407453),
(0.402442040980596,-0.915328939657072,-0.0146060219646946),(0.481062010476262,
-0.876658390663174,-0.00702909356830204),(0.413085892953955,-0.907619335638369,
-0.0747474856954972),(0.51070517630886,-0.845690172741764,0.154881743983407),
(0.508520638953077,-0.827074258732519,0.239488893898671),(0.486454302182598,
-0.871795502880635,0.05774784017729),(0.474447442587582,-0.816968323409734,
0.327814555453522),(0.487574620541763,-0.831721873090599,0.265536655146182),
(0.43704679220188,-0.796591954218479,0.41764980533987),(0.437161408800689,
-0.82790253614727,0.351379130422277),(0.463469104978246,-0.86877488920898,
0.174432166215375),(0.335481895958996,-0.76145995787652,0.554644597949395),
(0.382440394047965,-0.875048546103494,0.296697467064684),(0.343851584164228,
-0.827871335871562,0.443164912092538),(0.273827389151436,-0.887055535299,
0.37168674747146),(0.0973270006608747,-0.874629444822724,0.474921876934988),
(0.170080813246283,-0.731894812368429,0.659850362274406),(0.01663801389261,
-0.933866991966532,0.357233282056825),(-0.0334361897625068,-0.762072713622664,
0.646627559237893),(-0.138087858646364,-0.90430158559371,0.403943542573914),
(-0.178112312200697,-0.820864382849108,0.542639538931945),(-0.254637178330301,
-0.923370604603647,0.287309300172963),(-0.1757149476185,-0.940262284681353,
0.291600914246217),(-0.268492916468086,-0.84879796199753,0.455470716419071),
(-0.328364863201623,-0.924531852537945,0.19343570057602),(-0.254050244179452,
-0.945882068138142,0.201904894955702),(-0.329097235926438,-0.933394828801882,
0.143070272493921),(-0.376534080816997,-0.918756291985548,0.118781151367823),
(-0.194826752641976,-0.957702980465755,0.211772372282107),(-0.258941801540572,
-0.944740951366089,0.201031535403826),(-0.453845728341927,-0.683739190306404,
0.571423463383268),(-0.230186218732514,-0.964976068849437,0.125839148334345),
(-0.592598141097391,-0.610568833546693,0.525388563512137),(-0.28490104987827,
-0.921604974366674,0.263582364737973),(-0.159211275408554,-0.946756713948112,
0.279827615465224),(-0.302013247423937,-0.888280261488477,0.346043603365833),
(-0.643120538259388,-0.569141131001191,0.512322502210903),(-0.292573685240148,
-0.877339774333921,0.380362404920233),(-0.0199504987363622,-0.986036752609342,
0.165328461263614),(-0.105006676730966,-0.983191216766556,0.149360734850286),
(-0.518379881011637,-0.770838104546897,0.370257904089715),(-0.00788430440400805,
-0.981608717029918,0.19074109257038),(-0.229848102413618,-0.95013807615093,
0.210730837954648),(-0.31712240112304,-0.941323361824259,0.115514982534006),
(-0.180022278921217,-0.970869020050783,0.158130721232924),(-0.0385234874932651,
-0.981814557282617,0.185892754079589),(-0.0613112433831966,-0.985815955916171,
0.156230062714872),(-0.247304469762387,-0.968619855239434,0.0248208636328873),
(-0.511305712334428,-0.85286509827314,0.105771417130199),(-0.0850507880212432,
-0.994398636209736,0.0627512211927646),(-0.470841545340501,-0.870633598121636,
-0.14249693682021),(-0.302958305496808,-0.947775929537864,-0.099684765732488),
(-0.416038805465189,-0.874025793105473,-0.250979332482672),(-0.36822199226387,
-0.911287586421367,-0.184302738035945),(-0.169961678987705,-0.985203370057033,
0.0220759440102875),(-0.352058454205051,-0.886715285502431,-0.299651209373653),
(-0.259977215753876,-0.965330221152702,-0.0234395268326683),(-0.461296018144425,
-0.855030415221609,-0.236915539148576),(-0.127980349324425,-0.986054115667532,
0.106387551724432),(-0.187118003173337,-0.978855322066083,0.0826384374932661),
(-0.396563058833889,-0.917987768577347,-0.00601640346832177),(-0.252554050295488,
-0.95746486336489,0.13956176804912),(-0.557803720972264,-0.783858490236398,
-0.272801899102282),(-0.327385400971529,-0.870767303760496,-0.366855696333569),
(-0.613553694134114,-0.77653448629173,-0.143338954977427),(-0.309117906790513,
-0.948597865473165,0.0678837927726984),(-0.395633453390349,-0.834570395282063,
-0.383362003695159),(-0.301347308116142,-0.750701385409848,-0.587909202032839),
(-0.600086029990573,-0.710447313992876,-0.367642993473915),(-0.386125925705234,
-0.67922938543518,-0.624142781308591),(-0.552935829850753,-0.654504958558279,
-0.515640598954238),(-0.592026087912599,-0.763680754178673,-0.257481682703832),
(-0.315031652636119,-0.947218269517412,-0.0594357445464914),(-0.413342843947188,
-0.546522983492505,-0.728327070670933),(-0.536232339303762,-0.74934969889525,
-0.388496984609164),(-0.300625552592883,-0.929936082841677,-0.211762033795727),
(-0.444881168071704,-0.625059716262426,-0.641389972950227),(-0.286988077144098,
-0.947410024268745,0.141605400646409),(-0.362893222326591,-0.821891492991159,
-0.439093250845633),(-0.258018055114027,-0.715625805937185,-0.649081188382416),
(-0.352132334070615,-0.495328149486262,-0.794136539663361),(-0.195580822989662,
-0.566484278933895,-0.800527140951156),(-0.0963848197552505,-0.822855285291873,
-0.560017094371214),(-0.36049975783188,-0.930717265851867,0.0616870784555505),
(-0.306485887763881,-0.94677887159697,0.0983675195334021),(-0.212980936506576,
-0.967260761529456,0.13800630380616),(-0.262822900823994,-0.963014648060374,
0.0593877969250872),(-0.218585178719868,-0.970882493300949,0.0980188953505236),
(-0.228435174812469,-0.963408430706989,0.140219708140811),(0.466926749297619,
-0.884291341619461,-0.00286948204606189),(0.460135976948362,-0.886491307168148,
-0.0490718354362754),(0.375047017878287,-0.920890045308336,-0.106307379013007),
(0.388559784932064,-0.920975383524213,0.0287338907211929),(0.368313710977218,
-0.929096556063592,0.0335350535553919),(0.303295609176735,-0.950780353781239,
0.0634704050541285),(0.297364079145935,-0.952203454092509,0.0698797999996113),
(0.337867352006148,-0.941190629465371,-0.00241897807598052),(0.364371447914338,
-0.930996340329752,-0.0218920587752055),(0.314069687317003,-0.948444063542399,
-0.0425921335434352),(0.180910361879672,-0.972763086091226,-0.144925564697332),
(0.11928485213958,-0.975612191058844,-0.184260621694924),(0.003820858519116,
-0.955348979979591,-0.295455119251861),(-0.0159665393208044,-0.920450335262374,
-0.390533289154077),(0.446267297381853,-0.893283367941538,0.0537617321755892),
(0.426744710150127,-0.895376925567164,0.12723644729706),(-0.193731812321279,
-0.875895810690055,-0.441898759570926),(-0.0612216986942166,-0.904418707430474,
-0.422230630412794),(0.0291347144428738,-0.951153766269484,-0.307339683942227),
(0.305650041488445,-0.951424837630713,0.0369977090842653),(0.332005868591653,
-0.942914046051917,0.0261764202805754),(0.391423687726165,-0.917508281241327,
-0.0704702103050302),(-0.273928235804188,-0.916933990973017,-0.29016439793245),
(-0.326535687515015,-0.922986486651039,-0.203642800606032),(-0.303200049447136,
-0.941328998675833,-0.148220937344249),(-0.346263906776678,-0.937556061651007,
-0.0330142109583963),(-0.326422347685819,-0.940700325035136,0.0923653041464538),
(-0.187129878050771,-0.965777956786335,0.179597736417572),(-0.313464714758048,
-0.949577194283835,-0.00655932143554975),(-0.329738023595248,-0.943507810089643,
0.032647329069108),(-0.334265619914718,-0.941989089575035,0.0303817455822647),
(-0.359898677608999,-0.919160255109297,0.160054263556789),(-0.375277898294767,
-0.92461265134323,0.0652529235169231),(-0.249842117338343,-0.967675623927513,
0.0343919069025359),(-0.229322498365072,-0.967152137953234,0.109671937140229),
(-0.207710331674489,-0.962658231945307,0.173624729182251),(-0.185528369747654,
-0.949102906438331,0.254524845563437),(-0.0733376315355444,-0.950319388050861,
0.302513888103331),(0.030948105303543,-0.93266265947145,0.359419780209385),
(0.21368028935728,-0.916077320637027,0.339327388453505),(0.296614400100639,
-0.912386976465904,0.282081376252217),(0.349173717733155,-0.905322400666737,
0.241803775188526),(-0.998919423694668,0.0151367028774305,0.0439416111619973),
(-0.992833577344221,-0.0983495950607362,0.0678884736112526),(-0.967341020808563,
-0.0897565834532004,0.237055067838373),(-0.905625652398031,-0.131789120340914,
0.403080395800155),(-0.978419427647755,-0.0800901448309552,-0.190475700031252),
(-0.678336188946637,0.256120124862345,-0.688667188419667),(0.0309199730166054,
0.114147144591676,-0.992982570164361),(0.0748657000878617,-0.262432499624015,
-0.962041740306233),(-0.0945016624842278,-0.157283446811188,-0.983021542565019),
(-0.0440359208072945,-0.196819204464685,-0.979450375686559),(0.0286972709951251,
-0.145803525923037,-0.988897263858002),(-0.218652698308283,0.103752143856187,
-0.970271348730731),(-0.0849186962281666,0.0969240928516585,-0.99166251076452),
(-0.41182736312443,-0.272217532332319,0.86965271118584),(-0.0629587167878859,
0.0878838301266474,0.994139141359344),(-0.00275155360791489,0.0648695183494764,
0.997889961138927),(-0.0166927873716317,0.153963965816741,0.98793544732424),
(0.277206282357112,-0.192271393405048,-0.941375795471623),(-0.0800027701692312,
-0.065637492980537,-0.994631226274582),(0.131037638541639,-0.144032539513144,
-0.980858687501327),(0.835952655013737,0.0526881825225333,-0.546266522860367),
(0.69764008702162,0.163084695667413,-0.69764008702162),(0.298833662341661,
0.0350439183663935,-0.953661557386581),(0.96323932968019,0.249009250447812,
-0.100818584341768),(0.965314633609995,0.205468646159822,0.161090948174163),
(0.974700576413617,0.177218286601482,0.136207434573148),(0.951889833144325,
0.303408272587861,-0.0430019264884708),(0.887250074096284,-0.0156661830536435,
0.461022642312359),(0.926008872390987,0.106575107140802,0.362145433204811),
(0.0264918071887696,0.155425659710972,0.987492302985336),(-0.392385954325376,
0.0536841768793461,0.918232689464359),(0.946658160996496,0.24288585850994,
0.211765875330805),(0.585425795597684,0.264718968108766,0.766290092440356),
(0.168326370863037,0.137764951710098,0.976056889198777),(0.0254425580192682,
0.0803403832178177,0.996442722421038),(0.459006085297691,0.27410166800829,
0.845092710449429),(-0.944554951016891,-0.284660396196842,-0.163659412642644),
(-0.998581145918108,0.051874345242506,0.012031098143562),(-0.976994023591307,
-0.16303939231832,-0.137480305568985),(0.94062846667933,0.21497778778291,
-0.262683532853619),(0.949707825390971,0.28471632947889,0.130352054526275),
(0.94062846667933,0.21497778778291,-0.262683532853619),(0.946331027252632,
-0.157274644005468,-0.28235132939643),(0.946331027252632,-0.157274644005468,
-0.28235132939643),(0.962882203023177,-0.153139342847741,0.222275065568309),
(0.962882203023177,-0.153139342847741,0.222275065568309),(0.985967018545493,
0.138428830902971,-0.0933086122249581),(0.941909300110806,0.220223733110773,
0.253590965413846),(0.568457280279193,0.249151421393647,0.784079007316934),
(0.0523753136247345,0.181273001054065,0.982037130464813),(-0.30725460301018,
0.154758577659544,0.938959206552581),(0.985967018545493,0.138428830902971,
-0.0933086122249581),(0.933105368067625,0.141883344761376,0.330429248951581),
(0.980341937787993,0.178243988669439,0.0846094883407977),(0.857129792734334,
-0.233999472351918,0.458882082180402),(0.88821563200094,0.0983528920336,
-0.448775778867129),(0.994116903881355,0.0722221682342445,0.0807188939028156),
(-0.129585104960378,-0.0298854117306669,-0.99111783494098),(0.387699341832467,
-0.0142393748251051,-0.921675897779291),(-0.411512927556363,-0.276135938309966,
0.868565515103879),(-0.0334364593152054,0.15389931958777,0.987520634021834),
(0.341984040218357,-0.246400613645697,-0.906826143111761),(-0.638281672297077,
0.217172642725988,-0.738534054774089),(-0.049905925263304,0.18493277933361,
-0.981483196876829),(-0.0877802007754597,-0.130733554698443,0.987523859978952),
(-0.164324536187059,-0.228101838716416,0.959670254817298),(-0.684097809486781,
-0.253022477481411,0.684097809486741),(-0.760476346636051,-0.190312284593269,
0.620851802397299),(-0.952579344415602,0.272165526976184,-0.136082763487952),
(-0.747988543476542,0.330841086534851,-0.575375802661426)),$,(404,404,404,
378,378,377,423,402,402,351,352,410,426,438,438,438,299,299,300,346,346,
370,290,290,290,388,388,411,398,398,398,431,441,441,441,422,405,435,435,
435,432,432,420,420,420,419,399,403,403,409,418,390,390,390,413,413,415,
429,429,429,429,391,391,401,421,421,421,421,406,406,385,385,382,382,382,
389,389,389,389,357,373,373,373,373,355,392,381,381,349,349,369,301,301,
301,301,304,304,304,295,341,217,124,215,130,79,288,213,82,137,53,53,52,
89,34,25,38,27,12,59,59,46,14,35,8,7,26,2,2,15,1,1,9,9,11,11,23,13,17,24,
18,29,36,20,20,20,28,41,41,41,47,47,39,76,54,74,40,45,45,83,83,83,61,125,
127,90,218,216,216,216,214,214,135,212,212,360,334,372,372,344,359,359,
386,386,386,319,324,324,365,333,333,333,305,305,394,394,338,338,338,367,
282,271,255,255,255,283,314,238,323,342,330,366,393,393,347,335,395,395,
368,400,400,400,400,380,380,354,396,364,379,336,337,362,340,371,387,358,
339,376,363,361,343,345,345,331,329,320,332,328,308,316,270,280,258,285,
211,208,147,156,206,96,162,108,241,204,121,174,88,69,101,143,58,72,49,68,
94,37,37,86,62,115,106,75,100,56,30,67,93,32,48,33,44,44,44,44,64,51,63,
63,63,55,55,84,81,66,66,66,66,85,65,65,57,73,73,73,91,91,60,60,71,70,87,
92,97,104,109,95,95,95,105,105,123,118,155,146,166,144,210,209,207,207,
177,205,294,272,272,315,278,291,318,250,306,276,322,287,311,235,230,267,
297,279,313,326,293,327,312,325,309,289,321,284,307,274,269,281,263,298,
317,277,310,286,292,275,268,273,253,254,242,232,236,231,221,223,184,191,
226,154,194,170,182,190,151,134,134,165,117,117,138,110,110,122,122,152,
102,141,114,178,161,126,148,111,98,132,99,113,103,116,136,107,140,119,153,
159,145,160,131,112,149,149,120,120,142,139,150,158,158,157,163,163,164,
168,173,187,183,203,202,193,185,169,189,176,181,262,259,256,245,248,252,
260,266,265,264,249,240,234,225,261,257,188,201,228,251,246,247,180,175,
172,167,171,179,195,196,197,200,198,199,192,186,227,229,233,237,239,244,
4,5,10,19,16,22,43,222,219,128,78,78,77,243,133,129,220,348,374,350,424,
397,397,436,439,434,440,430,408,353,296,427,416,383,356,384,3,3,6,428,428,
425,425,412,412,414,414,417,417,303,303,407,407,433,433,437,437,375,375,
224,224,302,42,42,80,50,50,31,21,21),((1,4,6),(7,8,2),(3,9,5),(6,10,11),
(6,4,10),(7,12,8),(13,12,7),(14,13,7),(11,10,17),(11,17,19),(4,20,10),(9,
22,5),(5,22,21),(10,23,17),(10,20,23),(12,26,8),(9,27,22),(13,28,12),(28,
29,12),(12,31,26),(32,28,13),(33,13,14),(33,32,13),(32,36,28),(36,37,28),
(28,37,29),(38,32,35),(38,41,32),(41,36,32),(43,46,41),(41,46,36),(43,47,
46),(48,47,43),(46,50,36),(36,50,37),(47,51,46),(46,51,50),(48,52,47),(54,
55,47),(47,55,51),(57,53,49),(58,57,49),(57,62,53),(63,64,54),(54,64,55),
(65,57,61),(65,69,57),(71,70,68),(69,62,57),(71,73,70),(73,76,70),(69,79,
62),(80,74,72),(73,81,76),(85,82,75),(80,85,74),(78,86,63),(63,86,64),(84,
87,77),(78,88,86),(85,89,82),(90,91,83),(84,91,87),(92,89,85),(96,85,80),
(96,92,85),(95,99,90),(99,100,90),(90,100,91),(101,99,95),(102,103,101),
(101,103,99),(102,104,103),(105,104,102),(103,106,99),(99,106,100),(104,
107,103),(103,107,106),(105,108,104),(108,109,104),(104,109,107),(110,108,
105),(110,112,108),(112,113,108),(108,113,109),(114,112,110),(115,116,114),
(114,116,112),(115,117,116),(118,117,115),(116,119,112),(112,120,113),(117,
121,116),(116,121,119),(118,122,117),(122,123,117),(117,123,121),(124,122,
118),(124,125,122),(125,126,122),(122,126,123),(127,125,124),(129,130,128),
(127,131,125),(129,132,130),(134,132,129),(131,136,125),(125,136,126),(133,
137,131),(131,137,136),(135,138,133),(138,139,133),(133,139,137),(140,138,
135),(140,141,138),(141,142,138),(138,142,139),(143,146,140),(147,146,145),
(146,141,140),(147,150,146),(150,152,146),(146,152,141),(153,151,149),(150,
154,152),(155,154,151),(153,155,151),(152,156,141),(141,156,142),(154,157,
152),(152,158,156),(155,159,154),(159,162,154),(154,162,157),(163,160,155),
(163,164,161),(164,165,159),(159,165,162),(166,167,163),(167,164,163),(19,
170,169),(167,171,164),(19,17,170),(171,172,164),(164,172,165),(18,173,
171),(171,173,172),(17,23,174),(27,175,22),(22,175,176),(22,176,21),(27,
177,175),(31,178,26),(177,179,175),(177,180,179),(182,180,177),(30,182,
177),(175,179,185),(175,185,176),(180,186,179),(184,188,181),(188,189,181),
(180,191,186),(179,192,185),(179,186,192),(37,183,29),(194,188,184),(37,
195,183),(188,196,189),(199,197,188),(194,199,188),(21,176,200),(21,200,
24),(176,185,201),(176,201,200),(185,192,202),(185,202,201),(187,205,193),
(190,206,187),(187,206,205),(193,207,203),(193,205,207),(198,208,190),(190,
208,206),(199,209,197),(209,210,198),(198,210,208),(211,209,199),(212,199,
194),(212,211,199),(211,214,209),(214,215,209),(209,215,210),(50,195,37),
(50,213,195),(51,213,50),(51,216,213),(56,216,51),(217,211,212),(217,218,
211),(219,218,217),(56,220,216),(218,214,211),(222,223,218),(223,225,218),
(218,225,214),(64,220,56),(226,224,221),(64,226,220),(223,227,225),(228,
227,224),(226,228,224),(225,229,214),(214,229,215),(227,230,225),(225,230,
229),(228,231,227),(231,232,227),(227,232,230),(233,231,228),(234,228,226),
(234,233,228),(233,235,231),(235,236,231),(231,236,232),(86,226,64),(86,
234,226),(88,234,86),(88,237,234),(91,237,87),(237,233,234),(237,238,233),
(239,238,237),(91,239,237),(238,235,233),(239,240,238),(240,241,238),(238,
242,235),(100,239,91),(243,240,239),(100,243,239),(240,244,241),(245,244,
240),(243,245,240),(242,246,235),(235,246,236),(244,247,241),(242,247,246),
(245,248,244),(248,249,244),(244,249,247),(250,248,245),(251,245,243),(251,
250,245),(250,252,248),(252,253,248),(248,253,249),(106,243,100),(106,251,
243),(107,251,106),(107,254,251),(109,254,107),(254,250,251),(254,255,250),
(256,255,254),(109,256,254),(255,252,250),(256,257,255),(257,258,255),(255,
258,252),(113,256,109),(259,257,256),(113,259,256),(257,260,258),(261,260,
257),(259,261,257),(258,262,252),(252,262,253),(260,263,258),(258,263,262),
(261,264,260),(264,265,260),(260,265,263),(266,264,261),(267,261,259),(267,
266,261),(266,268,264),(268,269,264),(264,269,265),(120,259,113),(120,267,
259),(121,267,119),(121,270,267),(123,270,121),(270,266,267),(270,271,266),
(272,271,270),(123,272,270),(271,268,266),(272,273,271),(273,274,271),(271,
274,268),(126,272,123),(275,273,272),(126,276,272),(273,277,274),(278,277,
273),(275,278,273),(274,279,268),(268,279,269),(277,280,274),(274,280,279),
(278,281,277),(281,282,277),(277,282,280),(283,281,278),(284,278,275),(284,
283,278),(283,285,281),(285,286,281),(281,286,282),(136,276,126),(136,284,
276),(137,284,136),(137,287,284),(139,287,137),(287,283,284),(287,288,283),
(289,288,287),(139,289,287),(288,285,283),(289,290,288),(293,294,288),(288,
294,285),(142,289,139),(295,291,289),(142,295,289),(293,296,294),(299,297,
292),(295,300,291),(294,301,285),(285,301,286),(296,302,294),(294,302,301),
(299,303,297),(306,307,298),(298,307,302),(308,304,300),(310,300,295),(310,
308,300),(308,311,304),(313,314,305),(306,315,307),(156,295,142),(156,310,
295),(158,310,156),(158,316,310),(162,317,157),(316,309,310),(317,318,308),
(319,318,317),(162,319,317),(318,311,308),(319,320,318),(320,321,318),(318,
321,312),(165,319,162),(322,320,319),(165,322,319),(320,323,321),(324,323,
320),(322,324,320),(321,325,312),(313,327,314),(323,328,321),(321,328,325),
(324,330,323),(330,331,323),(323,331,328),(332,330,324),(333,324,322),(333,
332,324),(332,334,330),(334,335,330),(330,335,331),(172,322,165),(172,333,
322),(173,333,172),(173,336,333),(25,336,173),(336,332,333),(336,337,332),
(200,337,336),(24,200,336),(337,334,332),(200,201,337),(201,338,337),(337,
338,334),(201,202,338),(338,340,334),(334,340,335),(204,341,339),(339,341,
340),(204,207,341),(208,342,206),(206,342,343),(206,343,205),(208,345,342),
(210,345,208),(345,346,342),(345,347,346),(348,347,345),(210,348,345),(342,
346,349),(342,349,344),(348,350,347),(350,351,347),(215,348,210),(352,350,
348),(215,352,348),(350,353,351),(354,353,350),(352,354,350),(205,343,355),
(205,355,207),(344,349,356),(344,356,355),(353,357,351),(354,358,353),(358,
359,353),(353,359,357),(360,358,354),(361,354,352),(361,360,354),(360,362,
358),(358,362,359),(229,352,215),(229,361,352),(230,361,229),(230,363,361),
(232,363,230),(363,360,361),(363,364,360),(365,364,363),(232,365,363),(364,
362,360),(365,366,364),(366,367,364),(364,367,362),(236,365,232),(368,366,
365),(236,368,365),(366,369,367),(370,369,366),(368,370,366),(362,367,371),
(362,371,359),(367,369,372),(367,372,371),(370,373,369),(369,373,374),(369,
374,372),(375,373,370),(376,370,368),(376,375,370),(375,377,373),(377,374,
373),(246,368,236),(246,376,368),(247,376,246),(247,378,376),(249,378,247),
(378,375,376),(378,379,375),(380,379,378),(249,380,378),(379,377,375),(380,
381,379),(381,382,379),(379,382,377),(253,380,249),(383,381,380),(253,383,
380),(381,384,382),(385,384,381),(383,385,381),(385,386,384),(387,386,385),
(388,385,383),(388,387,385),(387,389,386),(262,383,253),(262,388,383),(263,
388,262),(263,390,388),(265,390,263),(390,387,388),(390,391,387),(392,391,
390),(265,392,390),(391,389,387),(392,393,391),(393,394,391),(391,394,389),
(269,392,265),(395,393,392),(269,395,392),(393,396,394),(397,396,393),(395,
397,393),(397,398,396),(396,398,399),(400,398,397),(401,397,395),(401,400,
397),(400,403,398),(403,399,398),(279,395,269),(279,402,395),(280,402,279),
(280,404,402),(282,404,280),(405,400,401),(405,406,400),(407,406,405),(282,
408,404),(406,403,400),(407,409,406),(410,411,406),(406,411,403),(286,408,
282),(412,409,407),(286,412,408),(410,413,411),(414,413,410),(412,414,409),
(411,415,403),(403,415,399),(413,416,411),(411,416,415),(414,417,413),(417,
418,413),(413,418,416),(419,417,414),(420,414,412),(420,419,414),(419,421,
417),(417,421,418),(301,412,286),(301,420,412),(302,420,301),(302,422,420),
(307,422,302),(422,419,420),(422,423,419),(424,423,422),(307,424,422),(423,
421,419),(424,425,423),(425,426,423),(423,426,421),(315,424,307),(427,425,
424),(315,427,424),(425,428,426),(429,428,425),(427,429,425),(421,426,430),
(421,430,418),(426,428,431),(426,431,430),(429,432,428),(428,432,433),(428,
433,431),(434,432,429),(435,429,427),(435,434,429),(434,436,432),(437,433,
432),(326,427,315),(326,435,427),(329,435,326),(329,438,435),(331,439,328),
(438,434,435),(438,440,434),(441,440,439),(331,441,439),(440,436,434),(441,
442,440),(442,443,440),(440,443,436),(335,441,331),(445,442,441),(335,445,
441),(442,446,443),(448,446,442),(445,448,442),(444,449,437),(437,449,433),
(448,450,446),(451,450,448),(452,448,445),(452,451,448),(340,445,335),(340,
452,445),(341,452,340),(341,453,452),(207,453,341),(453,451,452),(453,454,
451),(355,454,453),(207,355,453),(355,356,454),(415,455,399),(415,456,455),
(416,456,415),(416,457,456),(418,457,416),(457,458,456),(457,459,458),(430,
459,457),(418,430,457),(430,431,459),(431,460,459),(431,433,460),(449,460,
433),(377,461,462),(372,374,463),(372,464,465),(357,466,467),(347,351,468),
(347,469,470),(346,471,472),(356,349,473),(454,356,474),(377,382,475),(475,
461,377),(475,382,476),(477,454,478),(474,478,454),(474,356,479),(473,479,
356),(473,349,472),(472,349,346),(471,346,470),(470,346,347),(468,469,347),
(468,351,467),(467,351,357),(466,357,480),(480,357,481),(481,371,465),(465,
371,372),(464,372,482),(463,482,372),(463,374,462),(462,374,377),(359,371,
481),(359,481,357),(450,483,484),(444,447,485),(444,486,487),(460,449,488),
(456,458,489),(456,490,491),(492,455,493),(493,455,491),(491,455,456),(489,
490,456),(489,458,494),(494,458,495),(495,460,496),(488,496,460),(488,449,
487),(487,449,444),(485,486,444),(485,447,484),(484,447,450),(483,450,477),
(492,399,455),(459,460,495),(454,477,451),(451,477,450),(459,495,458),(394,
497,498),(386,389,499),(386,500,501),(382,384,502),(502,476,382),(502,384,
501),(501,384,386),(499,500,386),(499,389,498),(498,389,394),(497,394,492),
(396,399,492),(394,396,492),(503,127,124),(504,124,118),(503,124,504),(505,
118,115),(504,118,505),(506,115,114),(505,115,506),(507,140,135),(143,140,
507),(148,144,508),(153,149,509),(510,166,511),(511,166,512),(512,153,513),
(514,153,515),(509,515,153),(512,163,155),(166,163,512),(512,155,153),(93,
98,516),(102,101,517),(517,518,102),(517,101,519),(11,19,520),(6,11,521),
(521,11,522),(520,522,11),(523,2,524),(525,1,6),(523,7,2),(15,7,523),(34,
16,526),(39,34,527),(527,528,39),(527,34,529),(526,529,34),(42,40,530),
(44,42,531),(530,531,42),(97,80,532),(516,98,533),(66,60,534),(72,67,535),
(80,72,536),(532,80,537),(536,537,80),(536,72,538),(535,538,72),(539,129,
128),(541,134,129),(541,129,539),(507,135,541),(542,59,544),(534,60,543),
(545,58,49),(49,546,545),(48,43,548),(548,547,48),(534,550,66),(535,67,
551),(532,552,97),(533,98,553),(549,45,554),(531,555,44),(556,39,528),(530,
40,557),(558,15,523),(526,16,559),(521,560,6),(525,6,561),(516,562,93),
(101,94,563),(563,519,101),(564,168,166),(564,166,510),(564,19,169),(520,
19,564),(508,565,148),(509,149,566),(567,102,518),(568,111,105),(567,105,
102),(568,105,567),(570,110,569),(571,143,507),(508,144,572),(570,114,110),
(506,114,570),(540,127,503)),());
#1819=COMPLEX_TRIANGULATED_FACE('ConvergentBody',#1829,566,((-0.810925686675444,
-0.0623463767998558,-0.5818182362129),(-0.174761218404888,-0.110902203343445,
-0.978345142490731),(-0.793575633173741,-0.133835206919055,-0.593570427010839),
(-0.686209570366766,-0.486979393505227,-0.540340166782315),(-0.855377992013176,
-0.513375583940169,-0.0690941429760625),(-0.983718901728682,-0.120185840309684,
-0.133613196095184),(-0.816218694639477,-0.057299574140088,-0.574894600187194),
(-0.992803037659895,-0.0569421726599811,-0.105355196293522),(-0.782545935838643,
-0.144228833583642,-0.605656587403724),(-0.183922464173617,-0.18831283933211,
-0.964733539229866),(-0.895280804216305,-0.324473072533998,-0.305269564159536),
(-0.686209570366766,-0.486979393505227,-0.540340166782315),(-0.989000139540769,
-0.144565868789795,-0.0312959033963157),(-0.829701732041792,-0.539803500355525,
-0.142152090560684),(-0.999949332388889,-0.00781984538314602,-0.00633898045419487),
(-0.686209570366766,-0.486979393505227,-0.540340166782315),(-0.907934145362066,
-0.279463242986831,-0.312339372325903),(-0.930252658009695,-0.366643065636775,
0.0142427064269808),(-0.0939192801267946,-0.173237187008091,-0.980391781818875),
(-0.249972518947313,-0.264053806694473,-0.931552106401619),(-0.905805169424642,
-0.288880424157922,-0.309943697438641),(-0.903082586983862,-0.41139566173503,
-0.123269828393373),(-0.0956599449842007,-0.212563982636787,-0.972453458120854),
(0.126405947867597,-0.211355240422625,-0.96920095887777),(-0.979310387774388,
-0.198524514432855,-0.0392324045449192),(-0.997186001954283,0.0743674617012254,
-0.0094635166059057),(-0.925448183297122,-0.354216304602515,-0.134448761934778),
(-0.95748466297882,-0.281219608613371,-0.0643323549365135),(-0.942968252022889,
-0.312026724096829,-0.115974993538687),(-0.937971072859247,-0.304075539504931,
-0.166578308173837),(-0.483824846437257,-0.156744073992361,-0.861013828714871),
(-0.497468338163031,-0.497468338163089,-0.710669054518745),(-0.890664174717394,
-0.345688595296739,-0.295324775385931),(0.108166270291895,-0.107270830917953,
-0.988328400282676),(-0.0326905918022965,0.0407022811462355,-0.998636395049323),
(-0.104546105205496,-0.412210357667317,-0.90507056792172),(-0.520511772408177,
-0.488739098016945,-0.700143977231884),(-0.559320874407907,-0.122687571609954,
-0.819821882620869),(0.205070871742118,-0.253955679964231,-0.9452261370576),
(-0.266607674646578,-0.175817333634677,-0.947633163736441),(0.0794570029005876,
-0.0250110984314453,-0.996524475186289),(-0.267916884428569,-0.0631891576149136,
-0.961367605756511),(0.024987344983189,-0.0189919036832919,-0.999507348739956),
(-0.172985400567595,-0.386283902422479,-0.906013685282805),(-0.261397508087002,
-0.147510565352886,-0.953893063123523),(-0.132606215098629,-0.0761206552819165,
-0.988241487469873),(0.22921239459004,-0.147821513217892,-0.962086523341988),
(-0.0841637900528889,-0.153726951896912,-0.984522463280761),(-0.21635253045267,
-0.180852065523113,-0.959418632799442),(0.00730784710281215,-0.0235962973262955,
-0.99969485850594),(0.470202088545682,-0.0544018759776861,-0.880880486682153),
(-0.260201447981906,-0.20012810307325,-0.94458665501288),(0.197516176726319,
-0.247280353282266,-0.948598854528096),(0.269197448946948,-0.226616352033525,
-0.936043675514916),(-0.247869494224876,0.0577604142505655,-0.967070032819913),
(0.0598796403236159,-0.112551401531847,-0.991840012647167),(-0.104252022200134,
-0.225633784967447,-0.968618041824767),(0.332847897961817,-0.225260129439555,
-0.915680157537158),(-0.0293736986300315,0.0154304872550068,-0.999449391360996),
(-0.0293736986300315,0.0154304872550068,-0.999449391360996),(0.22616633988856,
-0.229604068254895,-0.946641832237628),(-0.176025970336305,-0.330223979950971,
-0.927344046636685),(0.449389084501623,-0.252682460472313,-0.856855311531913),
(0.680137481603075,0.0282553159813366,-0.732539857780736),(0.474662086703055,
-0.19750949958031,-0.857721342291445),(0.44821863730612,-0.055119276638719,
-0.892223020614392),(0.447869826861408,-0.42243401264098,-0.788011499377498),
(-0.0817595111175913,-0.408019344947842,-0.909305007404087),(-0.0293736986300315,
0.0154304872550068,-0.999449391360996),(0.556866297245293,-0.328017133993813,
-0.763088911463665),(0.610511245643199,0.0736362248035436,-0.788577025622654),
(0.968223969176975,-0.101610682169819,-0.228511738823565),(0.947237724543485,
-0.0462754074534664,-0.31717389531091),(0.943508102038052,-0.256328790727103,
-0.209971456233781),(0.685408290791353,-0.184803719923371,-0.704317442647107),
(0.838818349671535,-0.127252734876613,-0.529330253925415),(0.936825929637769,
0.0756311780612764,-0.341521745227729),(0.564702629223743,-0.261638211248774,
-0.782723697713525),(0.741366656379262,-0.2919426733943,-0.604272253425906),
(0.894269416575974,-0.111331552828521,-0.433459912704345),(0.81398509531478,
-0.324533399627658,-0.481774155732231),(0.93449646503623,0.194393471582927,
-0.29820720152392),(0.98433859270357,-0.0245337468865634,0.174572707426051),
(0.944130055217176,-0.165143268879381,-0.285212446396446),(0.977022224131991,
-0.00124945219329339,0.213133789956907),(0.877413602405041,-0.405106213697832,
0.256971449655436),(0.863700299488956,-0.425487087504804,-0.270152792007351),
(0.975438618305284,-0.107748180626106,0.192119315766123),(0.995484524041332,
-0.0436099764061085,0.0843132987853168),(0.992468535627765,-0.0690507576360602,
0.101183984200887),(0.877413602405041,-0.405106213697832,0.256971449655436),
(0.999336124414097,-0.0353556819800114,0.00879125660762862),(0.99700318485117,
0.034617079664921,-0.0691831423982552),(0.877413602405041,-0.405106213697832,
0.256971449655436),(0.958370562233309,-0.285527346229062,0.),(0.846600080809304,
-0.359323015664383,-0.392626124433328),(0.86550390460626,-0.490973962714334,
-0.0992348681054283),(0.94628306224183,-0.319856528575807,0.0473304050443179),
(0.988393010606467,0.148650707220141,-0.03134045033556),(0.908300037437708,
-0.211632682969472,0.360836042392943),(0.976871407790234,-0.210241739157642,
-0.0389956889655473),(0.926813304718946,-0.375450802166261,0.00733439490734555),
(0.987194967858503,0.0430164035856342,-0.153608868420436),(0.87700956551922,
-0.149463780034626,0.456634208580072),(0.847081331123604,-0.234013893755798,
0.477169483507813),(0.873200947918456,-0.352975888926741,0.336047803728408),
(0.871981616697431,-0.464318304248835,-0.155101813275088),(0.983674176725522,
-0.15149254791575,-0.0971345560002277),(0.855044894628157,-0.148933997023152,
0.496706042545317),(0.422228340373363,-0.188513148180206,0.886671315397506),
(0.249173406057443,-0.234052305004622,0.939751101215506),(0.307601368214846,
-0.272370220973354,0.911699435669059),(0.746605885551795,-0.268028732846955,
0.608884430764882),(0.211351624089341,-0.253565340361526,0.943946560543626),
(0.117000519587091,-0.2605691351103,0.958339503643787),(0.135612390849058,
-0.168836235603695,0.976270252028287),(0.815786805602657,-0.325331795731958,
0.478174769817932),(0.347360960621972,-0.26156543160877,0.900513124847772),
(0.720928422415839,-0.316991240661208,0.616261927346706),(0.11439676882541,
-0.218279969181961,0.969158002771596),(0.286009321447582,-0.243015122561225,
0.926899303188673),(0.106394235626877,-0.249621275264604,0.962480901400462),
(0.0272957511848117,-0.0901952288790712,0.995549979988302),(0.0380633019372182,
-0.321051482634654,0.946296534149696),(0.0410368444547547,-0.238962840211334,
0.970161191965195),(0.0726773840563824,-0.23600301397819,0.969030740090288),
(0.0146651773070685,-0.0474536073807675,0.99876578221378),(-0.0690372086672365,
-0.32103000844581,0.944549415063457),(0.0384655119218764,-0.367138124269804,
0.929370755995818),(-0.143225184884023,-0.119450790040206,0.982455116111524),
(-0.489398721053945,-0.0774531157787879,0.868613784536557),(-0.0981882467723452,
-0.411136635042771,0.906270233165296),(-0.176863682127816,-0.376411046150055,
0.909414076359285),(-0.359017883596528,-0.102542616046988,0.927680532916429),
(-0.0468474871851203,-0.259333712438363,0.964650889460729),(-0.0435938099221084,
-0.36516444664842,0.929921774473761),(-0.175900736581122,-0.415236380020154,
0.892545617645383),(-0.0853278673112597,-0.323534557407467,0.942361154347561),
(-0.222316426966731,-0.447245918503801,0.866340865180927),(-0.2727891463924,
-0.0379470466110102,0.961325180812407),(-0.59297114558225,0.0151572277643979,
0.805081038749127),(-0.517505512880467,-0.417614190189763,0.746851010771541),
(-0.159838990232178,-0.385293335131856,0.908845720188267),(-0.473598831229627,
-0.373038883699427,0.797838416163459),(-0.137884534162147,-0.326934276988315,
0.93493413338535),(-0.504408566812335,-0.410145447866883,0.759837291346246),
(-0.750771807029345,-0.13655511425707,0.646292808671217),(-0.872302245654361,
-0.274042567886407,0.404956125046385),(-0.86602434765773,-0.380124644372699,
0.32481854011822),(-0.462750896911769,-0.367998768522126,0.806497683675255),
(-0.853635039118453,-0.362044377743645,0.374474416393769),(-0.918046935303505,
-0.282647783383555,0.278028874630325),(-0.953447478646701,-0.0362332679236348,
0.299374440722356),(-0.279718665067079,-0.359178411694463,0.890364159760339),
(-0.83158580375322,-0.370253808785362,0.413977255505714),(-0.45443896879629,
-0.381532288127119,0.804933746811407),(-0.882846746053719,-0.329247496268605,
0.334929409253972),(-0.821842757021916,-0.361953775391402,0.439959029013527),
(-0.957435261055265,-0.267461042788064,0.108546356358735),(-0.996145581673012,
-0.0423456879819801,0.0768168134113121),(-0.934303813408611,-0.331906950701025,
0.130054451390462),(-0.882517190729088,-0.349144314499674,0.315058178310279),
(-0.994830383786575,0.0198549634304021,-0.0995906015758154),(-0.978622719557041,
-0.203984197502352,-0.0262301341228506),(-0.943320411479359,-0.331296326534444,
-0.0197318349677727),(-0.935759636203424,-0.329805991521128,0.124827525847469),
(-0.953571457468215,-0.301017974583497,-0.00946860494438942),(-0.857598919646063,
-0.488731155916126,-0.160205961995154),(-0.859027785477729,-0.507271857800771,
-0.0688950365453297),(-0.90333168211116,-0.339956121588299,-0.261575433649384),
(-0.699336716259334,-0.542889706990673,-0.464971959730039),(-0.860861059507246,
-0.48204352264463,-0.162948698983508),(-0.687961803141206,-0.536244031527608,
-0.489030567623045),(-0.420433339575701,-0.520640069216072,-0.743081237348856),
(-0.862542965010253,-0.505562733665138,-0.0206386976419168),(-0.801300153111907,
-0.506210632268634,-0.318855547859881),(-0.93419456290774,-0.298323262700828,
0.195662335581351),(-0.411971951537938,-0.549790287218628,-0.726642794794032),
(-0.434735655586438,-0.526081104434046,-0.730919681852448),(-0.812881562910597,
-0.490288952432904,-0.314388784472777),(-0.917297189859728,-0.356178071925008,
0.178053493521556),(-0.216008342831829,-0.523688884593883,-0.824069382988994),
(0.0271182363386319,-0.199011253736018,-0.979621928166321),(-0.28271754363242,
-0.519841323855831,-0.806123928769186),(-0.108877874729498,-0.549046963528125,
-0.828669439665138),(-0.93080233197114,-0.327082454145311,-0.163168890991415),
(-0.694703175425483,-0.661554930279265,-0.282369566839183),(-0.735975755387034,
-0.635838882295451,-0.232483554781312),(-0.8333638954825,-0.549171913520796,
-0.0625685792242443),(-0.890117611966306,-0.420828265998788,0.174911999027665),
(-0.814483030548302,-0.578509895755453,-0.0440873390200425),(-0.907046232115136,
-0.398810454174981,0.134971680164695),(-0.405738620514641,-0.64984426037264,
-0.642711917645544),(-0.757834761462072,-0.622732222300814,-0.194656244770144),
(-0.0307799520697912,-0.468635632041939,-0.882855163054073),(-0.155708300958033,
-0.525247405165463,-0.836582385888987),(-0.447219034280972,-0.642422549555963,
-0.622324998050705),(0.0446743434448228,-0.529558502755002,-0.847096213660322),
(0.0780195590623383,-0.60450147737836,-0.792774187427352),(0.033008960169083,
-0.175215769377322,-0.983976545812993),(0.0550091851697356,-0.44663846498583,
-0.893021876071389),(-0.0640829380137803,-0.488710506616241,-0.870089315977629),
(0.172642348202473,-0.25462775556805,-0.951503718175349),(-0.0762669132094842,
-0.460752861378345,-0.884245530766859),(-0.0436115146398201,-0.507175610217764,
-0.860738599222237),(-0.111549369804768,-0.453045237629163,-0.884481062972913),
(-0.022535002164192,-0.580386733418279,-0.814029123158084),(0.0424118943073409,
-0.50336748832822,-0.86303093972082),(0.156413430654552,-0.523072681740353,
-0.837812513828618),(-0.0315396649130283,-0.545518266172162,-0.837505266138483),
(0.180068562789234,-0.622857585961178,-0.761330243918914),(0.0992478531364364,
-0.457485336407185,-0.883661151471656),(0.130043870876637,-0.507237254481235,
-0.85193835417462),(-0.138360946552543,-0.460989771231289,-0.876552724762868),
(0.162344034267378,-0.644908485565917,-0.746818224056476),(0.0846053832248135,
-0.581620363242436,-0.809048627828463),(0.293055779031074,-0.601053579656848,
-0.743540788900098),(0.515668833510728,-0.557013277666871,-0.651016023342355),
(0.525892700046833,-0.539555977907564,-0.657507577706649),(0.232862064984551,
-0.654219216009186,-0.719564087552635),(0.483426730100914,-0.496194020970607,
-0.721172718686002),(0.122089706357065,-0.696592605281941,-0.707002719844955),
(0.717200569520044,-0.519844521323559,-0.464095913287333),(0.492562401991248,
-0.550480373536084,-0.674057592862943),(0.758855222374691,-0.522463472349663,
-0.388806727738849),(0.803645321762402,-0.524887267778626,-0.28044171040217),
(0.803995950230362,-0.501057452081145,-0.320206092582774),(0.724325524135764,
-0.606742337429333,-0.327438957755854),(0.33918355476262,-0.764412842039442,
-0.548295105854298),(0.474771041216148,-0.491002529804745,-0.730416986486401),
(0.825484597127477,-0.507910720453924,-0.246174490866261),(0.771707891819292,
-0.5900491739751,-0.237294968330822),(0.817140124431524,-0.511422854156539,
-0.265948644084553),(0.23033823999775,-0.76014389151598,-0.607557042083853),
(0.412878554712304,-0.786340030944557,-0.459565724127455),(0.804396016207866,
-0.591602270055096,-0.0543489022388787),(0.606801055834858,-0.760148825911246,
-0.232306351836225),(0.784772885290357,-0.560103900583363,-0.265358510442667),
(0.774804601205801,-0.620050912351284,0.123347865983403),(0.816528554980852,
-0.447613654736685,-0.364586251789819),(0.876946461687955,-0.467693054314958,
0.110580786208644),(0.763542402983294,-0.635774338443939,0.113110518620809),
(0.726616666297723,-0.687004608666065,0.00727240881485659),(0.852854891274209,
-0.503591442123257,0.13796446589566),(0.786364569956951,-0.605909462233415,
0.120434574323298),(0.875223380547544,-0.482725049563311,-0.0309929131742895),
(0.842691103589444,-0.537304495594539,-0.034286775075863),(0.773937878144032,
-0.631721573345925,0.0441363177356652),(0.871333320775156,-0.49054603643872,
0.0119511606633611),(0.794836205716155,-0.600319220408055,-0.0886128641417852),
(0.828454549388564,-0.559776871632897,-0.0176893635351546),(0.786029411528058,
-0.60520300792774,0.126043974104561),(0.812489510825634,-0.580630733481134,
0.0522374016915377),(0.742950295181953,-0.668503803014031,0.0335786277984394),
(0.750842929965737,-0.660040382014895,-0.0241161487410326),(0.740597959575077,
-0.624696227543623,0.247526333075894),(0.859735741517485,-0.478022884075896,
0.179857101770108),(0.723079703735539,-0.487791379014572,0.489096424649361),
(0.653418356804504,-0.719357561092745,0.235731097417375),(0.681383229388152,
-0.731825638132029,0.0121708701916185),(0.741996446125354,-0.469724108711187,
0.478330989622067),(0.329517896541488,-0.445238035966922,0.832574949891715),
(0.640191363720861,-0.64626936512919,0.415320268603325),(0.210036894255618,
-0.60461647053281,0.768325078734192),(0.220422606110155,-0.450564250024874,
0.86510446266051),(0.146087672631657,-0.580809311044106,0.800823910800331),
(0.361969029228049,-0.680381129981817,0.637228326304135),(0.632127386653233,
-0.711341901739092,0.307258304807481),(0.0156343973425118,-0.42228039411142,
0.906330422290259),(0.376648129445923,-0.617929721610497,0.690144220967807),
(0.124798381010574,-0.488347309494828,0.863679494607984),(0.640055400437041,
-0.754118475332009,0.147086401595476),(0.570543111057257,-0.753754474428372,
0.326090095992373),(0.374851036832396,-0.503799640858415,0.778249717029572),
(0.481004166084946,-0.732997139474309,0.480988758425191),(0.232840513788837,
-0.382159674654706,0.894281431209639),(-0.0493097897354936,-0.243824149768688,
0.968565087449376),(0.0317396650899222,-0.323161365749932,0.945811463953899),
(-0.218573626132475,-0.379208376451125,0.899125451307326),(0.4076212552914,
-0.266070327270022,0.873528186826897),(0.0768836072775445,-0.173370718895561,
0.981851060376078),(0.260521889854091,-0.632709830921414,0.729250721468446),
(0.371999949438749,-0.736250377901811,0.565288792261981),(-0.024924029939144,
-0.296796124420046,0.954615552597397),(0.0259985018021954,-0.188668303503404,
0.981696668608582),(-0.0713619196672722,-0.29216145838941,0.953702867067712),
(-0.117718406707055,-0.234263900620677,0.965019586116436),(0.057659564638955,
-0.110841550643564,0.992164061663481),(0.106157263928305,-0.604963831215429,
0.789144725786346),(-0.214024736926466,-0.338742013564924,0.916213545102635),
(-0.0631749005465493,-0.0710676391935336,0.995468895847777),(-0.0382493922506414,
-0.564570054865203,0.824498415487839),(-0.209359706930053,-0.20761298952074,
0.955544535694922),(0.253688532847066,-0.737300688998288,0.626122849211361),
(0.14622168935657,-0.570582632784988,0.808117984409369),(0.175730655483476,
-0.812300820805078,0.556134977539396),(-0.210658742089999,-0.0946638988422809,
0.972965385117599),(-0.190370078478087,-0.583395593055066,0.789562420093671),
(-0.00571666537145866,-0.550704830107777,0.834680483678033),(-0.0124299303975876,
-0.865746221218489,0.50032886912132),(-0.365629719590394,-0.252347733612744,
0.895899285351184),(-0.368636717928483,-0.399973302161471,0.839123547371282),
(-0.412054230297768,-0.160083719339443,0.896986351120331),(-0.371769803751176,
-0.693786257903838,0.616804540646874),(-0.237441424448481,-0.63037072047313,
0.739090200669758),(-0.21472906145029,-0.914344761012515,0.343314852835766),
(-0.545153189847155,-0.437090096083047,0.715374201034385),(-0.734607911121757,
-0.395173865870351,0.55153316550359),(-0.643409386346324,-0.290768149639452,
0.708151286602443),(-0.764056609404388,-0.384547296590848,0.518016287688082),
(-0.845807485063673,-0.328020617098035,0.420728146157218),(-0.739751242942754,
-0.248055158377659,0.625489198121666),(-0.546979040027904,-0.753729779099842,
0.364287454997088),(-0.86111285438219,-0.392790076820263,0.32280118892174),
(-0.922858383180485,-0.286242513045739,0.257677372539308),(-0.759450623364216,
-0.649937367330593,-0.028568675487002),(-0.621661898805294,-0.745341879698294,
0.24083597310537),(-0.891063579423602,-0.37239510489528,0.259475592830679),
(-0.398328816602717,-0.836441147760108,0.376431082932365),(-0.491377843306192,
-0.834805677473337,0.248288735076802),(-0.928646433422755,-0.345595702681883,
0.134831049758624),(-0.756381180049818,-0.648569901541802,-0.0851151765580131),
(-0.599588948804847,-0.800045194509718,0.02051290357326),(-0.873828414654095,
-0.465203103720815,0.141456615368922),(-0.918937647868254,-0.356016026888621,
0.169723857865654),(-0.706680333985314,-0.695317952234235,-0.130903975719589),
(-0.629382087936718,-0.745508832067152,-0.219305195319876),(-0.935971273154032,
-0.352051393032024,-0.00419434078631523),(-0.788814835184159,-0.591651826061545,
-0.166491058352778),(-0.644449681236352,-0.725160950976793,-0.242541137815417),
(-0.656901911293352,-0.729320639993428,-0.191236196936455),(-0.785590225969168,
-0.616905190793208,-0.0477072576670199),(-0.695140762991897,-0.71880165946447,
-0.0101731990133865),(-0.781358178833101,-0.616758041326894,0.0953358003545007),
(-0.580079526032067,-0.803348517236045,-0.134680745962664),(-0.518653377127877,
-0.672682460959976,-0.527728131816638),(-0.469818998228268,-0.882421446462902,
0.0245458698380358),(-0.331379287012931,-0.940483674820321,-0.0753540014549051),
(-0.247578026683967,-0.90550371156309,-0.344627551203819),(-0.585896995117874,
-0.640146716887924,-0.496927451414648),(-0.200177175551442,-0.572513823170691,
-0.795083027530286),(-0.574501337578364,-0.817361106405713,0.0432323357673355),
(-0.130006462361737,-0.991436211668391,0.0123514346055923),(-0.125699317221339,
-0.960445038335173,-0.248485432143288),(-0.0316612178122287,-0.99946540251214,
0.00815331024140834),(-0.245551568398716,-0.968864146917956,0.0317284111463507),
(0.0419532255149665,-0.864371662585162,-0.501100345029469),(-0.0574865189252387,
-0.541462726199132,-0.838757066306366),(0.0639834093203499,-0.99596381191758,
-0.0629460775771514),(0.0989674725357412,-0.912230434438172,-0.397543801190048),
(-0.85326102488673,-0.505385979930077,0.128571515894321),(-0.647433183735699,
-0.758975937103816,0.0691794730772156),(-0.323647027908375,-0.944500194568616,
0.0563203674164305),(-0.0169026639395557,-0.999714240931861,0.0169037401121372),
(0.0613146795889631,-0.99811699310878,0.00172572720641569),(0.0794236852888294,
-0.996813100721045,-0.00745120433462096),(0.130115130647697,-0.973181835498863,
-0.189702840863274),(0.131114616129521,-0.990688082430655,-0.0366889733718551),
(0.204718984479299,-0.872007423226236,-0.444627024855783),(0.186092026431541,
-0.674188964184916,-0.714730017747872),(0.163463409256585,-0.971772417911032,
-0.170111967896329),(0.186912745217197,-0.683960080590939,-0.705168230873603),
(0.154819591648136,-0.867229518431186,-0.473227066431663),(0.1648177695857,
-0.698362410628621,-0.69650918604838),(0.115283868682256,-0.861877851785184,
-0.493838230824436),(0.11501756873721,-0.977929463251278,-0.174427416958599),
(0.234871647656788,-0.74038325489924,-0.629815802430991),(0.0854127962519669,
-0.983138511713146,-0.161688963825242),(0.177802060060252,-0.958545222426709,
-0.22266001886567),(0.236524207183008,-0.757808208644316,-0.60809786903733),
(0.112179909967031,-0.990504878324385,-0.0794717170783659),(0.0902704500285976,
-0.993563420135809,-0.0684322732317796),(0.150777512035989,-0.983179502613008,
-0.103073796407599),(0.0955395228697995,-0.994161801228231,-0.0501449154795514),
(0.361402465342284,-0.888824059553246,-0.281744652484848),(0.333132137411565,
-0.804596342768478,-0.49157675313952),(0.224618913745738,-0.968797982917425,
-0.104770281486753),(0.413522775525104,-0.84458302629145,-0.340115312537366),
(0.432642835167213,-0.879482167519718,-0.19832118947126),(0.500620178767589,
-0.841071050648883,-0.204887589597545),(0.46332325454907,-0.863303596013442,
-0.200096134156355),(0.282437545492938,-0.948094872076683,-0.146099782470143),
(0.626338946363829,-0.774522551513671,-0.0883987639314121),(0.335396736765315,
-0.917623813108941,-0.2132500095723),(0.53729443761906,-0.821675645790571,
-0.190167874306533),(0.119050481553603,-0.987492635135167,-0.103369620274329),
(0.158280197358834,-0.971719094946149,-0.175240918854829),(0.402389570507737,
-0.886536225052492,-0.228333429913967),(0.23162249924489,-0.948908323302844,
-0.214298884295125),(0.636930890599676,-0.766648597090627,-0.0810491775336247),
(0.755299992737535,-0.654876330514052,0.02566929494802),(0.415321389529824,
-0.89868137870524,-0.140996180683966),(0.807014625716128,-0.583618586609963,
0.0900929478019623),(0.816640310845805,-0.573587504451738,0.0639998237379947),
(0.539817512132048,-0.841262605246519,0.0295682703147471),(0.757224822853174,
-0.641877085425003,0.120848561684789),(0.719399612207464,-0.680532236416725,
0.13906859154173),(0.469573835172097,-0.879198186427039,-0.0806905341733111),
(0.705491444564238,-0.703596382884825,0.0850526403943808),(0.5364984157104,
-0.843835578009852,0.010534098205832),(0.686751083031313,-0.698913373931729,
0.199732435259486),(0.241326763886579,-0.947197690335534,-0.211134858455586),
(0.270160443900034,-0.951656502411645,-0.14616167749917),(0.669846593755858,
-0.722862715346424,0.169632059457135),(0.39356202068057,-0.916091593059665,
0.0767145944604469),(0.30260149763485,-0.951722535943586,-0.0515417132646487),
(0.62061888997019,-0.749107342743676,0.231668691151131),(0.658259451079012,
-0.745401914393884,0.105216353686539),(0.522684200857443,-0.825280500221544,
0.213806740137195),(0.556858635965763,-0.795581848188605,0.238658715288494),
(0.535393820500674,-0.787973336446294,0.304058346406388),(0.416127477813727,
-0.829413267594709,0.372708403106575),(0.433803245191144,-0.800237162504373,
0.41404737435296),(0.497006783981146,-0.811217095944747,0.308076418967257),
(0.34292890435648,-0.832234863566169,0.435643086048504),(0.480983874643868,
-0.776323401461126,0.40740212159045),(0.406475964757457,-0.775791006790692,
0.482623666905363),(0.456278525358877,-0.744123722639448,0.487944456574248),
(0.329090609675485,-0.779349739638223,0.533210421831055),(0.305624161284631,
-0.804115915153942,0.509893584030241),(0.247495514761396,-0.853303386210016,
0.45893278511729),(0.158878111132018,-0.823232444304122,0.545019346856772),
(0.0546346647319025,-0.876771379615832,0.477793889973682),(-0.0771791457214343,
-0.899021586794576,0.431049377615921),(-0.230363536078584,-0.934880564389631,
0.270057348672271),(-0.0640581762193174,-0.943416205006912,0.325365047584725),
(-0.244188002959424,-0.93752577277697,0.247825835194059),(-0.328478591215571,
-0.933257747302482,0.145367782582422),(-0.349504830487854,-0.933168928497378,
0.0839173662164883),(-0.411458702090092,-0.91027318567108,0.0458744364822062),
(-0.42279080990143,-0.906075844441005,0.0165678961673808),(-0.310113086378519,
-0.949802065580823,0.0413026618414745),(-0.306609014501539,-0.941604345368577,
0.139183939480849),(-0.375004617526169,-0.925914518532786,0.045319324843288),
(-0.36917740252966,-0.928285200042824,0.0446613125972235),(-0.304476801300548,
-0.951673900374447,0.0401330887905898),(-0.471042010974201,-0.876339876115756,
-0.100736514863293),(-0.410598611403146,-0.907961350511277,0.0837553955966133),
(-0.27570923693301,-0.945670311931576,0.172313893232825),(-0.612396468829448,
-0.780896200154504,-0.123173412510491),(-0.292183894327524,-0.916346639491188,
0.273746978410372),(-0.565815793216543,-0.813854334265659,0.132263414229842),
(-0.331623156186722,-0.937543793007151,0.105060546707705),(-0.214665620967329,
-0.945255333717723,0.245786544084306),(-0.426591751736631,-0.861388087280164,
0.275735453727107),(-0.221810160107957,-0.926383552935058,0.304325098741955),
(-0.690542966025749,-0.692064229035467,0.210232050272804),(-0.771433193769611,
-0.635771052477769,0.0261915326341696),(-0.588304778072596,-0.764042477036227,
0.264833119872309),(-0.248925602128084,-0.903380246686477,0.349199333478532),
(-0.850829738611306,-0.508794962974081,0.131211438323109),(-0.704274911000616,
-0.690221472693311,0.166105895043349),(-0.392063661833474,-0.900757486021425,
0.186874386811275),(-0.136055239623527,-0.961709763439942,0.23791448605597),
(-0.0790835739616907,-0.994780925949319,0.0644724568855701),(0.0392680173515804,
-0.999227772712443,0.00137151500405212),(0.0411636442016898,-0.999110628014657,
-0.0091382374774563),(0.0491559136365889,-0.998324145001556,-0.0305384620022544),
(-0.0193844784698179,-0.998596075286889,-0.0492962515418192),(0.0958826234255779,
-0.992706745373997,-0.0730742103207069),(-0.0627790869113413,-0.9945979290765,
-0.0826664727886496),(0.0173528324612246,-0.98496358592072,-0.1718883754527),
(0.113906336700471,-0.986380521477178,-0.118654175273735),(-0.105180581726013,
-0.982403155039017,-0.154340811832654),(-0.0265771187169662,-0.996696110861746,
0.0767497189165763),(-0.116964278627835,-0.992826241123261,0.0248075081804957),
(0.0147835712188376,-0.965983551481393,-0.258180604014734),(0.0654161035308125,
-0.975647561618499,-0.209362291033325),(-0.0396579809075577,-0.974733525794789,
-0.219822196881924),(-0.218537481562642,-0.972849464093781,-0.0761924495255395),
(0.112799487455354,-0.96090383032632,-0.252863806215946),(0.105072256782265,
-0.966245727377015,-0.235221204784656),(-0.229618948964059,-0.969267964104497,
0.0882878929262928),(-0.332346929607232,-0.940163779536049,-0.0750838599776012),
(-0.112255228278155,-0.971835741407448,0.207205346087533),(0.433669161561033,
-0.784792590756428,0.44275461353301),(0.480795913680285,-0.793099367307217,
0.373936736581514),(0.474342799292051,-0.817646612874531,0.326271244847884),
(0.440927394344217,-0.873152601429698,0.207816186889687),(0.464249861258206,
-0.877793607774967,0.118112016624657),(0.506396566246625,-0.82826872005225,
0.239861303833352),(-0.103909339656528,-0.978357697506608,-0.178938718173884),
(-0.199990457403294,-0.969941433180427,-0.138626956785181),(-0.281172953015159,
-0.949722261193549,-0.137729434349187),(-0.411567552335245,-0.909873488001319,
-0.0523677925550534),(-0.455796109072217,-0.889601123519656,0.0293214594997043),
(-0.403133133377069,-0.908353718241643,0.111252862121247),(-0.240776374106835,
-0.95146297744161,0.191689697766762),(-0.306212489828296,-0.94552415222687,
-0.110535010873546),(-0.250101198210787,-0.959132600830757,-0.132340638796841),
(-0.0179667263279155,-0.976709432902646,-0.213812722783394),(0.104888656972583,
-0.976385884820155,-0.188862313769715),(0.027746869982938,-0.924895666092398,
0.379207223097939),(0.417392047472497,-0.787186756194493,0.454005384966643),
(0.080184136882692,-0.933197521735728,0.350303996007286),(0.507452150484896,
-0.861130922035367,0.0307546757871413),(0.166013236496622,-0.977633503813233,
-0.129121406164036),(-0.277851484659066,-0.937748760723598,0.208388613494377),
(0.113003279039983,-0.936671624042784,0.331476285183821),(0.95753572962312,
-0.219562180490746,0.186862985615848),(0.989641703981201,-0.142070139797092,
0.0206245756130793),(0.993577896279095,-0.107875248276503,-0.0341452022236179),
(0.958026395978711,-0.236225686679859,0.162427982689782),(0.0475331120242203,
-0.0704594327235646,0.996381488989818),(-0.109424483143295,0.0154701863425054,
0.993874718374178),(0.0990186294182298,0.111715537284664,0.988794695453679),
(0.111856756602963,-0.0297992800399518,0.993277438036003),(-0.0558480738232296,
0.0298015938003138,0.997994417648313),(-0.0231719462347023,-0.0403456186509478,
0.998917059601731),(0.101958708161929,-0.168576740127502,0.980401093694787),
(0.368556202911701,-0.0735509955026452,0.926691197948852),(-0.532770381737001,
-0.0800650230279845,0.842463834494596),(-0.492459308522474,0.038173375658871,
0.86949791422428),(-0.668575411541971,0.0144836257572268,0.743503290958695),
(-0.968468987005255,0.118671770960158,0.219054404169819),(-0.991455529197713,
0.101853657122444,-0.0814970315659794),(-0.980798966895243,0.089163542437066,
-0.17344523411526),(-0.984609652896824,0.144489150291835,0.0983194633342697),
(-0.9660831974642,0.0388595789036782,0.255290400729791),(-0.854887896933404,
-0.0672097808102412,0.51444098693652),(-0.969244809154911,0.197911940172954,
-0.146271541535727),(-0.986624449614592,0.129787227608114,0.0986279421487811),
(-0.998191198081155,0.0219246581956103,-0.0559789374346616),(-0.993551146376353,
0.0989060027957476,0.0554411593060782),(-0.973573590950193,0.225819244068958,
0.0340607106865128),(-0.818531586531854,0.0012757725366078,-0.574460106755971),
(0.685049019885386,0.02486456592197,-0.728072519544299),(0.96872757300974,
0.0541525712918191,-0.24214538672695),(0.931445732703417,0.111371323193777,
-0.346417775812187),(0.934205326450784,0.269572921099251,-0.233646845133848),
(0.907656372430677,0.316664150979208,-0.275470007569975),(0.962102846060806,
0.137190632665498,-0.235662563659436),(0.967598086248509,0.0492665059211861,
-0.247642393144916),(0.0276413302184246,-0.0851361689955457,-0.995985838048171),
(0.193133096459384,-0.235638727995993,-0.952456821551739),(0.0408164988169382,
-0.0933915162343732,-0.994792459822536),(-0.0767461939187689,-0.0823557479878416,
-0.993643574171516),(-0.198631960720805,-0.122595986439552,-0.972376248316012),
(-0.27265371585201,-0.153323669538161,-0.949816721052774),(-0.251847598989004,
-0.115304801678625,-0.960873347321762),(-0.199672481929107,-0.117072205720195,
-0.972843768859152),(0.881880832143815,-0.0272580827288294,0.470683752453047),
(0.498157951080852,-0.0354420676658459,0.866361654053604),(0.885157664954901,
-0.0232936227619944,0.464707774101326),(0.99252179781787,-0.0734029955685592,
-0.0975319491138408),(0.459352014391305,0.0589605541156884,-0.886295311920932),
(0.395738647744526,0.108599086842506,-0.911919492618898),(-0.0253675607423245,
0.088872746819853,-0.995719901244662),(0.443066993930333,-0.139496722084445,
-0.885568915114591),(0.80189084852804,-0.0661133412350217,-0.593801392013964),
(-0.0253675607423245,0.088872746819853,-0.995719901244662),(0.22921239459004,
-0.147821513217892,-0.962086523341988),(0.22921239459004,-0.147821513217892,
-0.962086523341988),(-0.199462278634118,-0.159999764690075,-0.966754816228606),
(0.244200630229478,-0.283371540568214,-0.927397769132276),(-0.153344990829173,
-0.288762383565685,-0.945040528033092),(-0.817482433130975,0.,-0.575953532433183),
(-0.365087528810931,0.,-0.930973198490014),(0.610511245632545,0.0736362248033253,
-0.788577025630923),(0.963359044030272,0.0644066501699218,-0.260367309197928),
(-0.995143780152012,-0.0103815297365911,-0.0978829947697391),(-0.820898058618023,
0.00417170104170359,-0.571059519023701),(-0.147003006923804,-0.0202217054998856,
0.988929319305498),(-0.539066054262875,-0.000885893273929368,0.842263025624753),
(0.910310279992704,0.317202044588701,-0.265928669098224),(0.972993703020519,
-0.170931326206387,0.15513134951951)),$,(30,30,23,23,23,23,17,17,33,33,
33,33,21,21,8,37,37,37,54,42,42,36,62,87,22,12,28,47,44,40,51,51,51,93,
67,67,67,67,143,143,145,145,97,97,233,319,319,322,231,377,377,314,314,375,
152,152,228,366,366,308,308,308,397,397,393,361,361,361,361,414,414,414,
420,407,407,415,436,390,403,437,410,447,447,448,448,448,422,443,430,441,
441,442,431,428,428,428,428,429,440,440,440,423,438,438,424,427,427,427,
419,419,398,409,409,395,371,374,416,405,405,365,388,318,320,312,359,232,
137,136,230,83,83,142,86,86,307,229,92,153,55,55,55,55,64,64,100,39,39,
29,49,49,45,24,18,69,60,60,34,52,11,1,27,43,4,7,25,38,35,59,58,58,65,74,
79,75,73,90,90,98,96,96,94,105,105,113,118,48,48,71,95,104,103,107,111,
111,133,124,124,170,159,159,178,156,226,226,225,295,287,223,354,279,340,
186,221,326,326,264,358,358,382,346,346,299,391,379,379,396,383,357,357,
357,400,364,384,333,344,370,351,392,392,411,411,368,355,406,389,402,386,
363,408,367,387,353,350,369,349,385,404,404,362,348,394,394,380,380,381,
360,356,356,352,345,338,347,343,325,332,288,288,296,296,280,280,280,301,
227,224,160,169,222,222,110,175,175,121,268,220,220,130,130,184,184,99,
81,108,108,151,151,70,70,80,66,72,91,91,53,78,78,78,68,123,112,76,76,102,
63,50,77,101,46,61,85,106,109,117,114,125,125,135,149,141,141,141,131,163,
161,171,158,164,164,177,176,115,128,154,173,180,187,183,193,195,191,197,
217,214,257,251,211,285,246,272,272,205,238,258,250,292,305,278,329,303,
335,317,290,339,300,328,263,282,311,294,331,342,309,341,330,330,337,327,
304,336,302,323,289,284,297,297,281,310,334,293,324,298,306,291,283,286,
276,277,267,254,259,253,236,237,192,200,240,168,204,182,190,199,165,148,
179,127,155,122,139,167,119,157,132,188,174,146,162,129,120,147,147,116,
126,150,166,172,196,189,201,206,213,202,242,245,219,185,198,252,255,247,
210,271,265,194,203,181,260,262,266,273,274,269,244,243,216,208,207,209,
218,212,239,248,261,256,256,249,275,275,241,241,445,434,435,444,372,134,
138,235,313,315,373,401,57,82,41,15,3,5,2,19,26,6,13,9,10,14,20,412,417,
425,432,433,426,418,88,140,89,56,32,215,234,270,421,421,439,439,378,376,
376,399,399,321,321,316,316,144,144,31,31,413,413,16,16,84,84,446,446),
((1,3,7),(1,9,3),(8,6,13),(8,13,15),(12,16,4),(19,20,10),(11,21,17),(5,
22,14),(5,18,22),(19,23,20),(24,23,19),(15,13,25),(15,25,26),(14,22,27),
(13,27,25),(18,28,22),(21,29,17),(18,29,28),(22,30,27),(22,28,30),(23,31,
20),(21,33,29),(24,34,23),(34,35,23),(23,38,31),(39,34,24),(39,41,34),(41,
43,34),(34,43,35),(45,42,40),(46,48,45),(48,49,45),(45,49,42),(50,48,46),
(48,52,49),(54,53,48),(50,54,48),(49,55,42),(41,56,43),(52,57,49),(49,57,
56),(54,58,53),(58,61,53),(52,62,57),(63,58,54),(63,65,58),(65,66,58),(59,
69,60),(70,65,63),(73,74,72),(70,75,65),(73,76,75),(77,76,73),(75,78,65),
(65,78,66),(76,79,75),(75,79,78),(77,80,76),(80,81,76),(76,81,79),(82,80,
77),(82,84,80),(84,87,80),(80,87,81),(88,85,83),(89,90,88),(88,90,85),(89,
92,90),(93,92,89),(91,94,86),(84,97,87),(92,98,90),(90,98,95),(93,99,92),
(101,102,92),(92,102,98),(103,99,93),(104,105,100),(105,106,100),(101,108,
102),(109,105,104),(111,112,110),(109,113,105),(111,114,112),(115,114,111),
(116,115,111),(113,117,105),(105,117,106),(114,118,112),(113,119,117),(115,
120,114),(120,121,114),(114,121,118),(122,120,115),(123,115,116),(123,122,
115),(122,124,120),(124,125,120),(120,125,121),(126,124,122),(127,128,126),
(128,129,126),(126,129,124),(130,128,127),(128,132,129),(133,132,128),(130,
133,128),(129,135,124),(124,135,125),(132,136,129),(129,136,135),(133,137,
132),(137,138,132),(132,138,136),(139,137,133),(139,143,137),(143,145,137),
(137,145,138),(146,144,142),(148,149,147),(146,150,144),(148,151,149),(152,
151,148),(153,152,148),(150,154,144),(143,154,145),(151,155,149),(150,156,
154),(152,157,151),(157,158,151),(151,158,155),(159,157,152),(160,152,153),
(160,159,152),(159,161,157),(161,162,157),(157,162,158),(163,159,160),(163,
164,159),(26,164,163),(164,161,159),(26,25,164),(25,165,164),(164,165,161),
(25,27,165),(165,166,161),(161,166,162),(27,167,165),(165,167,166),(27,
30,167),(33,168,29),(29,168,169),(29,169,28),(33,171,168),(37,171,32),(171,
172,168),(171,173,172),(174,173,171),(37,174,171),(168,172,175),(168,175,
169),(173,176,172),(174,178,173),(178,179,173),(173,180,176),(172,181,175),
(172,177,181),(44,174,36),(182,178,174),(44,182,174),(178,184,179),(185,
184,178),(182,185,178),(28,170,186),(28,186,30),(169,175,188),(169,188,
187),(175,181,189),(175,189,188),(177,190,181),(180,191,176),(177,191,190),
(181,192,189),(181,190,192),(184,193,179),(180,194,191),(185,195,184),(195,
196,184),(184,197,193),(198,195,185),(199,185,182),(199,198,185),(198,201,
195),(201,202,195),(195,202,196),(56,183,43),(56,200,183),(57,200,56),(57,
203,200),(62,204,57),(204,198,199),(204,205,198),(206,205,204),(62,206,
204),(205,201,198),(206,207,205),(207,208,205),(205,208,201),(68,206,62),
(209,207,206),(68,209,206),(207,210,208),(211,210,207),(209,211,207),(208,
212,201),(201,212,202),(210,213,208),(208,213,212),(211,214,210),(214,216,
210),(210,216,213),(217,215,211),(219,211,209),(219,217,211),(217,220,215),
(220,222,215),(215,222,216),(78,209,67),(78,219,209),(79,219,78),(79,223,
219),(81,223,79),(223,218,219),(223,224,218),(226,225,223),(81,226,223),
(224,221,218),(226,227,225),(227,228,225),(224,230,221),(87,226,81),(231,
227,226),(87,231,226),(227,232,228),(233,232,227),(231,233,227),(229,234,
220),(220,234,222),(232,235,228),(229,235,234),(233,236,232),(236,237,232),
(232,237,235),(238,236,233),(240,233,231),(240,238,233),(239,242,236),(242,
243,236),(236,243,237),(97,231,87),(96,240,231),(98,241,95),(98,244,241),
(102,244,98),(244,239,241),(244,245,239),(246,245,244),(102,246,244),(245,
242,239),(246,247,245),(247,248,245),(245,248,242),(107,246,102),(249,247,
246),(107,249,246),(247,250,248),(251,250,247),(249,251,247),(248,252,242),
(242,252,243),(250,253,248),(248,253,252),(251,254,250),(254,255,250),(250,
255,253),(256,254,251),(257,251,249),(257,256,251),(256,259,254),(259,260,
254),(254,260,255),(117,249,106),(117,257,249),(119,258,117),(119,261,258),
(121,262,118),(261,256,258),(261,263,256),(265,264,262),(121,265,262),(263,
259,256),(265,266,264),(266,267,264),(263,268,259),(125,265,121),(269,266,
265),(125,269,265),(266,270,267),(271,270,266),(269,271,266),(268,272,259),
(259,272,260),(270,273,267),(268,273,272),(271,274,270),(274,275,270),(270,
275,273),(276,274,271),(278,271,269),(278,276,271),(276,280,274),(282,283,
274),(274,283,275),(135,269,125),(135,278,269),(136,278,135),(136,284,279),
(138,284,136),(284,277,279),(284,285,277),(286,285,284),(138,286,284),(285,
281,277),(286,287,285),(287,288,285),(285,288,281),(145,286,138),(290,287,
286),(145,290,286),(287,291,288),(293,291,287),(290,293,287),(289,294,282),
(282,294,283),(292,295,289),(289,295,294),(293,297,291),(298,299,292),(292,
299,295),(301,297,293),(302,293,290),(302,301,293),(301,303,297),(304,305,
298),(298,305,299),(154,290,145),(154,302,290),(156,302,154),(156,307,302),
(158,308,155),(307,301,302),(307,309,301),(310,309,308),(158,310,308),(309,
303,301),(310,311,309),(311,312,309),(309,312,303),(162,310,158),(314,311,
310),(162,314,310),(311,315,312),(318,315,311),(314,318,311),(313,319,304),
(304,319,305),(317,320,313),(313,320,319),(318,321,315),(322,323,316),(317,
323,320),(324,321,318),(325,318,314),(325,324,318),(324,326,322),(326,327,
322),(322,327,323),(166,314,162),(166,325,314),(167,325,166),(167,328,325),
(30,328,167),(328,324,325),(328,329,324),(186,329,328),(30,186,328),(329,
326,324),(187,188,329),(188,330,329),(329,330,326),(188,189,330),(330,331,
326),(326,331,327),(189,332,330),(330,332,331),(189,192,332),(194,333,191),
(191,333,334),(191,334,190),(194,335,333),(197,336,193),(335,337,333),(335,
338,337),(339,338,335),(197,340,336),(333,337,342),(333,342,334),(338,343,
337),(339,344,338),(344,345,338),(338,345,343),(337,346,342),(337,343,346),
(202,341,196),(347,344,339),(202,348,341),(344,349,345),(350,349,344),(347,
350,344),(190,334,351),(190,351,192),(334,342,352),(334,352,351),(342,346,
353),(342,353,352),(343,354,346),(345,355,343),(343,355,354),(353,346,354),
(349,356,345),(345,356,355),(350,357,349),(357,358,349),(349,358,356),(359,
357,350),(360,350,347),(360,359,350),(359,361,357),(357,361,358),(212,348,
202),(212,360,348),(213,360,212),(213,362,360),(216,362,213),(362,359,360),
(362,363,359),(364,363,362),(216,364,362),(363,361,359),(364,365,363),(365,
366,363),(363,366,361),(222,364,216),(367,365,364),(222,367,364),(365,368,
366),(369,368,365),(367,370,365),(361,366,371),(361,371,358),(366,368,372),
(366,372,371),(369,373,368),(368,373,374),(368,374,372),(375,373,369),(376,
370,367),(376,375,370),(375,377,373),(377,374,373),(234,367,222),(234,376,
367),(235,376,234),(235,378,376),(237,378,235),(378,375,376),(378,379,375),
(380,379,378),(237,380,378),(379,377,375),(380,381,379),(381,382,379),(379,
382,377),(243,380,237),(383,381,380),(243,383,380),(381,384,382),(385,384,
381),(383,385,381),(382,386,377),(377,386,374),(384,387,382),(382,387,386),
(385,388,384),(388,389,384),(384,389,387),(390,388,385),(391,385,383),(391,
390,385),(390,392,388),(388,392,389),(252,383,243),(252,391,383),(253,391,
252),(253,393,391),(255,393,253),(393,390,391),(393,394,390),(396,394,393),
(255,396,393),(395,392,390),(396,397,394),(397,398,395),(395,398,392),(260,
396,255),(399,397,396),(260,399,396),(397,400,398),(401,400,397),(399,401,
397),(392,398,402),(392,402,389),(398,400,403),(398,403,402),(401,404,400),
(400,405,406),(400,406,403),(407,404,401),(408,401,399),(408,407,401),(407,
409,404),(409,406,405),(272,399,260),(272,408,399),(273,408,272),(273,410,
408),(275,410,273),(410,407,408),(410,411,407),(412,411,410),(275,412,410),
(411,409,407),(412,413,411),(413,414,411),(411,414,409),(283,412,275),(415,
413,412),(283,415,412),(413,416,414),(417,416,413),(415,417,413),(417,418,
416),(419,418,417),(420,417,415),(420,419,417),(419,421,418),(294,415,283),
(294,420,415),(296,420,294),(296,422,420),(300,422,296),(422,419,420),(422,
423,419),(424,423,422),(300,424,422),(423,421,419),(424,425,423),(425,426,
423),(423,426,421),(306,424,300),(427,425,424),(306,427,424),(425,428,426),
(429,428,425),(427,429,425),(429,430,428),(428,430,431),(432,430,429),(433,
429,427),(433,432,429),(432,434,430),(434,431,430),(319,427,306),(319,433,
427),(320,433,319),(320,435,433),(323,435,320),(435,432,433),(435,436,432),
(437,436,435),(323,437,435),(436,434,432),(437,438,436),(438,439,436),(436,
439,434),(327,437,323),(440,438,437),(327,440,437),(438,441,439),(442,441,
438),(440,442,438),(439,443,434),(434,443,431),(441,444,439),(439,444,443),
(442,445,441),(445,446,441),(441,446,444),(447,445,442),(448,442,440),(448,
447,442),(447,449,445),(445,450,446),(331,440,327),(331,448,440),(332,448,
331),(332,451,448),(192,451,332),(451,447,448),(451,452,447),(351,452,451),
(192,351,451),(452,449,447),(351,352,452),(352,453,452),(452,453,449),(352,
353,453),(450,453,454),(450,454,446),(453,353,455),(453,455,454),(353,354,
455),(356,456,355),(355,456,457),(355,457,354),(356,458,456),(358,458,356),
(458,459,456),(458,460,459),(371,460,458),(358,371,458),(456,459,461),(456,
461,457),(460,462,459),(371,372,460),(372,463,460),(460,463,462),(459,464,
461),(459,462,464),(372,374,463),(455,354,457),(465,457,461),(455,457,465),
(466,461,464),(465,461,466),(467,464,462),(468,462,463),(468,467,462),(467,
469,464),(466,464,470),(386,463,374),(386,468,463),(387,468,386),(387,471,
468),(389,471,387),(471,467,468),(471,472,467),(402,472,471),(389,402,471),
(472,469,467),(402,403,472),(473,470,474),(473,466,470),(443,474,431),(443,
473,474),(444,473,443),(444,475,473),(446,475,444),(475,466,473),(475,465,
466),(454,465,475),(446,454,475),(454,455,465),(418,476,477),(414,416,478),
(409,414,479),(479,480,409),(479,414,481),(478,481,414),(478,416,477),(477,
416,418),(464,469,482),(470,464,483),(474,470,484),(431,474,485),(431,486,
487),(428,487,488),(488,426,428),(487,428,431),(485,486,431),(485,474,489),
(484,489,474),(484,470,490),(483,490,470),(482,483,464),(482,469,491),(491,
469,492),(472,492,469),(403,406,492),(403,492,472),(493,421,495),(418,421,
494),(494,476,418),(496,406,409),(409,480,496),(492,406,497),(498,426,488),
(421,426,499),(499,495,421),(89,88,500),(93,89,501),(501,502,93),(501,89,
503),(500,503,89),(123,116,504),(130,127,505),(505,127,506),(506,127,507),
(507,123,508),(508,123,509),(504,509,123),(504,116,510),(510,116,511),(507,
122,123),(507,126,122),(127,126,507),(511,111,110),(116,111,511),(512,131,
513),(514,141,512),(512,134,131),(512,140,134),(160,153,515),(163,160,516),
(516,517,163),(516,160,518),(515,518,160),(515,153,519),(519,153,520),(520,
148,147),(153,148,520),(514,147,141),(520,147,514),(26,163,521),(15,26,
522),(8,15,523),(523,15,524),(522,524,15),(522,26,525),(521,525,26),(521,
163,517),(1,7,526),(71,64,527),(73,72,528),(77,73,529),(82,77,530),(530,
531,82),(530,77,532),(529,532,77),(529,73,533),(528,533,73),(24,19,534),
(39,24,535),(535,24,536),(534,536,24),(534,19,537),(537,2,538),(537,19,
10),(537,10,2),(45,40,539),(45,540,541),(541,46,45),(539,540,45),(542,109,
104),(542,104,544),(511,110,543),(546,51,547),(549,51,546),(527,64,550),
(549,54,51),(549,63,54),(551,548,50),(552,47,553),(50,46,551),(554,46,541),
(535,555,39),(539,40,556),(526,557,1),(538,2,558),(527,559,71),(528,72,
560),(523,561,8),(526,7,562),(505,563,130),(513,131,564),(565,82,531),(566,
88,83),(500,88,566),(545,103,93),(545,93,502)),());
#1820=COORDINATES_LIST('',444,((0.04227276,-0.0015,-0.00284712),(0.042273,
-0.001501,-0.002846),(0.0422730394736842,-0.0015,-0.00284603947368421),
(0.0422775,-0.0015,-0.002888),(0.042282051948052,-0.0015,-0.00292890909090909),
(0.0422822297297298,-0.0015,-0.00293),(0.042286,-0.001576,-0.002846),(0.0422881486486486,
-0.0015,-0.00301187837837838),(0.0422882876712329,-0.0015,-0.003013),(0.042292,
-0.0015,-0.002775),(0.042293,-0.0015,-0.003085),(0.042295,-0.0015,-0.003142),
(0.042298,-0.001575,-0.002774),(0.042299,-0.001573,-0.00293),(0.042299,
-0.0015,-0.002719),(0.042301,-0.001576,-0.002719),(0.042302,-0.001651,-0.002848),
(0.042304,-0.001576,-0.00314),(0.042306,-0.001653,-0.002723),(0.042308,
-0.001649,-0.00293),(0.042309,-0.001572,-0.003013),(0.042312,-0.001501,
-0.003188),(0.0423121578947369,-0.0015,-0.00318784210526316),(0.0423126578947369,
-0.0015,-0.00318821052631579),(0.042315,-0.001577,-0.003185),(0.042316,
-0.001572,-0.003084),(0.042317,-0.001577,-0.002677),(0.042317,-0.0015,-0.002677),
(0.042319,-0.001726,-0.002853),(0.04232,-0.001648,-0.002779),(0.042322,
-0.001655,-0.002682),(0.042325,-0.001726,-0.002788),(0.042332,-0.001647,
-0.003127),(0.042333,-0.001644,-0.003011),(0.042335,-0.001725,-0.002741),
(0.042337,-0.00165,-0.003163),(0.04234,-0.001797,-0.002862),(0.042343,-0.001798,
-0.003058),(0.042344,-0.001642,-0.003078),(0.042345,-0.001798,-0.002803),
(0.042347,-0.001717,-0.00293),(0.042348,-0.001719,-0.003069),(0.04235,-0.001726,
-0.00271),(0.042351,-0.001719,-0.003112),(0.042351,-0.001716,-0.003005),
(0.042354,-0.001792,-0.002998),(0.042354,-0.001578,-0.00321),(0.042354,
-0.001501,-0.003214),(0.0423541052631579,-0.0015,-0.00321386842105263),
(0.0423547236842105,-0.0015,-0.00264860526315789),(0.0423548133333334,-0.0015,
-0.0032142),(0.042355,-0.001501,-0.002648),(0.0423551447368421,-0.0015,
-0.00264822368421053),(0.042357,-0.001577,-0.002655),(0.042358,-0.001867,
-0.003042),(0.042361,-0.001795,-0.003098),(0.042361,-0.001789,-0.00293),
(0.042362,-0.001862,-0.002871),(0.042362,-0.001794,-0.002763),(0.042363,
-0.001861,-0.00293),(0.042364,-0.001653,-0.002669),(0.042367,-0.001717,
-0.003133),(0.042368,-0.001869,-0.003082),(0.042369,-0.001859,-0.002988),
(0.042371,-0.001649,-0.003175),(0.042374,-0.001859,-0.002821),(0.042378,
-0.001921,-0.00298),(0.042378,-0.001794,-0.003122),(0.04238,-0.001925,-0.003025),
(0.042381,-0.001791,-0.002741),(0.042381,-0.001726,-0.002693),(0.042383,
-0.001917,-0.00293),(0.042388,-0.001868,-0.003112),(0.042389,-0.001855,
-0.002786),(0.04239,-0.001716,-0.003141),(0.042395,-0.001923,-0.003059),
(0.042397,-0.00191,-0.002882),(0.042402,-0.00191,-0.00284),(0.042402,-0.001795,
-0.00314),(0.042403,-0.001855,-0.002763),(0.042405,-0.001791,-0.002727),
(0.042409,-0.001959,-0.00297),(0.04241,-0.001965,-0.003007),(0.042413,-0.001908,
-0.002808),(0.042413,-0.001575,-0.003205),(0.042413,-0.001501,-0.00322),
(0.0424130266666667,-0.0015,-0.00322012),(0.042414,-0.001575,-0.002657),
(0.042414,-0.0015,-0.00322030666666667),(0.042414,-0.0015,-0.002648),(0.042415,
-0.001922,-0.003085),(0.042418,-0.001868,-0.00313),(0.042418,-0.00165,-0.00267),
(0.04242,-0.001948,-0.00293),(0.042421,-0.001645,-0.003167),(0.042425,-0.00196,
-0.003036),(0.042426,-0.001856,-0.002748),(0.042428,-0.001725,-0.002686),
(0.042429,-0.001941,-0.002892),(0.042429,-0.001905,-0.002789),(0.042432,
-0.001717,-0.003147),(0.042433,-0.001941,-0.002858),(0.042441,-0.001942,
-0.002832),(0.042441,-0.001922,-0.003104),(0.042443,-0.001796,-0.00315),
(0.042444,-0.001793,-0.002716),(0.042445,-0.001976,-0.00296),(0.042445,
-0.001955,-0.003055),(0.042447,-0.001971,-0.002929),(0.042449,-0.001978,
-0.002989),(0.042449,-0.001968,-0.002899),(0.042449,-0.001907,-0.002774),
(0.042453,-0.001969,-0.002872),(0.042454,-0.001941,-0.002814),(0.042459,
-0.001865,-0.003137),(0.04246,-0.001974,-0.003011),(0.04246,-0.001971,-0.00285),
(0.042462,-0.001857,-0.002738),(0.042468,-0.001951,-0.003067),(0.042469,
-0.001987,-0.002928),(0.042469,-0.001986,-0.002904),(0.042471,-0.001989,
-0.002952),(0.042471,-0.001987,-0.002883),(0.042472,-0.001943,-0.0028),
(0.042473,-0.001971,-0.002834),(0.042475,-0.001969,-0.003026),(0.042477,
-0.001988,-0.002974),(0.042477,-0.001919,-0.003111),(0.042478,-0.001989,
-0.002866),(0.042479,-0.001912,-0.002758),(0.042484,-0.001994,-0.00289),
(0.042485,-0.001985,-0.002992),(0.042486,-0.0015,-0.003223),(0.042487,-0.001994,
-0.002905),(0.042487,-0.001573,-0.002666),(0.042487,-0.001572,-0.003191),
(0.042487,-0.0015,-0.00265218918918919),(0.0424880921052632,-0.0015,-0.00265192105263158),
(0.042489,-0.001647,-0.002679),(0.042489,-0.001645,-0.003172),(0.04249,
-0.001996,-0.002924),(0.04249,-0.001971,-0.002822),(0.042491,-0.001991,
-0.002853),(0.042491,-0.001967,-0.003037),(0.042493,-0.001997,-0.002883),
(0.042494,-0.001997,-0.002944),(0.042494,-0.001725,-0.002683),(0.042495,
-0.001719,-0.003158),(0.042496,-0.001982,-0.003007),(0.042496,-0.00195,
-0.003075),(0.042497,-0.001947,-0.002788),(0.042499,-0.001997,-0.002962),
(0.042501,-0.001799,-0.003165),(0.04250275,-0.002,-0.00287625),(0.042503,
-0.001999,-0.002901),(0.042503,-0.001791,-0.002719),(0.0425036666666666,
-0.002,-0.00287333333333333),(0.0425045,-0.002,-0.0028719),(0.042505,-0.002,
-0.002888),(0.042506,-0.001996,-0.002978),(0.042506,-0.001993,-0.002842),
(0.0425065,-0.002,-0.002899),(0.042508,-0.001981,-0.003018),(0.042509,-0.002,
-0.0029488),(0.042509,-0.002,-0.002938),(0.042509,-0.002,-0.002918),(0.0425092,
-0.002,-0.0029336),(0.0425103333333334,-0.002,-0.00290433333333333),(0.042511,
-0.002,-0.002956),(0.0425110769230769,-0.002,-0.00286061538461539),(0.042512,
-0.001973,-0.002812),(0.042512,-0.001969,-0.003047),(0.042512,-0.00186,
-0.003133),(0.042512,-0.001853,-0.002742),(0.0425146666666667,-0.002,-0.00296066666666666),
(0.0425149090909091,-0.002,-0.002856),(0.042515,-0.001995,-0.002993),(0.0425193333333334,
-0.002,-0.00297133333333333),(0.042521,-0.001914,-0.00275),(0.0425215,-0.002,
-0.002849),(0.042522,-0.001909,-0.003102),(0.0425228571428571,-0.002,-0.00297514285714286),
(0.042523,-0.001993,-0.003006),(0.042523,-0.001984,-0.003028),(0.042525,
-0.001994,-0.002834),(0.04253,-0.002,-0.00298383333333333),(0.04253,-0.001992,
-0.003016),(0.0425305384615384,-0.002,-0.00284415384615384),(0.042531,-0.001949,
-0.00278),(0.042531,-0.001948,-0.003079),(0.04253175,-0.002,-0.002985),
(0.0425374,-0.002,-0.0028404),(0.042538,-0.001976,-0.003057),(0.04254,-0.002,
-0.002997),(0.04254,-0.001973,-0.002807),(0.042543,-0.00199,-0.003034),
(0.042545,-0.001997,-0.003014),(0.0425466666666666,-0.002,-0.002934),(0.042548,
-0.001995,-0.002828),(0.0425483333333333,-0.002,-0.00293933333333334),(0.042549,
-0.002,-0.002948),(0.0425496666666667,-0.002,-0.00295666666666667),(0.0425508571428571,
-0.002,-0.00283585714285715),(0.042552,-0.002,-0.00293166666666666),(0.042554,
-0.001999,-0.002937),(0.0425543333333333,-0.002,-0.00296666666666667),(0.04255475,
-0.002,-0.00299675),(0.04255525,-0.002,-0.0029725),(0.0425573333333333,
-0.002,-0.002834),(0.042559,-0.002,-0.0029255),(0.0425605,-0.002,-0.00298525),
(0.042561,-0.002,-0.003001),(0.042561,-0.001998,-0.002952),(0.0425625,-0.002,
-0.00298975),(0.042564,-0.001999,-0.003011),(0.0425672,-0.002,-0.0029236),
(0.042568,-0.001997,-0.002968),(0.042568,-0.001995,-0.003035),(0.042569,
-0.001981,-0.003061),(0.04257,-0.001998,-0.00293),(0.04257,-0.00195,-0.003082),
(0.04257,-0.001943,-0.002785),(0.04257,-0.001906,-0.002761),(0.04257,-0.001905,
-0.003097),(0.04257,-0.001854,-0.003122),(0.04257,-0.001851,-0.002745),
(0.04257,-0.001797,-0.00316),(0.04257,-0.001791,-0.002718),(0.04257,-0.001722,
-0.00269),(0.04257,-0.001721,-0.003164),(0.04257,-0.001648,-0.003189),(0.04257,
-0.001648,-0.002672),(0.04257,-0.001575,-0.00321),(0.04257,-0.001575,-0.002646),
(0.04257,-0.001501,-0.003231),(0.04257,-0.0015,-0.00323106666666666),(0.04257,
-0.0015,-0.00264698684210527),(0.042571,-0.00197,-0.002807),(0.0425710389610389,
-0.0015,-0.00323077922077922),(0.0425710759493671,-0.0015,-0.00264686075949367),
(0.042572,-0.001994,-0.002826),(0.0425725714285715,-0.002,-0.00292371428571429),
(0.0425735,-0.002,-0.0028335),(0.042576,-0.001997,-0.002986),(0.042577,
-0.001994,-0.002946),(0.0425822857142857,-0.002,-0.00283328571428571),(0.042584,
-0.002,-0.00291871428571428),(0.042584,-0.001997,-0.003006),(0.042584,-0.001992,
-0.002962),(0.042586,-0.001998,-0.002923),(0.0425882222222222,-0.002,-0.00291811111111111),
(0.042592,-0.001994,-0.003031),(0.042592,-0.001992,-0.002979),(0.042592,
-0.001992,-0.002939),(0.0425965,-0.002,-0.002834),(0.042597,-0.001992,-0.002825),
(0.042598,-0.001989,-0.002955),(0.042601,-0.001982,-0.003059),(0.042601,
-0.001966,-0.002811),(0.042602,-0.002,-0.002916),(0.042602,-0.001994,-0.003),
(0.042606,-0.001988,-0.002972),(0.0426071818181818,-0.002,-0.00283663636363636),
(0.042608,-0.001993,-0.002932),(0.042608,-0.001935,-0.002796),(0.042609,
-0.001954,-0.003085),(0.0426115,-0.0015,-0.0032225),(0.0426125,-0.002,-0.00283864285714286),
(0.042613,-0.001988,-0.002948),(0.042614,-0.001991,-0.003024),(0.042617,
-0.001989,-0.002992),(0.042617,-0.001898,-0.002775),(0.042618,-0.002,-0.0028444375),
(0.042618,-0.001989,-0.00283),(0.042619,-0.001915,-0.003112),(0.04262,-0.001985,
-0.002965),(0.042621,-0.002,-0.002908),(0.0426221666666666,-0.002,-0.00284766666666667),
(0.042625,-0.001993,-0.002924),(0.042627,-0.001963,-0.002817),(0.042628,
-0.001987,-0.002941),(0.042628,-0.001853,-0.002742),(0.042628125,-0.002,
-0.0028609375),(0.042629,-0.001979,-0.003052),(0.042629,-0.001861,-0.003134),
(0.04262925,-0.002,-0.00288375),(0.0426301764705882,-0.002,-0.00286352941176471),
(0.042631,-0.001983,-0.002983),(0.0426312,-0.002,-0.002875),(0.042632,-0.001984,
-0.003014),(0.042633,-0.001987,-0.002839),(0.042634,-0.001998,-0.002881),
(0.042634,-0.001984,-0.002958),(0.042638,-0.001798,-0.003162),(0.042638,
-0.001793,-0.002712),(0.04264,-0.001994,-0.002898),(0.042641,-0.001935,
-0.002799),(0.042643,-0.001982,-0.002975),(0.042644,-0.001991,-0.002916),
(0.042645,-0.001986,-0.002852),(0.042645,-0.001955,-0.00308),(0.042646,
-0.001979,-0.003003),(0.042647,-0.001987,-0.002936),(0.042647,-0.001728,
-0.002672),(0.042647,-0.001726,-0.00318),(0.042648,-0.001963,-0.002824),
(0.042649,-0.001984,-0.002955),(0.042651,-0.001974,-0.00304),(0.0426519078947368,
-0.0015,-0.00321394736842105),(0.042652,-0.001982,-0.002969),(0.042652,
-0.001651,-0.003198),(0.042652,-0.001651,-0.002661),(0.0426520379746836,
-0.0015,-0.00265278481012658),(0.0426529866666666,-0.0015,-0.00265312),
(0.042653012987013,-0.0015,-0.00321402597402598),(0.042654,-0.001984,-0.002868),
(0.042654,-0.001576,-0.003216),(0.042655,-0.001578,-0.002636),(0.042657,
-0.001978,-0.002991),(0.042658,-0.001902,-0.002772),(0.042661,-0.001983,
-0.002887),(0.042662,-0.001916,-0.003107),(0.042664,-0.001965,-0.002836),
(0.042666,-0.00198,-0.002976),(0.042667,-0.001984,-0.002908),(0.042667,
-0.00197,-0.003026),(0.042667,-0.00194,-0.002802),(0.04267,-0.001985,-0.002932),
(0.04267,-0.001983,-0.002956),(0.042672,-0.001952,-0.003068),(0.042676,
-0.001967,-0.002851),(0.042679,-0.001969,-0.00301),(0.042679,-0.00186,-0.003128),
(0.04268,-0.001862,-0.002728),(0.042685,-0.001969,-0.002873),(0.042688,
-0.001944,-0.002812),(0.042689,-0.001971,-0.002989),(0.042691,-0.001948,
-0.003051),(0.042692,-0.001972,-0.0029),(0.042692,-0.001909,-0.002772),
(0.042693,-0.001911,-0.003091),(0.042696,-0.001975,-0.002962),(0.042696,
-0.001794,-0.003147),(0.042697,-0.001976,-0.002931),(0.042698,-0.0018,-0.002699),
(0.042703,-0.001946,-0.00303),(0.042704,-0.001948,-0.00283),(0.042711,-0.001946,
-0.003003),(0.042712,-0.001725,-0.003171),(0.042712,-0.001724,-0.002689),
(0.042714,-0.001909,-0.003074),(0.042715,-0.00195,-0.002856),(0.042715,
-0.001857,-0.003113),(0.042716,-0.001911,-0.002784),(0.042717,-0.001946,
-0.002969),(0.04272,-0.001646,-0.002686),(0.042721,-0.00195,-0.002891),
(0.042721,-0.001949,-0.00293),(0.042721,-0.001867,-0.002731),(0.042722,
-0.00165,-0.00319),(0.0427240266666667,-0.0015,-0.00265805333333333),(0.0427246301369863,
-0.0015,-0.00265843835616438),(0.042726,-0.001907,-0.003051),(0.042726,
-0.001574,-0.002662),(0.042727,-0.0015,-0.003215),(0.042729,-0.001578,-0.003223),
(0.042731,-0.001905,-0.003019),(0.042732,-0.001912,-0.002806),(0.042732,
-0.001903,-0.002977),(0.042734,-0.00179,-0.003129),(0.042735,-0.001854,
-0.003095),(0.04274,-0.001907,-0.00293),(0.042743,-0.001801,-0.002707),
(0.042745,-0.001852,-0.003071),(0.042745,-0.001847,-0.002987),(0.042746,
-0.001915,-0.002838),(0.042747,-0.001849,-0.003036),(0.04275,-0.001914,
-0.002881),(0.04275,-0.001867,-0.00275),(0.042752,-0.001719,-0.003146),
(0.042754,-0.001721,-0.002707),(0.042756,-0.001789,-0.003116),(0.042761,
-0.001854,-0.00293),(0.042768,-0.001789,-0.003093),(0.042768,-0.001647,
-0.003169),(0.042768,-0.001647,-0.002691),(0.042769,-0.001798,-0.002731),
(0.04277,-0.001868,-0.002778),(0.04277,-0.001572,-0.00269),(0.042771,-0.001859,
-0.002872),(0.042774,-0.001718,-0.003134),(0.042774,-0.001718,-0.002726),
(0.042777,-0.001791,-0.003055),(0.042778,-0.001865,-0.002819),(0.042778,
-0.0015,-0.002666),(0.042779,-0.0015,-0.003197),(0.04278,-0.001576,-0.003196),
(0.042781,-0.001795,-0.002762),(0.042781,-0.00179,-0.002863),(0.042784,
-0.001718,-0.002749),(0.042787,-0.001794,-0.002804),(0.042793,-0.001794,
-0.00293),(0.042793,-0.001647,-0.003153),(0.042794,-0.001719,-0.002791),
(0.042794,-0.001718,-0.002855),(0.042794,-0.001572,-0.002706),(0.042795,
-0.001796,-0.002998),(0.042796,-0.001722,-0.003115),(0.042797,-0.001648,
-0.002703),(0.0428038630136987,-0.0015,-0.00269613698630137),(0.0428041621621622,
-0.0015,-0.00269643243243243),(0.042812,-0.001648,-0.002732),(0.042812,
-0.001575,-0.003172),(0.042813,-0.001648,-0.003129),(0.042815,-0.001726,
-0.003072),(0.042816,-0.001573,-0.002728),(0.042817,-0.0015,-0.003177),
(0.042818,-0.001647,-0.002779),(0.042819945945946,-0.0015,-0.00272898648648648),
(0.0428203896103896,-0.0015,-0.00272955844155844),(0.042825,-0.001727,-0.00293),
(0.042829,-0.00165,-0.003082),(0.042831,-0.001729,-0.003007),(0.042835,
-0.00165,-0.002848),(0.042838,-0.001651,-0.003012),(0.042841,-0.001651,
-0.00293),(0.042844,-0.001577,-0.003143),(0.042844,-0.0015,-0.003142),(0.042846,
-0.001574,-0.00293),(0.042847,-0.001575,-0.003014),(0.04285,-0.001576,-0.002772),
(0.042851,-0.0015,-0.002774),(0.0428529066666666,-0.0015,-0.00284810666666667),
(0.0428531898734177,-0.0015,-0.0028469746835443),(0.042855,-0.001577,-0.003088),
(0.042858,-0.001501,-0.003087),(0.0428580394736842,-0.0015,-0.00308694736842105),
(0.0428584324324325,-0.0015,-0.003086),(0.042861,-0.0015,-0.0028885),(0.042863,
-0.0015,-0.003014),(0.042868,-0.001578,-0.002845),(0.042869,-0.001501,-0.00293),
(0.0428691333333334,-0.0015,-0.00292890666666667),(0.0428693108108108,-0.0015,
-0.00293)));
#1821=COORDINATES_LIST('',446,((-0.0132962368421053,-0.0015,0.00966068421052632),
(-0.0132962368421053,-0.0015,0.009664),(-0.013296,-0.001503,0.009664),(-0.0132893466666667,
-0.0015,0.00957902666666667),(-0.013289,-0.001502,0.009579),(-0.0132887368421053,
-0.0015,0.00957715789473684),(-0.01328448,-0.0015,0.00974576),(-0.0132841578947368,
-0.0015,0.00974794736842105),(-0.013284,-0.001502,0.009748),(-0.013282,
-0.001579,0.009664),(-0.01328,-0.001578,0.009749),(-0.013267,-0.0015,0.009821),
(-0.013264,-0.0015,0.009507),(-0.013263,-0.001576,0.009579),(-0.0132590789473684,
-0.0015,0.00987718421052632),(-0.013259,-0.001501,0.009878),(-0.013259,
-0.0015,0.00987796052631579),(-0.013258,-0.001576,0.009821),(-0.013252,
-0.001732,0.009664),(-0.013252,-0.001651,0.009664),(-0.013245,-0.00165,
0.009746),(-0.013243,-0.0015,0.009456),(-0.0132382763157895,-0.0015,0.00992138157894737),
(-0.013238,-0.001574,0.00987),(-0.013238,-0.001501,0.009922),(-0.013237947368421,
-0.0015,0.00992194736842105),(-0.013237,-0.001648,0.009582),(-0.013235,
-0.001572,0.00951),(-0.013233,-0.001727,0.009587),(-0.013232,-0.001726,
0.00974),(-0.013232,-0.001648,0.009815),(-0.013229,-0.001648,0.009513),
(-0.013227,-0.001573,0.009461),(-0.013223,-0.001725,0.009522),(-0.013223,
-0.001648,0.009465),(-0.013221,-0.001575,0.009905),(-0.013218,-0.0015,0.009426),
(-0.013216,-0.001574,0.009428),(-0.013214,-0.001722,0.009804),(-0.013214,
-0.001646,0.009859),(-0.013211,-0.00165,0.009432),(-0.013207,-0.001723,
0.009478),(-0.013205,-0.001796,0.009596),(-0.013205,-0.001795,0.009664),
(-0.013204,-0.001721,0.009848),(-0.013203,-0.001647,0.009887),(-0.013202,
-0.001795,0.009732),(-0.013199,-0.001799,0.009835),(-0.013199,-0.001795,
0.00979),(-0.0131965,-0.0015,0.00994661842105263),(-0.013196,-0.001724,
0.00988),(-0.013196,-0.001501,0.009947),(-0.0131958815789474,-0.0015,0.00994682894736842),
(-0.013195,-0.001794,0.009538),(-0.013192,-0.001722,0.009452),(-0.01319,
-0.001576,0.009931),(-0.013186,-0.001803,0.00987),(-0.013183,-0.001651,
0.00941),(-0.013183,-0.001573,0.009415),(-0.0131824533333333,-0.0015,0.00941221333333333),
(-0.0131820135135135,-0.0015,0.00941204054054054),(-0.01318,-0.001649,0.00991),
(-0.013176,-0.001788,0.009501),(-0.013169,-0.001726,0.0099),(-0.013168,
-0.001725,0.009429),(-0.013165,-0.001788,0.009479),(-0.013158,-0.001848,
0.009664),(-0.013157,-0.001853,0.009806),(-0.013157,-0.001848,0.009607),
(-0.013155,-0.001848,0.009558),(-0.013153,-0.001801,0.009886),(-0.013152,
-0.001847,0.009769),(-0.013149,-0.001857,0.009833),(-0.013148,-0.001844,
0.00972),(-0.013146,-0.001793,0.009458),(-0.013145,-0.001846,0.009526),
(-0.01314,-0.001902,0.009617),(-0.0131396315789474,-0.0015,0.00995965789473684),
(-0.013139,-0.001578,0.009955),(-0.013139,-0.001501,0.00996),(-0.0131388947368421,
-0.0015,0.00995976315789474),(-0.013138,-0.001899,0.009664),(-0.013135,
-0.001845,0.009509),(-0.013135,-0.001574,0.009401),(-0.013135,-0.0015,0.009385),
(-0.013134,-0.001654,0.009939),(-0.013132,-0.00165,0.009403),(-0.013131,
-0.001898,0.009577),(-0.013125,-0.001857,0.009847),(-0.013123,-0.001891,
0.00971),(-0.013122,-0.001726,0.009417),(-0.013122,-0.001726,0.009909),
(-0.013121,-0.001941,0.009626),(-0.013121,-0.001895,0.009778),(-0.01312,
-0.001939,0.009664),(-0.01312,-0.001894,0.00955),(-0.013119,-0.001849,0.009494),
(-0.013118,-0.001902,0.009801),(-0.013116,-0.001887,0.009748),(-0.013113,
-0.001938,0.009592),(-0.013111,-0.001932,0.009701),(-0.013109,-0.001892,
0.009534),(-0.013108,-0.001799,0.009435),(-0.013107,-0.001796,0.009885),
(-0.013103,-0.001935,0.009569),(-0.013102,-0.001927,0.009733),(-0.013101,
-0.001907,0.00982),(-0.0131,-0.001931,0.009757),(-0.013096,-0.001963,0.009634),
(-0.013096,-0.001962,0.009664),(-0.013094,-0.001938,0.009778),(-0.013094,
-0.001893,0.009524),(-0.013093,-0.001959,0.009694),(-0.013092,-0.001964,
0.009607),(-0.01309,-0.001931,0.009554),(-0.013087,-0.001955,0.009719),
(-0.013087,-0.001854,0.009849),(-0.013086,-0.001851,0.009484),(-0.013084,
-0.001964,0.009586),(-0.013081,-0.001955,0.009739),(-0.013079,-0.001944,
0.009794),(-0.013074,-0.001972,0.009689),(-0.013073,-0.001972,0.009666),
(-0.013073,-0.001929,0.009545),(-0.013072,-0.001962,0.009571),(-0.013072,
-0.00196,0.009755),(-0.013071,-0.00197,0.009709),(-0.01307,-0.001971,0.009643),
(-0.01307,-0.001907,0.009828),(-0.013066,-0.001972,0.009622),(-0.013065,
-0.001892,0.009521),(-0.013065,-0.001577,0.009954),(-0.013064,-0.00197,
0.009723),(-0.013064,-0.001574,0.009389),(-0.013063,-0.001657,0.009957),
(-0.013063,-0.0015,0.009374),(-0.013063,-0.0015,0.009951),(-0.013061,-0.001648,
0.009408),(-0.01306,-0.001976,0.009702),(-0.01306,-0.001973,0.009604),(-0.013058,
-0.001966,0.009769),(-0.013057,-0.001978,0.009688),(-0.013057,-0.001729,
0.009925),(-0.013057,-0.001727,0.009411),(-0.013056,-0.001959,0.009561),
(-0.013054,-0.001974,0.009735),(-0.013053,-0.001977,0.00967),(-0.013053,
-0.001944,0.009803),(-0.013052,-0.001979,0.009708),(-0.013051,-0.001973,
0.00959),(-0.013049,-0.001974,0.009651),(-0.013049,-0.001929,0.00954),(-0.013048,
-0.001796,0.009438),(-0.013048,-0.001794,0.009884),(-0.013045,-0.001974,
0.009634),(-0.013043,-0.001983,0.009692),(-0.013041,-0.001978,0.009746),
(-0.01304,-0.001982,0.009716),(-0.01304,-0.001973,0.009578),(-0.013039,
-0.001976,0.009618),(-0.013037,-0.001981,0.009675),(-0.013037,-0.001969,
0.009779),(-0.013037,-0.001851,0.009848),(-0.013037,-0.001846,0.009491),
(-0.013036,-0.001957,0.009555),(-0.013032,-0.001979,0.009658),(-0.013032,
-0.001978,0.009604),(-0.01303,-0.001987,0.009699),(-0.013027,-0.001985,
0.009725),(-0.013027,-0.001979,0.009643),(-0.013027,-0.001903,0.009827),
(-0.013026,-0.001892,0.009519),(-0.013025,-0.00198,0.009592),(-0.013025,
-0.001973,0.009571),(-0.013023,-0.001986,0.009682),(-0.013023,-0.001981,
0.009754),(-0.013021,-0.001981,0.009628),(-0.013018,-0.00198,0.009582),
(-0.013018,-0.001943,0.009807),(-0.013017,-0.001985,0.009666),(-0.013017,
-0.00193,0.009535),(-0.013016,-0.00199,0.009706),(-0.013015,-0.001985,0.009614),
(-0.013011,-0.001987,0.009732),(-0.013011,-0.001984,0.00965),(-0.01301,
-0.001968,0.009783),(-0.01301,-0.001958,0.009551),(-0.013009,-0.001988,
0.009599),(-0.013008,-0.00199,0.009689),(-0.013006,-0.001977,0.009567),
(-0.013005,-0.001988,0.009636),(-0.013005,-0.001987,0.009583),(-0.013002,
-0.00199,0.009713),(-0.013002,-0.001988,0.009673),(-0.013001,-0.001979,
0.009758),(-0.012998,-0.001993,0.00962),(-0.012996,-0.001989,0.009657),
(-0.012993,-0.00199,0.009695),(-0.012993,-0.001983,0.009736),(-0.012992,
-0.001998,0.009603),(-0.012989,-0.001993,0.009642),(-0.012987,-0.001989,
0.009679),(-0.0129868571428571,-0.002,0.00960414285714286),(-0.012986,-0.001996,
0.009584),(-0.012985,-0.001986,0.009717),(-0.012982,-0.001999,0.009625),
(-0.012982,-0.001983,0.009565),(-0.012981,-0.00196,0.009548),(-0.0129806666666667,
-0.002,0.00959422222222222),(-0.0129806666666667,-0.002,0.009622),(-0.01298,
-0.001991,0.009664),(-0.01298,-0.001941,0.009806),(-0.01298,-0.001933,0.009531),
(-0.01298,-0.001904,0.009829),(-0.01298,-0.001897,0.00951),(-0.01298,-0.001852,
0.009851),(-0.01298,-0.001849,0.009484),(-0.01298,-0.001795,0.009439),(-0.01298,
-0.001795,0.00989),(-0.01298,-0.001732,0.009937),(-0.01298,-0.001724,0.009419),
(-0.01298,-0.001656,0.009958),(-0.01298,-0.001647,0.00941),(-0.01298,-0.001578,
0.009366),(-0.01298,-0.001578,0.00996),(-0.01298,-0.001502,0.009353),(-0.01298,
-0.0015,0.00935302631578947),(-0.01298,-0.0015,0.00993592592592593),(-0.012979,
-0.00196,0.009779),(-0.012978,-0.002,0.0096265),(-0.012978,-0.001988,0.009701),
(-0.0129778961038961,-0.0015,0.00935336363636364),(-0.012977,-0.00197,0.009756),
(-0.0129768101265823,-0.0015,0.00993556962025316),(-0.0129745714285714,
-0.002,0.00958514285714286),(-0.012974,-0.001976,0.009737),(-0.012973,-0.001996,
0.009648),(-0.012971,-0.001988,0.009685),(-0.012969,-0.002,0.00963828571428571),
(-0.012969,-0.00198,0.009721),(-0.0129642857142857,-0.002,0.0095815),(-0.012964,
-0.001991,0.00967),(-0.012962,-0.002,0.009643),(-0.012962,-0.001983,0.009706),
(-0.012958,-0.001997,0.009655),(-0.012958,-0.001989,0.009565),(-0.012956,
-0.001968,0.009738),(-0.0129556666666667,-0.002,0.00958),(-0.012955,-0.002,
0.00964771428571429),(-0.012955,-0.001985,0.009692),(-0.012955,-0.001961,
0.009752),(-0.012953,-0.001972,0.009725),(-0.01295,-0.001966,0.009546),
(-0.01295,-0.001951,0.009771),(-0.012948,-0.001989,0.009677),(-0.0129465,
-0.002,0.00965),(-0.012946,-0.001975,0.009712),(-0.012943,-0.001963,0.009739),
(-0.012942,-0.001996,0.009662),(-0.012942,-0.001942,0.009522),(-0.012942,
-0.001934,0.009797),(-0.0129401428571429,-0.002,0.00957742857142857),(-0.012939,
-0.001979,0.009699),(-0.012938,-0.002,0.00965228571428571),(-0.012938,-0.001965,
0.009732),(-0.012937,-0.001957,0.009749),(-0.012935,-0.001994,0.009568),
(-0.012932,-0.001984,0.009685),(-0.012932,-0.001908,0.009494),(-0.012932,
-0.001905,0.00983),(-0.01293,-0.001967,0.009721),(-0.012926,-0.001991,0.009669),
(-0.012926,-0.001948,0.009766),(-0.0129256666666667,-0.002,0.00958),(-0.0129254,
-0.002,0.0096492),(-0.012924,-0.001958,0.009743),(-0.012922,-0.001973,0.009546),
(-0.012922,-0.00197,0.009709),(-0.012922,-0.001854,0.009473),(-0.012921,
-0.001861,0.009868),(-0.01292,-0.002,0.00958233333333333),(-0.012919,-0.001998,
0.009652),(-0.0129162,-0.002,0.0096448),(-0.012915,-0.001996,0.009575),
(-0.012915,-0.001976,0.009694),(-0.012913,-0.001959,0.009734),(-0.012912,
-0.001792,0.009448),(-0.012911,-0.001929,0.009788),(-0.012911,-0.0018,0.0099),
(-0.0129093333333333,-0.002,0.00958966666666667),(-0.012908,-0.001983,0.009677),
(-0.012907,-0.001948,0.00976),(-0.012906,-0.00195,0.009518),(-0.0129055714285714,
-0.002,0.00963571428571429),(-0.0129054,-0.002,0.009594),(-0.012905,-0.00196,
0.009721),(-0.012904,-0.00172,0.009432),(-0.012903,-0.001728,0.009922),
(-0.012902,-0.001991,0.009658),(-0.0129006,-0.002,0.0096274),(-0.0128991818181818,
-0.002,0.00960218181818182),(-0.012899,-0.001996,0.009586),(-0.012899,-0.001647,
0.009414),(-0.012898,-0.001978,0.009551),(-0.0128979240506329,-0.0015,0.00992883544303797),
(-0.0128975,-0.002,0.0096195),(-0.0128974285714286,-0.002,0.00961114285714286),
(-0.0128972,-0.002,0.009616),(-0.012897,-0.001996,0.009638),(-0.012897,
-0.001963,0.009705),(-0.012897,-0.001653,0.009941),(-0.0128960779220779,
-0.0015,0.00935823376623377),(-0.012896,-0.001576,0.00995),(-0.012896,-0.001502,
0.009358),(-0.0128951538461538,-0.0015,0.00992826923076923),(-0.012895,
-0.001577,0.009374),(-0.0128941818181818,-0.0015,0.00935831168831169),(-0.012894,
-0.001949,0.009751),(-0.012893,-0.001998,0.009623),(-0.012892,-0.001903,
0.009822),(-0.01289,-0.001971,0.009684),(-0.01289,-0.00191,0.009495),(-0.012887,
-0.001929,0.009782),(-0.012886,-0.001995,0.009599),(-0.012885,-0.001949,
0.009737),(-0.012883,-0.00198,0.009661),(-0.012879,-0.00198,0.009563),(-0.012878,
-0.001992,0.009616),(-0.012878,-0.001987,0.009637),(-0.012878,-0.00195,
0.009718),(-0.012877,-0.001953,0.009525),(-0.012873,-0.001853,0.009479),
(-0.012871,-0.00193,0.009773),(-0.01287,-0.001955,0.009692),(-0.012869,
-0.001865,0.009871),(-0.012866,-0.001978,0.009581),(-0.012862,-0.001964,
0.009663),(-0.012862,-0.001929,0.009756),(-0.012861,-0.001904,0.009816),
(-0.012858,-0.001976,0.009604),(-0.012858,-0.001928,0.009733),(-0.012858,
-0.00191,0.009504),(-0.012857,-0.001971,0.009632),(-0.012856,-0.001953,
0.00954),(-0.012855,-0.001791,0.009455),(-0.012851,-0.00193,0.009701),(-0.012851,
-0.001802,0.0099),(-0.012845,-0.001948,0.009563),(-0.012842,-0.001938,0.009664),
(-0.012842,-0.001715,0.009452),(-0.012841,-0.001904,0.009803),(-0.01284,
-0.001944,0.009591),(-0.012839,-0.001851,0.00949),(-0.012839,-0.001722,
0.009897),(-0.012837,-0.001943,0.009625),(-0.012836,-0.001909,0.00952),
(-0.012835,-0.001893,0.00975),(-0.012834,-0.001899,0.00978),(-0.01283,-0.001895,
0.00971),(-0.01283,-0.001647,0.009909),(-0.012829,-0.001648,0.009412),(-0.012828,
-0.001868,0.009864),(-0.012827,-0.001905,0.009544),(-0.0128249868421053,
-0.0015,0.00993993421052631),(-0.0128243157894737,-0.0015,0.00993977631578947),
(-0.012824,-0.001575,0.009935),(-0.012824,-0.001574,0.009397),(-0.0128220526315789,
-0.0015,0.00937098684210526),(-0.012822,-0.001903,0.009575),(-0.012822,
-0.001501,0.009371),(-0.0128213157894737,-0.0015,0.00937121052631579),(-0.01282,
-0.001849,0.009504),(-0.012817,-0.001902,0.009664),(-0.012816,-0.00179,
0.009464),(-0.012812,-0.001907,0.009616),(-0.012812,-0.001848,0.009525),
(-0.012805,-0.001804,0.009893),(-0.012803,-0.001849,0.009558),(-0.012803,
-0.001714,0.009459),(-0.012802,-0.001865,0.009841),(-0.012801,-0.001849,
0.009721),(-0.0128,-0.001851,0.00977),(-0.012796,-0.001858,0.009809),(-0.012796,
-0.001721,0.009888),(-0.012794,-0.001789,0.009478),(-0.012788,-0.001854,
0.009664),(-0.012786,-0.001856,0.009606),(-0.012785,-0.001788,0.009501),
(-0.012785,-0.001646,0.009896),(-0.012783,-0.001714,0.009467),(-0.012777,
-0.001651,0.00941),(-0.012775,-0.00179,0.009539),(-0.012774,-0.001715,0.009486),
(-0.012773,-0.001804,0.009871),(-0.012773,-0.001575,0.009923),(-0.012771,
-0.001575,0.009401),(-0.01277,-0.0015,0.009934),(-0.012768,-0.001722,0.009876),
(-0.012767,-0.001791,0.009731),(-0.0127650657894737,-0.0015,0.00938305263157895),
(-0.012765,-0.001501,0.009383),(-0.0127644868421053,-0.0015,0.00938335526315789),
(-0.012761,-0.001799,0.009835),(-0.012759,-0.001796,0.00979),(-0.012759,
-0.001794,0.009664),(-0.012759,-0.001718,0.009525),(-0.012758,-0.001646,
0.009886),(-0.012756,-0.001795,0.009596),(-0.012751,-0.001723,0.00985),
(-0.012749,-0.00172,0.009739),(-0.012746,-0.001722,0.009804),(-0.012746,
-0.00165,0.00943),(-0.012742,-0.001722,0.009588),(-0.012742,-0.001574,0.009901),
(-0.012738,-0.001723,0.009664),(-0.012738,-0.001648,0.009862),(-0.012736,
-0.001648,0.009465),(-0.012735,-0.001647,0.009514),(-0.012734,-0.001576,
0.009418),(-0.01273,-0.0015,0.009413),(-0.012726,-0.001571,0.009581),(-0.012726,
-0.0015,0.009918),(-0.012724,-0.001574,0.00987),(-0.012722,-0.001649,0.009582),
(-0.012719,-0.001573,0.009509),(-0.012717,-0.001575,0.009455),(-0.012716,
-0.0015,0.009456),(-0.012712,-0.001652,0.009817),(-0.012709,-0.001651,0.009746),
(-0.012709,-0.001575,0.00982),(-0.012706,-0.001652,0.009664),(-0.0127003611111111,
-0.0015,0.009581),(-0.0127002567567568,-0.0015,0.00958002702702702),(-0.0127,
-0.0015,0.009508),(-0.012699,-0.001575,0.009748),(-0.012698,-0.001575,0.009664),
(-0.0126962368421053,-0.0015,0.0098806447368421),(-0.012696,-0.001501,0.00988),
(-0.0126957894736842,-0.0015,0.00988005263157895),(-0.012689,-0.0015,0.009664),
(-0.0126731818181818,-0.0015,0.00982555844155844),(-0.012673,-0.001502,
0.009824),(-0.01267268,-0.0015,0.00982397333333333),(-0.012671,-0.001502,
0.009748),(-0.0126709736842105,-0.0015,0.00974794736842105),(-0.0126707333333333,
-0.0015,0.00975)));
#1822=COORDINATES_LIST('',437,((-0.019044,-0.0015,0.00982),(-0.0190438533333333,
-0.0015,0.00958210666666667),(-0.0190438533333333,-0.0015,0.009664),(-0.0190438133333334,
-0.0015,0.00958098666666667),(-0.019043698630137,-0.0015,0.00966513698630137),
(-0.0190397534246575,-0.0015,0.00974601369863014),(-0.0190397162162162,
-0.0015,0.00974697297297297),(-0.019037,-0.001653,0.009664),(-0.019034,
-0.001575,0.009507),(-0.019033,-0.001574,0.009664),(-0.01903,-0.001574,
0.00958),(-0.019027,-0.0015,0.009873),(-0.0190252337662337,-0.0015,0.0095108961038961),
(-0.0190251315789473,-0.0015,0.00951281578947369),(-0.019025,-0.00165,0.009582),
(-0.019022,-0.001572,0.009747),(-0.019021,-0.001729,0.009587),(-0.01902,
-0.001652,0.009869),(-0.019019,-0.001573,0.009818),(-0.019018,-0.00165,
0.009816),(-0.019017,-0.001574,0.00987),(-0.019016,-0.001649,0.009512),
(-0.019016,-0.001648,0.009745),(-0.019015,-0.001727,0.009664),(-0.019012,
-0.001731,0.009858),(-0.019012,-0.001574,0.009459),(-0.0190093289473684,
-0.0015,0.00946357894736842),(-0.01900904,-0.0015,0.00946294666666667),
(-0.019009,-0.001655,0.009912),(-0.019003,-0.001725,0.009806),(-0.019002,
-0.001725,0.009522),(-0.019002,-0.001575,0.009905),(-0.019,-0.001648,0.009466),
(-0.018999,-0.001736,0.009903),(-0.018999,-0.0015,0.009902),(-0.0189922666666666,
-0.0015,0.00943236),(-0.018992,-0.001573,0.009432),(-0.018992,-0.0015,0.009432),
(-0.018987,-0.001648,0.009437),(-0.018986,-0.001719,0.009739),(-0.018985,
-0.001798,0.009791),(-0.018985,-0.001795,0.009664),(-0.018981,-0.00172,
0.00948),(-0.018979,-0.001799,0.009835),(-0.018978,-0.001793,0.009731),
(-0.018974,-0.001792,0.009596),(-0.018974,-0.001658,0.009948),(-0.018973,
-0.001576,0.009936),(-0.01897,-0.001721,0.009453),(-0.018967,-0.001574,
0.009406),(-0.0189633918918919,-0.0015,0.00941128378378378),(-0.0189631298701299,
-0.0015,0.00991724675324675),(-0.0189630533333334,-0.0015,0.00941093333333333),
(-0.018963,-0.001801,0.009867),(-0.0189624025974026,-0.0015,0.00991733766233766),
(-0.018961,-0.001788,0.00954),(-0.018961,-0.001738,0.009933),(-0.018959,
-0.001858,0.009722),(-0.018959,-0.001648,0.00942),(-0.018952,-0.001857,
0.009772),(-0.018952,-0.001854,0.009664),(-0.018952,-0.001786,0.009502),
(-0.018947,-0.001859,0.00981),(-0.018945,-0.001722,0.009438),(-0.018944,
-0.001851,0.009606),(-0.018942,-0.001919,0.009571),(-0.018942,-0.001852,
0.009557),(-0.018942,-0.001786,0.009482),(-0.018936,-0.001911,0.009712),
(-0.018935,-0.001911,0.009615),(-0.018935,-0.001852,0.009522),(-0.018934,
-0.001922,0.009535),(-0.018933,-0.001908,0.009664),(-0.018932,-0.0018,0.009884),
(-0.018931,-0.001859,0.009835),(-0.018925,-0.001907,0.009753),(-0.018924,
-0.001853,0.0095),(-0.018921,-0.001786,0.009472),(-0.01892,-0.001965,0.009586),
(-0.018919,-0.001958,0.009624),(-0.018918,-0.001909,0.009786),(-0.018917,
-0.001576,0.009943),(-0.018917,-0.001575,0.009388),(-0.018915,-0.001952,
0.009664),(-0.018915,-0.001656,0.009948),(-0.0189147066666666,-0.0015,0.00939218666666667),
(-0.0189140394736842,-0.0015,0.00939194736842105),(-0.018914038961039,-0.0015,
0.00993312987012987),(-0.0189130666666666,-0.0015,0.00993306666666667),
(-0.018913,-0.00192,0.00951),(-0.018911,-0.001968,0.009555),(-0.01891,-0.001646,
0.009422),(-0.018909,-0.001915,0.009813),(-0.018908,-0.001948,0.009703),
(-0.018905,-0.001857,0.009848),(-0.018905,-0.001733,0.009931),(-0.018903,
-0.001947,0.009737),(-0.018903,-0.001854,0.009486),(-0.0189,-0.001721,0.009434),
(-0.018898,-0.001952,0.009766),(-0.018893,-0.001983,0.009664),(-0.018892,
-0.001985,0.009633),(-0.01889,-0.001964,0.009533),(-0.018889,-0.001979,
0.009696),(-0.018887,-0.001918,0.009833),(-0.018887,-0.001796,0.009883),
(-0.018886,-0.001985,0.009604),(-0.018885,-0.001956,0.009789),(-0.018885,
-0.001915,0.009498),(-0.018884,-0.001789,0.009459),(-0.018882,-0.001975,
0.009723),(-0.018876,-0.001984,0.00958),(-0.018873,-0.001975,0.009745),
(-0.018868,-0.001998,0.009691),(-0.018868,-0.001857,0.009473),(-0.018868,
-0.001855,0.009851),(-0.018867,-0.002,0.009666),(-0.0188633333333333,-0.002,
0.00969077777777778),(-0.018863,-0.001998,0.009641),(-0.018863,-0.001993,
0.009712),(-0.018863,-0.001955,0.009524),(-0.018863,-0.001954,0.009803),
(-0.01886,-0.001978,0.009563),(-0.0188592,-0.002,0.0096468),(-0.018859,
-0.001974,0.009762),(-0.0188585,-0.002,0.0096975),(-0.0188561428571428,
-0.002,0.00964328571428571),(-0.018856,-0.001994,0.009619),(-0.0188521111111111,
-0.002,0.00970577777777778),(-0.018852,-0.001991,0.009728),(-0.018852,-0.001914,
0.009839),(-0.018851,-0.001911,0.009494),(-0.0188467272727273,-0.002,0.00963536363636364),
(-0.018846,-0.001989,0.009601),(-0.018844,-0.001576,0.009381),(-0.018844,
-0.001574,0.009938),(-0.0188439736842105,-0.0015,0.00938306578947369),(-0.0188435555555555,
-0.002,0.009712),(-0.018843012987013,-0.0015,0.00938297402597403),(-0.0188420266666667,
-0.0015,0.00994096),(-0.018842,-0.001652,0.009937),(-0.018841,-0.001647,
0.009414),(-0.0188408918918919,-0.0015,0.00994090540540541),(-0.0188405454545455,
-0.002,0.00971490909090909),(-0.01884,-0.001972,0.009772),(-0.01884,-0.00197,
0.009554),(-0.018839,-0.001988,0.009739),(-0.018837,-0.001729,0.009924),
(-0.018836,-0.001722,0.009425),(-0.018835,-0.001985,0.009586),(-0.018834,
-0.00195,0.009809),(-0.018833,-0.001946,0.009522),(-0.018832,-0.002,0.009631),
(-0.018828,-0.001797,0.009892),(-0.018828,-0.001796,0.009438),(-0.0188268,
-0.002,0.0097208),(-0.0188251538461539,-0.002,0.00972146153846154),(-0.018823,
-0.001995,0.009615),(-0.018822,-0.001985,0.009748),(-0.018821,-0.001979,
0.009576),(-0.018818,-0.002,0.00962681818181818),(-0.018818,-0.00186,0.009461),
(-0.018818,-0.001855,0.009857),(-0.018817,-0.001969,0.009779),(-0.018817,
-0.001963,0.009551),(-0.0188165,-0.002,0.009724),(-0.018814,-0.001991,0.009602),
(-0.018809,-0.001999,0.009728),(-0.018808,-0.001912,0.00984),(-0.018808,
-0.001908,0.009493),(-0.0188079,-0.002,0.0097261),(-0.0188071666666666,
-0.002,0.00962416666666667),(-0.018806,-0.001986,0.00959),(-0.018806,-0.001975,
0.00957),(-0.0188052857142857,-0.002,0.00972614285714286),(-0.018805,-0.002,
0.0096236),(-0.018804,-0.001984,0.009755),(-0.0188026666666667,-0.002,0.00962366666666667),
(-0.0188015,-0.0015,0.0093745),(-0.018801,-0.0015,0.009954),(-0.018799,
-0.001982,0.009582),(-0.018799,-0.00195,0.009814),(-0.018798,-0.001942,
0.009521),(-0.018796,-0.001995,0.009612),(-0.018792,-0.001996,0.009734),
(-0.0187904444444444,-0.002,0.00962422222222222),(-0.01879,-0.00197,0.009785),
(-0.01879,-0.00196,0.00955),(-0.018789,-0.00199,0.009599),(-0.0187884,-0.002,
0.0097264),(-0.018786,-0.001973,0.009569),(-0.018785,-0.001983,0.009585),
(-0.018782,-0.001983,0.00976),(-0.0187806666666667,-0.002,0.00962466666666667),
(-0.0187788461538461,-0.002,0.00972607692307692),(-0.018778,-0.001998,0.00962),
(-0.01877575,-0.002,0.00962525),(-0.018774,-0.001993,0.009739),(-0.018771,
-0.00199,0.009605),(-0.018767,-0.002,0.009722375),(-0.018766,-0.00198,0.009589),
(-0.0187649090909091,-0.002,0.009722),(-0.018763,-0.001968,0.009572),(-0.018762,
-0.002,0.009625),(-0.0187615,-0.002,0.009721),(-0.0187610657894737,-0.0015,
0.00996693421052632),(-0.018761,-0.001956,0.009552),(-0.01876,-0.001953,
0.00982),(-0.01876,-0.001939,0.009524),(-0.01876,-0.001918,0.009853),(-0.01876,
-0.001904,0.009498),(-0.01876,-0.001859,0.009461),(-0.01876,-0.001859,0.009866),
(-0.01876,-0.001796,0.009891),(-0.01876,-0.001795,0.00944),(-0.01876,-0.001728,
0.009922),(-0.01876,-0.001719,0.009437),(-0.01876,-0.001651,0.009933),(-0.01876,
-0.001642,0.009432),(-0.01876,-0.001574,0.009391),(-0.01876,-0.001573,0.009934),
(-0.01876,-0.001501,0.009366),(-0.01876,-0.001501,0.009967),(-0.01876,-0.0015,
0.00936586666666667),(-0.01876,-0.0015,0.0099672027027027),(-0.018759,-0.001971,
0.009788),(-0.0187589342105263,-0.0015,0.00936610526315789),(-0.018758,
-0.001982,0.009762),(-0.018754,-0.00199,0.00961),(-0.018754,-0.00199,0.009742),
(-0.018751,-0.002,0.0097177),(-0.018748,-0.001997,0.009724),(-0.0187473333333334,
-0.002,0.0096275),(-0.018747,-0.001978,0.009593),(-0.0187445454545455,-0.002,
0.00962809090909091),(-0.0187438,-0.002,0.0097144),(-0.01874,-0.001963,
0.009577),(-0.0187394285714286,-0.002,0.00962814285714286),(-0.0187387777777778,
-0.002,0.00971266666666667),(-0.018738,-0.001991,0.009615),(-0.018735,-0.001988,
0.009745),(-0.0187342,-0.002,0.0097108),(-0.018734,-0.001982,0.009763),
(-0.0187326666666668,-0.0015,0.00937466666666665),(-0.018732,-0.001951,
0.009557),(-0.018731,-0.001993,0.009729),(-0.01873,-0.001977,0.009598),
(-0.018729,-0.001971,0.009787),(-0.0187273333333333,-0.002,0.00970766666666667),
(-0.018727,-0.002,0.0096295),(-0.018724,-0.001997,0.009715),(-0.018723,
-0.001995,0.009621),(-0.018722,-0.001937,0.009527),(-0.018721,-0.001987,
0.009747),(-0.018721,-0.001952,0.009817),(-0.018719,-0.001961,0.009582),
(-0.018718,-0.002,0.0097045),(-0.018714625,-0.002,0.009704125),(-0.018714,
-0.001989,0.009738),(-0.018714,-0.00198,0.009604),(-0.018713,-0.001983,
0.009761),(-0.018713,-0.001904,0.009499),(-0.018712,-0.002,0.0097032),(-0.0187118333333334,
-0.002,0.00962883333333333),(-0.018711,-0.001918,0.00985),(-0.0187087777777778,
-0.002,0.009629),(-0.018708,-0.001999,0.009627),(-0.018706,-0.00195,0.009562),
(-0.018705,-0.001993,0.009726),(-0.0187026666666666,-0.002,0.00962933333333333),
(-0.018702,-0.001964,0.009587),(-0.018702,-0.001858,0.009863),(-0.018702,
-0.001857,0.009467),(-0.0187013333333334,-0.002,0.00970044444444444),(-0.018701,
-0.001973,0.009784),(-0.018699,-0.001985,0.00961),(-0.018697,-0.001986,
0.009754),(-0.018696,-0.001996,0.009712),(-0.018692,-0.001795,0.009441),
(-0.018692,-0.001795,0.009887),(-0.0186908333333334,-0.002,0.00963133333333333),
(-0.0186896,-0.002,0.0096992),(-0.018689,-0.001939,0.00953),(-0.0186884,
-0.002,0.009632),(-0.018687,-0.001969,0.009594),(-0.0186863333333333,-0.002,
0.00969944444444444),(-0.018686,-0.001951,0.009567),(-0.018686,-0.001951,
0.009811),(-0.018685,-0.00199,0.009618),(-0.018684,-0.002,0.00969816666666667),
(-0.018684,-0.001989,0.009743),(-0.018684,-0.001723,0.009904),(-0.018684,
-0.001722,0.009426),(-0.0186801578947368,-0.0015,0.00939197368421053),(-0.01868,
-0.001643,0.009429),(-0.018678,-0.001976,0.009777),(-0.018678,-0.001653,
0.00994),(-0.0186779733333334,-0.0015,0.00939218666666667),(-0.018677,-0.001573,
0.009399),(-0.018677,-0.0015,0.009952),(-0.018676,-0.001575,0.009944),(-0.018675,
-0.002,0.009638),(-0.018674,-0.001992,0.009624),(-0.018674,-0.001976,0.009603),
(-0.018673,-0.001992,0.009727),(-0.0186725,-0.002,0.0096935),(-0.018671,
-0.001954,0.009575),(-0.018669,-0.001911,0.009494),(-0.018668,-0.001916,
0.009842),(-0.018666,-0.002,0.009683),(-0.018664,-0.001995,0.009709),(-0.0186636666666667,
-0.002,0.00967666666666667),(-0.018663,-0.001939,0.009537),(-0.018662,-0.001984,
0.009617),(-0.0186616666666666,-0.002,0.00966),(-0.01866,-0.001978,0.009764),
(-0.018658,-0.001952,0.009802),(-0.018657,-0.001997,0.009686),(-0.018657,
-0.001959,0.009587),(-0.018655,-0.001992,0.009637),(-0.018654,-0.001997,
0.009661),(-0.018651,-0.00186,0.009861),(-0.018651,-0.001859,0.009468),
(-0.018646,-0.001981,0.009746),(-0.018645,-0.001939,0.009549),(-0.018644,
-0.001968,0.009606),(-0.018637,-0.001953,0.009787),(-0.018636,-0.001912,
0.009502),(-0.018635,-0.001983,0.009724),(-0.018634,-0.001794,0.00988),
(-0.018633,-0.001977,0.009632),(-0.018633,-0.001939,0.009567),(-0.018633,
-0.001919,0.009834),(-0.018633,-0.001798,0.009439),(-0.018629,-0.001983,
0.009695),(-0.018628,-0.001982,0.009663),(-0.018623,-0.001941,0.009592),
(-0.018621,-0.001953,0.009766),(-0.018619,-0.001723,0.009901),(-0.018617,
-0.001727,0.009415),(-0.018616,-0.001909,0.00952),(-0.018615,-0.001857,
0.00948),(-0.018612,-0.001862,0.009855),(-0.018609,-0.00195,0.009624),(-0.018609,
-0.001649,0.009919),(-0.018608,-0.001649,0.009408),(-0.0186079459459459,
-0.0015,0.00939801351351351),(-0.018607,-0.001957,0.009739),(-0.0186069863013698,
-0.0015,0.00993082191780822),(-0.0186069605263158,-0.0015,0.00939792105263158),
(-0.0186063378378378,-0.0015,0.0099307027027027),(-0.018606,-0.001572,0.009918),
(-0.018605,-0.001906,0.009543),(-0.018604,-0.001923,0.009819),(-0.018604,
-0.001575,0.009392),(-0.018603,-0.001902,0.009575),(-0.018598,-0.001958,
0.009664),(-0.018597,-0.001961,0.009704),(-0.018596,-0.00179,0.009863),
(-0.018594,-0.001905,0.009616),(-0.018593,-0.001856,0.009497),(-0.018589,
-0.001799,0.009446),(-0.018588,-0.001921,0.009792),(-0.018583,-0.001865,
0.009841),(-0.018581,-0.001854,0.009521),(-0.01858,-0.001918,0.009756),
(-0.018577,-0.001852,0.009557),(-0.018576,-0.001851,0.009606),(-0.018576,
-0.001788,0.009848),(-0.018576,-0.001721,0.009886),(-0.018568,-0.00192,
0.009664),(-0.018568,-0.001729,0.009419),(-0.018565,-0.001923,0.009713),
(-0.018565,-0.001646,0.009897),(-0.018561,-0.001798,0.009465),(-0.01856,
-0.00179,0.009828),(-0.018559,-0.001868,0.009816),(-0.0185586052631579,
-0.0015,0.00941173684210526),(-0.018558,-0.001573,0.009909),(-0.0185579342105263,
-0.0015,0.00941189473684211),(-0.0185570135135135,-0.0015,0.0099159054054054),
(-0.018557,-0.001651,0.009411),(-0.0185565733333334,-0.0015,0.00991577333333333),
(-0.018556,-0.001718,0.009868),(-0.018553,-0.001575,0.009404),(-0.01855,
-0.001795,0.009496),(-0.018545,-0.001865,0.009664),(-0.018545,-0.001718,
0.009845),(-0.018544,-0.001794,0.009538),(-0.018543,-0.00187,0.009776),
(-0.018543,-0.001645,0.009881),(-0.018538,-0.001795,0.009596),(-0.018537,
-0.001797,0.009791),(-0.018533,-0.001871,0.009724),(-0.018532,-0.00173,
0.009436),(-0.018527,-0.001722,0.009804),(-0.0185263552631579,-0.0015,0.00942965789473684),
(-0.0185259866666667,-0.0015,0.00989702666666667),(-0.0185259210526316,
-0.0015,0.00942992105263158),(-0.0185256710526316,-0.0015,0.00989665789473684),
(-0.018525,-0.001574,0.009899),(-0.018524,-0.001646,0.00986),(-0.018521,
-0.001652,0.009424),(-0.01852,-0.0018,0.009664),(-0.01852,-0.001575,0.009424),
(-0.018518,-0.001725,0.009522),(-0.018516,-0.001729,0.009472),(-0.018515,
-0.001803,0.009733),(-0.0185081578947369,-0.0015,0.00946051315789474),(-0.018508,
-0.001726,0.009587),(-0.0185078421052632,-0.0015,0.00946090789473684),(-0.018507,
-0.001727,0.00974),(-0.018505,-0.001649,0.009815),(-0.0185039605263158,
-0.0015,0.00986803947368421),(-0.0185038266666666,-0.0015,0.00986736),(-0.0185028181818182,
-0.0015,0.00951049350649351),(-0.0185025584415585,-0.0015,0.00951187012987013),
(-0.018501,-0.001575,0.009871),(-0.0185,-0.001653,0.009458),(-0.018498,
-0.001651,0.009511),(-0.018496,-0.001729,0.009664),(-0.018496,-0.001575,
0.009454),(-0.018491,-0.001574,0.00982),(-0.0184900133333334,-0.0015,0.00981704),
(-0.0184898947368421,-0.0015,0.00981609210526315),(-0.018489,-0.001651,
0.009582),(-0.018488,-0.001652,0.009746),(-0.018486,-0.001575,0.009507),
(-0.0184858961038961,-0.0015,0.00974605194805195),(-0.0184857922077922,
-0.0015,0.00974387012987013),(-0.0184840263157895,-0.0015,0.00958002631578947),
(-0.0184838571428571,-0.0015,0.00958097402597403),(-0.018482,-0.001653,
0.009664),(-0.018482,-0.001575,0.009748),(-0.018478,-0.001575,0.009664),
(-0.018473,-0.001576,0.009579),(-0.018471,-0.0015,0.009664)));
#1823=COORDINATES_LIST('',452,((0.007723,-0.001501,0.009748),(0.00772302631578947,
-0.0015,0.00974796052631579),(0.0077231038961039,-0.0015,0.00974690909090909),
(0.00773,-0.001577,0.009664),(0.00773025,-0.0015,0.009727),(0.007734,-0.001576,
0.009748),(0.007734,-0.0015,0.009507),(0.007735,-0.001576,0.009579),(0.0077355,
-0.0015,0.009783),(0.007738,-0.001501,0.009448),(0.00773815789473684,-0.0015,
0.00944811842105263),(0.00773846052631579,-0.0015,0.00944759210526316),
(0.007741,-0.001576,0.009506),(0.00774283333333333,-0.0015,0.0095820641025641),
(0.0077428961038961,-0.0015,0.00958097402597403),(0.007744,-0.001652,0.009664),
(0.007746,-0.001653,0.00951),(0.007747,-0.001652,0.009581),(0.00774814864864865,
-0.0015,0.009818),(0.00774826666666667,-0.0015,0.00981866666666667),(0.007751,
-0.001651,0.009746),(0.007751175,-0.0015,0.009664),(0.0077513164556962,
-0.0015,0.00966718987341772),(0.007759,-0.001573,0.009818),(0.007761,-0.001575,
0.009456),(0.007765,-0.001649,0.009815),(0.007765,-0.001501,0.009409),(0.00776510526315789,
-0.0015,0.0094091052631579),(0.00776555263157895,-0.0015,0.00940861842105263),
(0.007766,-0.001729,0.00952),(0.00776701333333333,-0.0015,0.00986602666666667),
(0.00776718421052632,-0.0015,0.00986648684210526),(0.007768,-0.001728,0.009807),
(0.007768,-0.001574,0.009868),(0.007773,-0.001725,0.009587),(0.007773,-0.001649,
0.009864),(0.007774,-0.001729,0.009856),(0.007778,-0.001648,0.009465),(0.007779,
-0.0015,0.009904),(0.00778,-0.001575,0.009424),(0.007781,-0.001722,0.00974),
(0.007781,-0.001575,0.009903),(0.007782,-0.001722,0.009664),(0.007786,-0.00165,
0.009897),(0.007789,-0.001724,0.009477),(0.007791,-0.001731,0.009892),(0.007795,
-0.001802,0.00949),(0.007795,-0.001802,0.009838),(0.007796,-0.001647,0.00944),
(0.007799,-0.001794,0.009664),(0.0078,-0.001794,0.009596),(0.007802,-0.001795,
0.009537),(0.007805,-0.001866,0.009605),(0.00780555263157895,-0.0015,0.0099416052631579),
(0.007806,-0.001793,0.00979),(0.007806,-0.001501,0.009385),(0.007806,-0.001501,
0.009942),(0.00780601315789474,-0.0015,0.00938493421052631),(0.00780603947368421,
-0.0015,0.009942),(0.00780677333333333,-0.0015,0.00938465333333333),(0.007809,
-0.001867,0.009552),(0.00781,-0.001806,0.009874),(0.007811,-0.00172,0.009455),
(0.007811,-0.001575,0.009401),(0.007812,-0.001575,0.009925),(0.007816,-0.001802,
0.00946),(0.007817,-0.001787,0.009731),(0.007818,-0.001651,0.009916),(0.00782,
-0.001858,0.009664),(0.007822,-0.001648,0.009422),(0.007823,-0.001865,0.009514),
(0.007827,-0.00173,0.009912),(0.007838,-0.001719,0.009446),(0.007841,-0.001918,
0.009571),(0.007841,-0.001855,0.009807),(0.007843,-0.001848,0.009721),(0.007844,
-0.001849,0.009769),(0.007845,-0.001911,0.009615),(0.007845,-0.001804,0.009892),
(0.007848,-0.00186,0.009836),(0.007849,-0.001919,0.009536),(0.007849,-0.001859,
0.009492),(0.00785,-0.001798,0.009448),(0.007857,-0.001902,0.009664),(0.00785964935064935,
-0.0015,0.00996245454545455),(0.007861,-0.001502,0.009963),(0.0078611038961039,
-0.0015,0.00996294805194805),(0.007862,-0.001577,0.009947),(0.007862,-0.001501,
0.009371),(0.00786202666666667,-0.0015,0.00937084),(0.007863,-0.001576,
0.009384),(0.007863,-0.0015,0.0093708552631579),(0.007866,-0.001653,0.009934),
(0.007869,-0.001918,0.009512),(0.00787,-0.001895,0.00971),(0.00787,-0.001646,
0.009422),(0.007871,-0.001864,0.009858),(0.007875,-0.001732,0.009928),(0.007876,
-0.001897,0.009779),(0.007878,-0.001947,0.00959),(0.007878,-0.001906,0.009805),
(0.007878,-0.001892,0.009749),(0.007878,-0.001852,0.009488),(0.00788,-0.001954,
0.009561),(0.007881,-0.001718,0.009445),(0.007882,-0.001938,0.009626),(0.007887,
-0.001934,0.009701),(0.007887,-0.001933,0.009664),(0.00789,-0.001934,0.009734),
(0.007891,-0.001801,0.009897),(0.007893,-0.001959,0.009536),(0.007894,-0.001916,
0.009497),(0.007894,-0.001793,0.00945),(0.007895,-0.001937,0.00976),(0.007895,
-0.001915,0.009829),(0.007903,-0.001943,0.009781),(0.007905,-0.001966,0.009721),
(0.007906,-0.001959,0.009694),(0.007907,-0.001965,0.009607),(0.007909,-0.001866,
0.009873),(0.00791,-0.001956,0.009635),(0.00791,-0.001953,0.009665),(0.007911,
-0.001969,0.009743),(0.007912,-0.001971,0.009584),(0.007914,-0.001961,0.009518),
(0.007914,-0.00185,0.009486),(0.007919,-0.00195,0.009799),(0.007921,-0.001985,
0.009711),(0.007922,-0.001975,0.009565),(0.007922,-0.001972,0.009761),(0.007923,
-0.001978,0.00969),(0.007927,-0.001972,0.009666),(0.007927,-0.001919,0.009845),
(0.007928,-0.001989,0.009727),(0.007928,-0.001916,0.009487),(0.00793,-0.001971,
0.009643),(0.007932,-0.001977,0.009621),(0.007934,-0.001994,0.009704),(0.007934,
-0.00158,0.009971),(0.00793415584415585,-0.0015,0.00996684415584416),(0.007935,
-0.001578,0.009369),(0.007935,-0.001502,0.009354),(0.00793507792207792,
-0.0015,0.00935415584415584),(0.007936,-0.001982,0.009602),(0.007936,-0.001502,
0.009967),(0.00793607792207792,-0.0015,0.00996671428571429),(0.007937,-0.001993,
0.009689),(0.007937,-0.001656,0.009954),(0.00793720779220779,-0.0015,0.00935433766233766),
(0.007938,-0.001977,0.00955),(0.007938,-0.001648,0.009406),(0.007939,-0.001975,
0.009774),(0.007941,-0.001991,0.00974),(0.007942,-0.001991,0.00967),(0.007943,
-0.002,0.009711),(0.007943,-0.001961,0.009507),(0.007943,-0.00173,0.009929),
(0.007944,-0.00172,0.009433),(0.007945,-0.001986,0.009586),(0.007945,-0.001953,
0.009812),(0.007946,-0.002,0.00969733333333333),(0.007946,-0.00199,0.00965),
(0.0079475,-0.002,0.0096925),(0.00795036363636364,-0.002,0.00968009090909091),
(0.007951,-0.001991,0.009632),(0.007951,-0.0018,0.0099),(0.00795169230769231,
-0.002,0.00972107692307692),(0.007953,-0.00179,0.009454),(0.00795307692307692,
-0.002,0.00967346153846154),(0.00795327272727273,-0.002,0.00972363636363636),
(0.0079555,-0.002,0.00966228571428571),(0.007957,-0.001993,0.009616),(0.007957,
-0.00199,0.00975),(0.007957,-0.001987,0.009573),(0.00795733333333333,-0.002,
0.00965533333333333),(0.00796,-0.001979,0.009539),(0.007961,-0.001868,0.009883),
(0.00796133333333333,-0.002,0.009644),(0.007962,-0.001975,0.009783),(0.007962,
-0.001854,0.009474),(0.00796257142857143,-0.002,0.00963778571428572),(0.007964,
-0.002,0.00963058333333333),(0.007965,-0.001994,0.009601),(0.007966,-0.002,
0.00972533333333333),(0.00796909090909091,-0.002,0.00962236363636364),(0.007971,
-0.001999,0.009728),(0.007971,-0.001919,0.009851),(0.007971,-0.001914,0.009483),
(0.0079716,-0.002,0.009616),(0.007972,-0.001989,0.009563),(0.00797257142857143,
-0.002,0.00972528571428571),(0.007973,-0.001994,0.009588),(0.007976,-0.001985,
0.009756),(0.00798,-0.001993,0.009578),(0.00798,-0.001961,0.0095),(0.00798042857142857,
-0.002,0.00960957142857143),(0.007981,-0.001952,0.009816),(0.00798157142857143,
-0.002,0.00960771428571429),(0.0079845,-0.002,0.0097215),(0.007985,-0.002,
0.0096075),(0.007988,-0.001993,0.009734),(0.007988,-0.001982,0.009533),
(0.00799,-0.001971,0.009785),(0.007991,-0.001997,0.009597),(0.007992,-0.0015,
0.009953),(0.007994,-0.00199,0.00956),(0.007995,-0.001994,0.009581),(0.007996,
-0.002,0.009608),(0.00799675,-0.002,0.009717375),(0.0079986,-0.002,0.00971646666666667),
(0.007999,-0.00198,0.009758),(0.00800028571428572,-0.002,0.00971557142857143),
(0.00800442857142857,-0.002,0.00961214285714286),(0.008007,-0.001986,0.009737),
(0.008009,-0.001996,0.009603),(0.00800963636363636,-0.002,0.009707),(0.008014,
-0.001994,0.009719),(0.008014,-0.001992,0.009585),(0.0080162,-0.002,0.0096206),
(0.008018,-0.001988,0.009563),(0.008019,-0.001981,0.009532),(0.00801914285714286,
-0.002,0.00962271428571428),(0.00801933333333333,-0.002,0.00970116666666667),
(0.00802,-0.00196,0.009499),(0.00802,-0.001947,0.009813),(0.00802,-0.001913,
0.009483),(0.00802,-0.001913,0.009844),(0.00802,-0.001868,0.009887),(0.00802,
-0.001856,0.009467),(0.00802,-0.001807,0.009922),(0.00802,-0.001798,0.009431),
(0.00802,-0.001729,0.009927),(0.00802,-0.001722,0.009424),(0.00802,-0.001655,
0.009953),(0.00802,-0.001648,0.009407),(0.00802,-0.001578,0.009961),(0.00802,
-0.001575,0.009384),(0.00802,-0.001501,0.009367),(0.00802,-0.0015,0.009367),
(0.00802,-0.0015,0.00994618987341772),(0.008020875,-0.002,0.00969925),(0.008021,
-0.001967,0.009784),(0.00802106578947368,-0.0015,0.00936703947368421),(0.00802113888888889,
-0.0015,0.00994558333333333),(0.008022,-0.001999,0.009702),(0.008022,-0.001976,
0.009759),(0.00802433333333333,-0.002,0.00969666666666667),(0.008026,-0.002,
0.009628),(0.008026,-0.001994,0.009609),(0.008026,-0.001982,0.009739),(0.008031,
-0.002,0.00969066666666667),(0.008031,-0.001988,0.009722),(0.00803283333333333,
-0.002,0.00963383333333333),(0.008033,-0.001989,0.00959),(0.008034,-0.001999,
0.009631),(0.00803466666666667,-0.002,0.009688),(0.008038,-0.001993,0.009707),
(0.00804028571428571,-0.002,0.00967942857142857),(0.00804075,-0.002,0.00964175),
(0.008042,-0.001992,0.009614),(0.008042,-0.001984,0.009568),(0.00804375,
-0.002,0.00965075),(0.008045,-0.001982,0.009742),(0.0080456,-0.002,0.0096742),
(0.008046,-0.001996,0.009692),(0.008046,-0.001978,0.009761),(0.0080464,
-0.002,0.009653),(0.008048,-0.001985,0.009728),(0.008049,-0.001997,0.009638),
(0.00805,-0.002,0.0096585),(0.00805,-0.001974,0.00954),(0.008051,-0.001987,
0.009596),(0.008051,-0.00197,0.009786),(0.008052,-0.001998,0.009677),(0.0080525,
-0.002,0.009664),(0.008055,-0.001989,0.009714),(0.008057,-0.001991,0.009621),
(0.008058,-0.001999,0.009662),(0.008059,-0.001983,0.009746),(0.008059,-0.001954,
0.009509),(0.008059,-0.001951,0.009816),(0.008063,-0.001992,0.0097),(0.008063,
-0.001979,0.009574),(0.008064,-0.001996,0.009645),(0.008065,-0.001985,0.009737),
(0.008067,-0.001984,0.009603),(0.008067,-0.001982,0.009761),(0.008069,-0.001918,
0.009849),(0.008069,-0.001913,0.009485),(0.00807,-0.001995,0.009686),(0.008071,
-0.00199,0.009628),(0.008074,-0.001987,0.009725),(0.008075,-0.001996,0.009669),
(0.008077,-0.001965,0.009552),(0.008078,-0.001859,0.009463),(0.00808,-0.001994,
0.009652),(0.00808,-0.001982,0.009611),(0.00808,-0.001977,0.009787),(0.00808,
-0.001975,0.009583),(0.00808,-0.00187,0.009888),(0.008082,-0.001989,0.009711),
(0.008083,-0.001986,0.009754),(0.008085,-0.001988,0.009635),(0.008089,-0.001805,
0.009414),(0.00809,-0.001992,0.009696),(0.00809,-0.001807,0.009919),(0.008092,
-0.001979,0.009619),(0.008093,-0.001945,0.009524),(0.008094,-0.001972,0.009593),
(0.008095,-0.001994,0.009677),(0.008095,-0.001987,0.009742),(0.008096,-0.001959,
0.009819),(0.008096,-0.001958,0.009563),(0.008097,-0.001729,0.009925),(0.008097,
-0.001728,0.009407),(0.008098,-0.00199,0.009658),(0.008099,-0.001983,0.009639),
(0.0081,-0.001977,0.009626),(0.008101,-0.001644,0.009902),(0.00810105333333333,
-0.0015,0.00991884),(0.008102,-0.00165,0.0094),(0.008102,-0.001571,0.009916),
(0.008103,-0.001981,0.00978),(0.00810396052631579,-0.0015,0.00936802631578947),
(0.008104,-0.001968,0.009605),(0.008104,-0.001576,0.009378),(0.008104,-0.001501,
0.009368),(0.00810484415584416,-0.0015,0.00991931168831169),(0.00810490789473684,
-0.0015,0.00936811842105263),(0.008105,-0.001986,0.009726),(0.00811,-0.001909,
0.009496),(0.008111,-0.001969,0.009619),(0.008111,-0.001956,0.009574),(0.008112,
-0.001986,0.009708),(0.008114,-0.001924,0.009852),(0.008116,-0.001975,0.009638),
(0.008117,-0.001939,0.009537),(0.008118,-0.001987,0.009686),(0.008119,-0.001983,
0.009661),(0.008121,-0.001981,0.009765),(0.008121,-0.001957,0.009588),(0.008127,
-0.001963,0.009811),(0.008129,-0.001958,0.009607),(0.00813,-0.001862,0.009462),
(0.008132,-0.001867,0.009876),(0.008133,-0.001979,0.009746),(0.008133,-0.001937,
0.009551),(0.008137,-0.001964,0.009633),(0.00814,-0.001976,0.009722),(0.00814,
-0.001906,0.00951),(0.008143,-0.00197,0.009663),(0.008144,-0.001974,0.009694),
(0.008146,-0.001938,0.009567),(0.008149,-0.001801,0.009897),(0.00815,-0.001963,
0.009794),(0.00815,-0.001924,0.00984),(0.00815,-0.001806,0.009418),(0.008158,
-0.001943,0.009591),(0.008158,-0.001902,0.009526),(0.008161,-0.001724,0.009902),
(0.008162,-0.001725,0.00942),(0.008166,-0.001961,0.00977),(0.008167,-0.0019,
0.009547),(0.008168,-0.001862,0.009855),(0.008169,-0.001948,0.009625),(0.00817,
-0.001865,0.009468),(0.00817,-0.001647,0.009417),(0.008171,-0.001648,0.009914),
(0.00817208,-0.0015,0.009925),(0.008173,-0.001958,0.00974),(0.008173,-0.001951,
0.009664),(0.0081735064935065,-0.0015,0.0099251038961039),(0.008174,-0.001953,
0.009703),(0.008175,-0.001573,0.009925),(0.008176,-0.001923,0.009819),(0.008176,
-0.001575,0.009393),(0.008177,-0.0015,0.009378),(0.00818,-0.001904,0.009575),
(0.008188,-0.001857,0.009832),(0.00819,-0.001798,0.00988),(0.008192,-0.00192,
0.009792),(0.008195,-0.001911,0.009615),(0.008196,-0.001805,0.009432),(0.008197,
-0.001865,0.009487),(0.008198,-0.001912,0.009664),(0.008199,-0.001913,0.009712),
(0.0082,-0.001918,0.009756),(0.0082,-0.001855,0.009807),(0.0082,-0.001849,
0.009721),(0.008201,-0.001849,0.009664),(0.008204,-0.001853,0.009557),(0.008204,
-0.001721,0.009887),(0.008205,-0.001853,0.009771),(0.008207,-0.001859,0.009517),
(0.008208,-0.001853,0.009606),(0.008209,-0.001726,0.009427),(0.008214,-0.001794,
0.009858),(0.008218,-0.001648,0.009422),(0.008222,-0.001787,0.009597),(0.008223,
-0.001787,0.009664),(0.008223,-0.001651,0.009917),(0.008228,-0.00172,0.009872),
(0.008228,-0.0015,0.009399),(0.008228,-0.0015,0.009928),(0.008229,-0.001805,
0.009454),(0.008229,-0.001575,0.0094),(0.00823,-0.001795,0.009832),(0.00823,
-0.00179,0.009731),(0.00823,-0.001575,0.009929),(0.008233,-0.001793,0.009538),
(0.008235,-0.001794,0.00979),(0.008237,-0.001725,0.009446),(0.008242,-0.001721,
0.009847),(0.008245,-0.001802,0.00949),(0.008248,-0.001649,0.009892),(0.008249,
-0.001649,0.009435),(0.00825,-0.001719,0.009664),(0.008251,-0.001724,0.009477),
(0.008252,-0.001722,0.009804),(0.008253,-0.001721,0.009739),(0.008256,-0.001723,
0.009523),(0.008258,-0.001722,0.009588),(0.008259,-0.001647,0.009861),(0.00826,
-0.0015,0.009904),(0.008261,-0.001644,0.009664),(0.008261,-0.001575,0.009905),
(0.008265,-0.0015,0.009419),(0.008266,-0.001576,0.009418),(0.008268,-0.00165,
0.009463),(0.008269,-0.001573,0.009867),(0.00827,-0.00157,0.009664),(0.00827294594594595,
-0.0015,0.009867),(0.00827312162162162,-0.0015,0.00986635135135135),(0.008278,
-0.001571,0.009581),(0.008279,-0.00165,0.009512),(0.008279,-0.001649,0.009582),
(0.00828005333333333,-0.0015,0.00981608),(0.00828036842105263,-0.0015,0.00981418421052631),
(0.008281,-0.001649,0.009745),(0.008282,-0.001573,0.009819),(0.008284,-0.001651,
0.009816),(0.00828869863013699,-0.0015,0.00958197260273973),(0.0082891038961039,
-0.0015,0.00958005194805195),(0.00829,-0.001576,0.009452),(0.00829236111111111,
-0.0015,0.009664),(0.00829258904109589,-0.0015,0.00966172602739726),(0.008293,
-0.001575,0.009507),(0.008294,-0.001574,0.009747),(0.00829592207792208,
-0.0015,0.00950825974025974),(0.00829596052631579,-0.0015,0.00950897368421053),
(0.008296,-0.0015,0.009451),(0.008306,-0.0015,0.009747)));
#1824=COORDINATES_LIST('',424,((0.00195,-0.001655,0.009664),(0.001953,-0.001576,
0.009664),(0.001959,-0.001654,0.009746),(0.00196006666666666,-0.0015,0.00974601333333333),
(0.00196028378378379,-0.0015,0.00974697297297297),(0.001963,-0.001577,0.009449),
(0.00196371794871795,-0.0015,0.009664),(0.00196402631578947,-0.0015,0.00966618421052632),
(0.001965,-0.001574,0.009747),(0.001966,-0.001574,0.00958),(0.001967,-0.0015,
0.009452),(0.001968,-0.001652,0.009581),(0.001973,-0.001574,0.009508),(0.001974,
-0.001732,0.009519),(0.001974,-0.001732,0.009809),(0.001974,-0.00173,0.009586),
(0.00197671052631579,-0.0015,0.00951281578947369),(0.0019768947368421,-0.0015,
0.00951092105263158),(0.001978,-0.001729,0.009741),(0.001981,-0.00165,0.009816),
(0.001981,-0.001573,0.009818),(0.0019815,-0.0015,0.00958705),(0.00198212820512821,
-0.0015,0.00958284615384615),(0.001983,-0.001649,0.009512),(0.001987,-0.001651,
0.009866),(0.001988,-0.001577,0.009412),(0.001989,-0.001726,0.009664),(0.001989,
-0.0015,0.009413),(0.001991,-0.001807,0.009533),(0.001991,-0.00173,0.009857),
(0.001994,-0.001573,0.009866),(0.00199444736842105,-0.0015,0.00981319736842105),
(0.00199496052631579,-0.0015,0.00981509210526316),(0.00199692,-0.0015,0.00986210666666667),
(0.00199754054054054,-0.0015,0.00986267567567568),(0.001999,-0.001648,0.009466),
(0.002003,-0.001726,0.009475),(0.002007,-0.001806,0.009487),(0.0020091095890411,
-0.0015,0.0098948904109589),(0.00200942465753425,-0.0015,0.00989513698630137),
(0.00201,-0.001649,0.009894),(0.002011,-0.001799,0.009792),(0.002013,-0.001797,
0.009596),(0.002014,-0.001729,0.00989),(0.002017,-0.001795,0.009732),(0.002017,
-0.001572,0.009887),(0.002019,-0.001646,0.009443),(0.002023,-0.001792,0.009664),
(0.002027,-0.001723,0.009451),(0.002029,-0.0015,0.009392),(0.002031,-0.001575,
0.009401),(0.002032,-0.001794,0.009831),(0.002036,-0.001863,0.009553),(0.002036,
-0.001802,0.00946),(0.00203901369863013,-0.0015,0.00991190410958904),(0.00203961333333333,
-0.0015,0.00991222666666667),(0.00204,-0.001572,0.009905),(0.002041,-0.001648,
0.009906),(0.002042,-0.001858,0.009606),(0.002044,-0.001646,0.009429),(0.002045,
-0.001856,0.009722),(0.002046,-0.001863,0.009515),(0.002046,-0.001858,0.009772),
(0.002046,-0.001855,0.009664),(0.002047,-0.001794,0.009856),(0.002048,-0.001729,
0.009909),(0.002056,-0.001721,0.00944),(0.002057,-0.001857,0.009808),(0.002066,
-0.001914,0.009572),(0.002066,-0.00191,0.009616),(0.002066,-0.001909,0.009664),
(0.002067,-0.001861,0.00949),(0.00207,-0.001908,0.009712),(0.00207,-0.001797,
0.009449),(0.002071,-0.001857,0.009833),(0.002071,-0.001796,0.009877),(0.002072,
-0.001917,0.009538),(0.00208,-0.001904,0.009753),(0.002081,-0.001502,0.009363),
(0.00208102631578948,-0.0015,0.00936273684210526),(0.002083,-0.001954,0.009664),
(0.002083,-0.001576,0.009386),(0.00208302631578947,-0.0015,0.00936268421052632),
(0.002085,-0.001574,0.009929),(0.002086,-0.001952,0.009703),(0.002087,-0.001905,
0.009783),(0.00208792105263158,-0.0015,0.00992510526315789),(0.002088,-0.001951,
0.009625),(0.002088,-0.00165,0.009403),(0.002089,-0.001917,0.009513),(0.00208976623376624,
-0.0015,0.00992541558441559),(0.00209,-0.001647,0.00991),(0.002094,-0.001859,
0.00985),(0.002095,-0.001858,0.009479),(0.002096,-0.001948,0.00959),(0.002097,
-0.001948,0.009737),(0.002098,-0.001907,0.009806),(0.002098,-0.001726,0.009909),
(0.0021,-0.001721,0.009432),(0.002103,-0.001988,0.009664),(0.002103,-0.001951,
0.009562),(0.002104,-0.001987,0.009696),(0.002108,-0.001945,0.009763),(0.00211,
-0.001982,0.009633),(0.002112,-0.001984,0.009725),(0.002113,-0.001796,0.009885),
(0.00211356,-0.002,0.00967696),(0.00211361538461538,-0.002,0.00966492307692308),
(0.002114,-0.001795,0.009446),(0.0021145,-0.002,0.0096935),(0.002115,-0.001915,
0.009499),(0.002117,-0.001952,0.009541),(0.002118,-0.00191,0.009823),(0.002119,
-0.002,0.0096515625),(0.00211936363636363,-0.002,0.00970663636363636),(0.00212,
-0.001947,0.009783),(0.002122,-0.001974,0.009606),(0.002123,-0.001983,0.009748),
(0.00212352,-0.002,0.00971796),(0.00212656,-0.002,0.00963876),(0.00213066666666667,
-0.002,0.00963357575757576),(0.002131,-0.001858,0.009469),(0.002131,-0.001858,
0.009857),(0.002133,-0.001969,0.009584),(0.00213309090909091,-0.002,0.00972936363636364),
(0.00213630434782608,-0.002,0.0097354347826087),(0.002138,-0.001982,0.009765),
(0.002138,-0.00195,0.0098),(0.00213936363636363,-0.002,0.009627),(0.00214,
-0.001947,0.00953),(0.002143,-0.001996,0.009619),(0.00214492592592593,-0.002,
0.00962344444444444),(0.002146,-0.001966,0.009569),(0.00214817647058824,
-0.002,0.00962158823529412),(0.002149,-0.001912,0.009835),(0.002149,-0.00191,
0.009495),(0.0021519,-0.002,0.0097446),(0.00215428571428571,-0.002,0.009747),
(0.002155,-0.001986,0.009601),(0.002155,-0.001577,0.009371),(0.002156,-0.001575,
0.009941),(0.002156,-0.001501,0.009366),(0.00215602666666667,-0.0015,0.0093658),
(0.002157,-0.001982,0.009778),(0.0021570909090909,-0.0015,0.00936618181818182),
(0.00215794805194805,-0.0015,0.00993807792207792),(0.002158,-0.001651,0.009931),
(0.002158,-0.00165,0.009399),(0.00216010256410257,-0.0015,0.00993828205128205),
(0.00216018518518519,-0.002,0.00961603703703704),(0.002163,-0.001961,0.00956),
(0.002164,-0.001724,0.009421),(0.002164,-0.001723,0.009904),(0.00216471428571429,
-0.002,0.00974742857142857),(0.002165,-0.001955,0.009814),(0.002167,-0.001979,
0.009588),(0.002169,-0.001938,0.00953),(0.002172,-0.001797,0.009436),(0.002173,
-0.00179,0.009874),(0.00217366666666666,-0.002,0.00961406666666667),(0.00217463636363637,
-0.002,0.00961377272727273),(0.002175,-0.001996,0.009752),(0.0021761,-0.002,
0.0096137),(0.00218,-0.001973,0.009578),(0.002181,-0.002,0.0097432),(0.002181,
-0.00198,0.009786),(0.002181,-0.001868,0.009444),(0.002182,-0.001857,0.009861),
(0.002184,-0.001955,0.009556),(0.002186,-0.001991,0.009602),(0.00218942857142857,
-0.002,0.00961185714285714),(0.002191,-0.001915,0.009845),(0.002192,-0.001909,
0.009491),(0.002195,-0.001983,0.009591),(0.002195,-0.001969,0.009573),(0.002196,
-0.001989,0.009758),(0.0021979999999999,-0.0015,0.009371),(0.00219990909090909,
-0.002,0.00960936363636364),(0.0022,-0.001957,0.009823),(0.002202,-0.001978,
0.009583),(0.00220215789473684,-0.002,0.0096088947368421),(0.002203,-0.001932,
0.009532),(0.0022035,-0.002,0.00973375),(0.0022046,-0.002,0.0096084),(0.002208,
-0.001998,0.009735),(0.00221,-0.002,0.00973055555555556),(0.00221,-0.001976,
0.009789),(0.00221,-0.001952,0.009555),(0.002211,-0.001992,0.009598),(0.002215,
-0.001968,0.009572),(0.002216,-0.002,0.009608),(0.002216,-0.001981,0.009585),
(0.002218,-0.001983,0.00976),(0.0022209375,-0.002,0.0097250625),(0.002226,
-0.001991,0.009738),(0.00222609090909091,-0.002,0.00960709090909091),(0.002228,
-0.001997,0.009603),(0.00223030769230769,-0.002,0.00960784615384615),(0.002231875,
-0.002,0.009719375),(0.00223333333333333,-0.002,0.00971808333333333),(0.002234,
-0.001999,0.00972),(0.002234,-0.001984,0.009588),(0.00223533333333333,-0.002,
0.00971716666666667),(0.002237,-0.00197,0.009572),(0.00223891025641026,
-0.0015,0.0093759358974359),(0.002239,-0.001952,0.009555),(0.00224,-0.001952,
0.009819),(0.00224,-0.001934,0.00953),(0.00224,-0.001916,0.009849),(0.00224,
-0.001913,0.009483),(0.00224,-0.001869,0.00944),(0.00224,-0.001856,0.009861),
(0.00224,-0.001801,0.009423),(0.00224,-0.001783,0.009855),(0.00224,-0.001723,
0.009421),(0.00224,-0.001718,0.009889),(0.00224,-0.001652,0.009937),(0.00224,
-0.001645,0.009418),(0.00224,-0.001576,0.009949),(0.00224,-0.001574,0.009391),
(0.00224,-0.0015,0.0093762),(0.00224,-0.0015,0.009959),(0.002241,-0.00197,
0.009786),(0.002242,-0.001978,0.00976),(0.002246,-0.002,0.009608),(0.002246,
-0.001988,0.009741),(0.0022465,-0.002,0.0097135),(0.002251,-0.001995,0.009724),
(0.002253,-0.001988,0.00959),(0.00225766666666667,-0.002,0.00971066666666667),
(0.00226,-0.002,0.0097101),(0.00226071428571428,-0.002,0.00960971428571429),
(0.002261,-0.001974,0.009572),(0.002264,-0.002,0.0096092),(0.002265,-0.001985,
0.009744),(0.002266,-0.001976,0.00976),(0.0022675,-0.002,0.009712),(0.002269,
-0.001991,0.009729),(0.002269,-0.001955,0.009554),(0.00227066666666667,
-0.002,0.00960866666666667),(0.002271,-0.001966,0.009783),(0.002272,-0.001992,
0.009594),(0.00227457142857143,-0.002,0.00971271428571429),(0.002276,-0.001999,
0.009716),(0.002277,-0.001933,0.009532),(0.0022775,-0.002,0.00971366666666667),
(0.002279,-0.001983,0.009746),(0.002279,-0.001947,0.009812),(0.002283,-0.002,
0.0096095),(0.002283,-0.00198,0.009574),(0.002286,-0.001988,0.009738),(0.002286,
-0.001978,0.009759),(0.002288,-0.001996,0.0096),(0.002288,-0.001907,0.009495),
(0.002289,-0.001916,0.009848),(0.00228954545454546,-0.002,0.00971290909090909),
(0.002295,-0.001994,0.009726),(0.002296,-0.00196,0.009555),(0.002298,-0.001967,
0.009779),(0.002298,-0.001858,0.009466),(0.0022988,-0.002,0.0096102),(0.002299,
-0.001861,0.009869),(0.002302,-0.001986,0.009579),(0.002302,-0.001981,0.009752),
(0.00230242857142857,-0.002,0.00961071428571429),(0.002304,-0.001999,0.009608),
(0.002305,-0.002,0.009713),(0.002308,-0.001795,0.00944),(0.002308,-0.001792,
0.009879),(0.00231,-0.001932,0.009537),(0.002313,-0.001947,0.009806),(0.002314,
-0.001983,0.009741),(0.002315,-0.002,0.00970183333333333),(0.002316,-0.001726,
0.009414),(0.002316,-0.001725,0.009913),(0.00231675,-0.002,0.0096990625),
(0.002317,-0.002,0.009616),(0.002319,-0.00199,0.009588),(0.002319,-0.001968,
0.009772),(0.002319,-0.001966,0.009558),(0.002322,-0.001652,0.009936),(0.002322,
-0.001651,0.009396),(0.00232216666666667,-0.002,0.00968633333333333),(0.00232325,
-0.002,0.00962575),(0.00232388235294118,-0.002,0.00968035294117647),(0.002324,
-0.001576,0.009381),(0.002324,-0.001574,0.009937),(0.002324,-0.0015,0.009372),
(0.002324,-0.0015,0.009957),(0.002325,-0.001985,0.009726),(0.002326,-0.002,
0.009633),(0.002326,-0.002,0.009665),(0.00232623076923077,-0.002,0.00963976923076923),
(0.00232638461538462,-0.002,0.00963792307692308),(0.00232675,-0.002,0.00965875),
(0.002327,-0.001898,0.009513),(0.002328,-0.001998,0.009623),(0.002332,-0.001991,
0.0096),(0.002333,-0.001987,0.009708),(0.002333,-0.001918,0.009844),(0.002334,
-0.001967,0.009759),(0.002336,-0.001937,0.009539),(0.002338,-0.001988,0.009686),
(0.002338,-0.001972,0.009567),(0.002341,-0.00199,0.009616),(0.002341,-0.001988,
0.009661),(0.002341,-0.001948,0.009799),(0.002343,-0.001988,0.009637),(0.002345,
-0.001965,0.009742),(0.002346,-0.001848,0.009489),(0.002351,-0.001865,0.009871),
(0.002352,-0.001975,0.009582),(0.002352,-0.001964,0.00972),(0.002355,-0.001963,
0.009693),(0.002355,-0.001896,0.009521),(0.002357,-0.001962,0.009663),(0.002358,
-0.001944,0.009546),(0.002359,-0.001946,0.009783),(0.00236,-0.001973,0.009605),
(0.00236,-0.001967,0.009633),(0.002367,-0.001919,0.009834),(0.002367,-0.001798,
0.009889),(0.002367,-0.001796,0.009443),(0.00237,-0.001943,0.009762),(0.002374,
-0.001934,0.009664),(0.002375,-0.001948,0.009563),(0.002375,-0.00194,0.009735),
(0.002376,-0.001936,0.009701),(0.002378,-0.001902,0.009526),(0.002378,-0.001846,
0.009498),(0.002381,-0.001941,0.009625),(0.002382,-0.001725,0.009422),(0.002383,
-0.001948,0.00959),(0.002385,-0.001732,0.009929),(0.002388,-0.001914,0.009812),
(0.002391,-0.001867,0.009862),(0.002392,-0.001651,0.009401),(0.002393,-0.001652,
0.009931),(0.00239403896103896,-0.0015,0.00993510389610389),(0.00239475324675325,
-0.0015,0.00993501298701299),(0.002396,-0.001907,0.009785),(0.00239694736842105,
-0.0015,0.00937401315789474),(0.002397,-0.001847,0.009506),(0.002397,-0.001576,
0.009943),(0.002397,-0.001501,0.009374),(0.00239769736842105,-0.0015,0.00937417105263158),
(0.002398,-0.001909,0.009542),(0.002398,-0.001899,0.009664),(0.002398,-0.001576,
0.009383),(0.002401,-0.001902,0.009711),(0.002402,-0.001905,0.009753),(0.002408,
-0.00191,0.009573),(0.002408,-0.001906,0.009616),(0.002409,-0.001796,0.009452),
(0.00241,-0.001849,0.009524),(0.002413,-0.001802,0.009888),(0.002417,-0.001864,
0.00984),(0.002421,-0.001852,0.009557),(0.002425,-0.001858,0.009809),(0.00243,
-0.001856,0.009772),(0.00243,-0.001727,0.009423),(0.002431,-0.001793,0.009473),
(0.002435,-0.001856,0.009606),(0.002435,-0.001856,0.009722),(0.002436,-0.001856,
0.009664),(0.002437,-0.001734,0.009923),(0.002441,-0.001791,0.009499),(0.002441,
-0.00165,0.009415),(0.002443,-0.001801,0.009867),(0.002443,-0.001573,0.009416),
(0.0024441038961039,-0.0015,0.00991922077922078),(0.00244453947368421,-0.0015,
0.0099188552631579),(0.002448,-0.001794,0.009831),(0.002448,-0.001654,0.009931),
(0.002449,-0.0015,0.009397),(0.002452,-0.001792,0.009789),(0.002452,-0.001576,
0.009936),(0.002454,-0.001793,0.009538),(0.002464,-0.001729,0.009439),(0.002465,
-0.001796,0.009596),(0.002466,-0.001572,0.009438),(0.002469,-0.001797,0.009664),
(0.002471,-0.001798,0.009732),(0.002472,-0.001732,0.009895),(0.002473,-0.00165,
0.009431),(0.00247611842105263,-0.0015,0.0099001052631579),(0.00247629333333333,
-0.0015,0.00989961333333333),(0.002479,-0.0015,0.009424),(0.002482,-0.001725,
0.009805),(0.002483,-0.001728,0.009472),(0.002484,-0.001723,0.009664),(0.002485,
-0.001726,0.009522),(0.002485,-0.001575,0.009908),(0.002486,-0.001729,0.009856),
(0.002487,-0.001655,0.009911),(0.00249,-0.001726,0.00974),(0.002492,-0.001574,
0.009459),(0.002493,-0.001651,0.009461),(0.002494,-0.001727,0.009587),(0.002495,
-0.001649,0.009512),(0.00249602666666667,-0.0015,0.00986804),(0.00249619736842106,
-0.0015,0.00986736842105263),(0.002498,-0.001574,0.009871),(0.002503,-0.001651,
0.009816),(0.002504,-0.0015,0.009456),(0.002505,-0.001654,0.009871),(0.002506,
-0.00165,0.009582),(0.002509,-0.001574,0.009508),(0.002511,-0.001575,0.00982),
(0.00251297368421052,-0.0015,0.00981802631578947),(0.002513,-0.001652,0.009664),
(0.00251311842105263,-0.0015,0.00981707894736842),(0.002516,-0.001653,0.009746),
(0.002517,-0.0015,0.009509),(0.00251985333333333,-0.0015,0.00958002666666666),
(0.00252005194805195,-0.0015,0.00958097402597403),(0.002522,-0.001575,0.009748),
(0.002524,-0.001576,0.009579),(0.002524,-0.001575,0.009664),(0.002529,-0.0015,
0.0096225),(0.00253,-0.0015,0.009747),(0.00253798684210527,-0.0015,0.00966506578947368),
(0.002538,-0.001501,0.009664),(0.00253805263157894,-0.0015,0.009664)));
#1825=COORDINATES_LIST('',432,((-0.034282,-0.001579,0.009749),(-0.0342801733333334,
-0.0015,0.00958001333333333),(-0.0342800266666667,-0.0015,0.00957904),(-0.03428,
-0.001501,0.00958),(-0.034273,-0.0015,0.009747),(-0.034271,-0.0015,0.009664),
(-0.0342665,-0.0015,0.0095445),(-0.034265,-0.001576,0.009664),(-0.034259,
-0.001576,0.009821),(-0.034256,-0.001575,0.00958),(-0.0342540649350649,
-0.0015,0.00981803896103896),(-0.03425376,-0.0015,0.00981869333333333),
(-0.0342530394736842,-0.0015,0.00950993421052632),(-0.03425292,-0.0015,
0.00950898666666667),(-0.034247,-0.001574,0.009508),(-0.034246,-0.0015,
0.009872),(-0.034243,-0.00165,0.009746),(-0.034243,-0.001575,0.009455),
(-0.03424,-0.00165,0.009816),(-0.03423812,-0.0015,0.00945965333333334),
(-0.0342380657894737,-0.0015,0.00945894736842105),(-0.034236,-0.001574,
0.00987),(-0.034227,-0.001576,0.009417),(-0.034225,-0.001649,0.009863),
(-0.034224,-0.001645,0.009664),(-0.034223,-0.0015,0.009906),(-0.034221,
-0.001646,0.009514),(-0.034218,-0.001647,0.009467),(-0.034218,-0.001644,
0.009583),(-0.034217,-0.0015,0.009427),(-0.034214,-0.001722,0.009804),(-0.034213,
-0.001721,0.009739),(-0.034213,-0.001573,0.009896),(-0.034212,-0.001724,
0.009851),(-0.03421,-0.00172,0.009588),(-0.034205,-0.001796,0.009732),(-0.034205,
-0.001647,0.009439),(-0.034204,-0.001718,0.009664),(-0.034203,-0.001647,
0.009887),(-0.034202,-0.001796,0.009537),(-0.034202,-0.001794,0.009596),
(-0.0342,-0.001718,0.009525),(-0.034197,-0.001792,0.009664),(-0.034196,
-0.00187,0.009776),(-0.034195,-0.001866,0.009723),(-0.034195,-0.001794,
0.00979),(-0.034194,-0.001797,0.009833),(-0.034191,-0.001716,0.009484),
(-0.03419,-0.001721,0.009874),(-0.034188,-0.001862,0.009605),(-0.034188,
-0.0015,0.009929),(-0.034187,-0.001575,0.009405),(-0.034186,-0.001719,0.009458),
(-0.034185,-0.00186,0.009664),(-0.0341845584415585,-0.0015,0.00940811688311688),
(-0.0341840394736842,-0.0015,0.00940796052631579),(-0.034184,-0.00187,0.009817),
(-0.034184,-0.001573,0.009914),(-0.034183,-0.001792,0.009498),(-0.034179,
-0.001798,0.009862),(-0.034176,-0.001646,0.009428),(-0.034175,-0.001646,
0.009897),(-0.034173,-0.001858,0.009555),(-0.034173,-0.001794,0.009471),
(-0.034166,-0.001922,0.009758),(-0.034166,-0.001723,0.009434),(-0.034165,
-0.001917,0.009713),(-0.034162,-0.001719,0.009881),(-0.034161,-0.001868,
0.009845),(-0.034158,-0.001912,0.009664),(-0.034155,-0.001911,0.009615),
(-0.034155,-0.001852,0.009522),(-0.034154,-0.001922,0.009793),(-0.034152,
-0.0018,0.009444),(-0.03415,-0.001797,0.009878),(-0.034146,-0.001908,0.009574),
(-0.034145,-0.001854,0.009498),(-0.034136,-0.0015,0.009947),(-0.034134,
-0.001573,0.009923),(-0.0341334285714286,-0.0015,0.00940305194805195),(-0.034133,
-0.00192,0.009817),(-0.034133,-0.001904,0.009544),(-0.034133,-0.001572,
0.009411),(-0.034132027027027,-0.0015,0.00940321621621622),(-0.034131,-0.001647,
0.009912),(-0.03413,-0.001646,0.009423),(-0.034129,-0.001864,0.009858),
(-0.034126,-0.001859,0.009478),(-0.034124,-0.001942,0.009664),(-0.034122,
-0.001947,0.009737),(-0.034122,-0.001942,0.009702),(-0.034122,-0.001725,
0.00942),(-0.034121,-0.001724,0.009902),(-0.03412,-0.00194,0.009626),(-0.034118,
-0.001953,0.009766),(-0.034118,-0.001902,0.009526),(-0.034111,-0.001936,
0.009593),(-0.034109,-0.001803,0.009424),(-0.034108,-0.001799,0.009893),
(-0.034106,-0.001956,0.009789),(-0.034105,-0.001916,0.00983),(-0.034103,
-0.001971,0.009664),(-0.034101,-0.001933,0.009569),(-0.0341,-0.00197,0.009634),
(-0.034098,-0.001965,0.009695),(-0.034097,-0.0019,0.009516),(-0.034091,
-0.001963,0.009607),(-0.034091,-0.00196,0.00972),(-0.03409,-0.001863,0.009866),
(-0.034089,-0.001929,0.009555),(-0.034089,-0.001858,0.009469),(-0.034084,
-0.001955,0.009804),(-0.034083,-0.00196,0.00974),(-0.034082,-0.00199,0.009666),
(-0.034081,-0.001993,0.009642),(-0.034081,-0.001958,0.009587),(-0.034079,
-0.001981,0.00969),(-0.034074,-0.00199,0.009619),(-0.034073,-0.001974,0.009709),
(-0.034073,-0.001961,0.009756),(-0.034072,-0.001927,0.009547),(-0.034072,
-0.001915,0.00984),(-0.034069,-0.001955,0.009574),(-0.034068,-0.001899,
0.009511),(-0.0340663636363637,-0.002,0.00964709090909091),(-0.034065,-0.001987,
0.009601),(-0.0340647894736842,-0.0015,0.00941194736842105),(-0.034064,
-0.001969,0.009723),(-0.034064,-0.001574,0.009393),(-0.034063,-0.001653,
0.009942),(-0.034063,-0.001573,0.009933),(-0.034063,-0.0015,0.00994681081081081),
(-0.0340625714285714,-0.002,0.00964114285714286),(-0.034062,-0.00199,0.009689),
(-0.034062,-0.001983,0.009702),(-0.034062,-0.001651,0.009393),(-0.0340618783783784,
-0.0015,0.00994683783783784),(-0.0340611538461539,-0.0015,0.00941102564102564),
(-0.034061,-0.001999,0.00967),(-0.0340604,-0.002,0.009666),(-0.034059,-0.002,
0.00962757142857143),(-0.034057,-0.002,0.009668),(-0.034057,-0.001961,0.009766),
(-0.034057,-0.00173,0.009928),(-0.034057,-0.001729,0.009402),(-0.0340558235294117,
-0.002,0.00962394117647059),(-0.034055,-0.001954,0.009564),(-0.0340543333333334,
-0.002,0.00967166666666667),(-0.034054,-0.001983,0.009587),(-0.034054,-0.001951,
0.00981),(-0.034053,-0.001982,0.009709),(-0.034052,-0.001967,0.009733),
(-0.034049,-0.001929,0.00954),(-0.034049,-0.001804,0.00991),(-0.034048,
-0.001798,0.009431),(-0.0340464285714286,-0.002,0.009614),(-0.034046,-0.001994,
0.009693),(-0.0340455,-0.002,0.00961344444444445),(-0.0340445,-0.002,0.00967733333333333),
(-0.03404225,-0.002,0.0096795),(-0.034042,-0.002,0.00961),(-0.034041,-0.001979,
0.009576),(-0.03404,-0.001981,0.009716),(-0.034039,-0.001866,0.009878),
(-0.034038,-0.001965,0.009741),(-0.034038,-0.001857,0.009467),(-0.034036,
-0.001998,0.0096),(-0.034036,-0.001959,0.009772),(-0.034036,-0.001955,0.009557),
(-0.034032,-0.002,0.00960866666666666),(-0.034031,-0.001994,0.009699),(-0.03403025,
-0.002,0.00968475),(-0.034029,-0.001916,0.009848),(-0.034027,-0.001903,
0.009501),(-0.0340265,-0.002,0.00968625),(-0.034026,-0.001993,0.009588),
(-0.034026,-0.001979,0.009723),(-0.034026,-0.001977,0.009569),(-0.034021,
-0.001966,0.009747),(-0.034019,-0.001987,0.00958),(-0.034019,-0.001946,
0.00981),(-0.034017,-0.001992,0.009707),(-0.034017,-0.001931,0.009534),
(-0.034016,-0.002,0.009612),(-0.0340121428571429,-0.002,0.00969128571428571),
(-0.03401,-0.001978,0.009729),(-0.03401,-0.001956,0.009552),(-0.0340098888888889,
-0.002,0.00969188888888889),(-0.034009,-0.001995,0.009597),(-0.034009,-0.001959,
0.009777),(-0.034006,-0.001976,0.009568),(-0.034005,-0.001988,0.009583),
(-0.034002,-0.00199,0.009713),(-0.0340015,-0.002,0.009693),(-0.0340013333333333,
-0.002,0.009625),(-0.034001,-0.001968,0.009753),(-0.033999,-0.001999,0.00962),
(-0.0339956666666667,-0.002,0.009627),(-0.033994,-0.001999,0.009696),(-0.033993,
-0.001978,0.009734),(-0.03399225,-0.002,0.009692),(-0.033991,-0.001995,
0.009604),(-0.033986,-0.001988,0.009586),(-0.033985,-0.001989,0.009718),
(-0.0339832727272727,-0.0015,0.00939396103896104),(-0.033982,-0.002,0.009625),
(-0.033982,-0.001975,0.009569),(-0.0339816,-0.002,0.0096932),(-0.033981,
-0.001955,0.009553),(-0.03398,-0.001945,0.009811),(-0.03398,-0.001931,0.009533),
(-0.03398,-0.001909,0.009838),(-0.03398,-0.001902,0.009501),(-0.03398,-0.001858,
0.009865),(-0.03398,-0.001852,0.009478),(-0.03398,-0.001795,0.009889),(-0.03398,
-0.00179,0.009453),(-0.03398,-0.001727,0.009921),(-0.03398,-0.001724,0.009418),
(-0.03398,-0.001653,0.009944),(-0.03398,-0.001651,0.009394),(-0.03398,-0.001574,
0.009386),(-0.03398,-0.001573,0.009935),(-0.03398,-0.0015,0.00939368831168831),
(-0.03398,-0.0015,0.00994881081081081),(-0.033979,-0.001966,0.009783),(-0.0339788947368421,
-0.0015,0.00994888157894737),(-0.033978,-0.001998,0.009702),(-0.033978,
-0.001975,0.009758),(-0.0339752,-0.002,0.0096956),(-0.033974,-0.001996,
0.009608),(-0.033974,-0.001981,0.009739),(-0.0339694285714286,-0.002,0.00962114285714286),
(-0.033969,-0.001989,0.009723),(-0.033967,-0.001989,0.00959),(-0.0339665,
-0.002,0.009697),(-0.033962,-0.001997,0.009708),(-0.0339612,-0.002,0.0096202),
(-0.033959,-0.001973,0.009572),(-0.033958,-0.001998,0.009613),(-0.0339572,
-0.002,0.009699),(-0.033955,-0.001986,0.009744),(-0.033954,-0.001982,0.009763),
(-0.033952,-0.001953,0.009556),(-0.033951,-0.001991,0.009729),(-0.0339506666666666,
-0.002,0.00970033333333333),(-0.033948,-0.001989,0.009595),(-0.033948,-0.001975,
0.009789),(-0.033944,-0.001996,0.009715),(-0.033943,-0.002,0.00962),(-0.033943,
-0.001932,0.009533),(-0.033941,-0.001988,0.009748),(-0.033941,-0.001951,
0.009816),(-0.033938,-0.001972,0.009577),(-0.033936,-0.002,0.009701),(-0.033934,
-0.001991,0.009739),(-0.033933,-0.001987,0.009763),(-0.033932,-0.00199,
0.009602),(-0.033932,-0.001907,0.009832),(-0.033932,-0.001905,0.009498),
(-0.0339264615384616,-0.002,0.00962438461538462),(-0.033926,-0.001952,0.00956),
(-0.033925,-0.001993,0.009726),(-0.0339248571428571,-0.002,0.00962571428571429),
(-0.033923,-0.001852,0.009849),(-0.033923,-0.001851,0.009481),(-0.0339225,
-0.002,0.009699),(-0.03392,-0.00198,0.009789),(-0.03392,-0.001971,0.009584),
(-0.033918,-0.001989,0.00961),(-0.033916,-0.001996,0.009712),(-0.033916,
-0.001989,0.009755),(-0.0339156666666666,-0.002,0.00969266666666667),(-0.033913,
-0.002,0.009634),(-0.033913,-0.001786,0.009464),(-0.033912,-0.001792,0.009878),
(-0.03391,-0.001934,0.009535),(-0.033909,-0.001998,0.009696),(-0.0339075,
-0.002,0.0096455),(-0.033907,-0.001971,0.009593),(-0.033906,-0.001988,0.009618),
(-0.033906,-0.001951,0.009567),(-0.033904,-0.001989,0.009742),(-0.033904,
-0.001958,0.009818),(-0.033904,-0.001724,0.009907),(-0.033904,-0.001722,
0.009427),(-0.033903,-0.002,0.009678),(-0.0339001578947368,-0.0015,0.00939281578947368),
(-0.033899,-0.002,0.009658),(-0.033899,-0.001646,0.009911),(-0.033898,-0.001648,
0.009406),(-0.033897947368421,-0.0015,0.00939292105263158),(-0.033897,-0.001994,
0.009639),(-0.033897,-0.001986,0.009625),(-0.033897,-0.0015,0.00995),(-0.033896,
-0.001981,0.00978),(-0.033896,-0.00197,0.009604),(-0.033896,-0.001575,0.00994),
(-0.033896,-0.001574,0.00939),(-0.033894,-0.001988,0.009727),(-0.033893,
-0.001949,0.009577),(-0.033891,-0.001903,0.009505),(-0.033889,-0.001913,
0.009837),(-0.033887,-0.001988,0.009708),(-0.033887,-0.001973,0.009618),
(-0.033887,-0.00193,0.009545),(-0.033883,-0.001949,0.00959),(-0.033882,
-0.00198,0.009638),(-0.033881,-0.001989,0.009686),(-0.033879,-0.001987,
0.009661),(-0.033879,-0.001981,0.009765),(-0.033874,-0.001961,0.00981),
(-0.033874,-0.001954,0.009608),(-0.033873,-0.001852,0.009482),(-0.033872,
-0.001928,0.009556),(-0.033872,-0.001856,0.009853),(-0.033867,-0.001979,
0.009746),(-0.033864,-0.001963,0.009633),(-0.033863,-0.001899,0.009517),
(-0.033862,-0.001929,0.009571),(-0.03386,-0.001976,0.009722),(-0.033856,
-0.001975,0.009694),(-0.033856,-0.001971,0.009663),(-0.033855,-0.001792,
0.009874),(-0.033855,-0.00179,0.009457),(-0.033854,-0.001918,0.009832),
(-0.033852,-0.00196,0.009792),(-0.033851,-0.001934,0.009593),(-0.033845,
-0.001899,0.009529),(-0.033841,-0.001719,0.009441),(-0.03384,-0.00172,0.009891),
(-0.033839,-0.001852,0.009489),(-0.033838,-0.001957,0.009768),(-0.033838,
-0.001942,0.009625),(-0.033835,-0.001858,0.009848),(-0.033832,-0.0019,0.009547),
(-0.033831,-0.001645,0.009901),(-0.0338307631578948,-0.0015,0.0094085),
(-0.03383,-0.001954,0.009739),(-0.03383,-0.001647,0.009419),(-0.033829,
-0.001917,0.009814),(-0.0338288947368421,-0.0015,0.00940871052631579),(-0.033825,
-0.001954,0.009703),(-0.033825,-0.001952,0.009664),(-0.033825,-0.0019,0.009576),
(-0.033825,-0.001574,0.009398),(-0.033825,-0.001574,0.009928),(-0.0338230131578948,
-0.0015,0.00995511842105263),(-0.03382204,-0.0015,0.00995512),(-0.033822,
-0.001501,0.009955),(-0.033817,-0.001913,0.009788),(-0.033817,-0.001852,
0.0095),(-0.033817,-0.001789,0.009861),(-0.033815,-0.001791,0.009461),(-0.033813,
-0.001909,0.009754),(-0.033812,-0.001906,0.009616),(-0.033811,-0.001857,
0.009833),(-0.033803,-0.001912,0.009712),(-0.033802,-0.001854,0.009521),
(-0.033799,-0.001851,0.009557),(-0.033798,-0.00185,0.009607),(-0.033798,
-0.001719,0.009882),(-0.033797,-0.001857,0.009808),(-0.033796,-0.001915,
0.009664),(-0.033795,-0.001788,0.009849),(-0.033794,-0.001722,0.009437),
(-0.033791,-0.001856,0.009772),(-0.033789,-0.001792,0.009473),(-0.033788,
-0.001855,0.009722),(-0.033784,-0.001646,0.009898),(-0.033782,-0.001789,
0.009827),(-0.033781,-0.001858,0.009664),(-0.033778,-0.001651,0.009411),
(-0.033777,-0.001717,0.009866),(-0.0337766533333334,-0.0015,0.00940688),
(-0.0337759090909091,-0.0015,0.00940687012987013),(-0.033773,-0.001794,
0.009497),(-0.033773,-0.001575,0.009923),(-0.033772,-0.001716,0.009842),
(-0.033769,-0.001576,0.009397),(-0.033768,-0.001791,0.009596),(-0.033767,
-0.001793,0.009789),(-0.033764,-0.001724,0.009448),(-0.033763,-0.001794,
0.009538),(-0.0337587894736842,-0.0015,0.00996302631578947),(-0.033757077922078,
-0.0015,0.00996297402597403),(-0.033757,-0.001502,0.009963),(-0.033756,
-0.001719,0.009803),(-0.033756,-0.001647,0.009888),(-0.033754,-0.001795,
0.009664),(-0.03375,-0.001798,0.009732),(-0.033748,-0.001724,0.009477),
(-0.033748,-0.001645,0.009858),(-0.033747,-0.001644,0.009812),(-0.033741,
-0.001722,0.009664),(-0.033739,-0.001653,0.009423),(-0.033739,-0.0015,0.009423),
(-0.033735,-0.001724,0.00974),(-0.033733,-0.001726,0.009521),(-0.033733,
-0.001576,0.00991),(-0.033731,-0.001647,0.009583),(-0.03373,-0.001726,0.009587),
(-0.033728,-0.001577,0.009411),(-0.033725,-0.001648,0.009745),(-0.033725,
-0.001647,0.009664),(-0.033721,-0.001652,0.009459),(-0.033717,-0.001651,
0.009511),(-0.033716,-0.001575,0.009873),(-0.033711,-0.0015,0.009454),(-0.0337093506493506,
-0.0015,0.00993667532467532),(-0.033708051948052,-0.0015,0.00993594805194805),
(-0.033708,-0.001574,0.00958),(-0.033708,-0.001502,0.009936),(-0.033703,
-0.001577,0.009449),(-0.0337,-0.001576,0.009821),(-0.033697,-0.001576,0.009748),
(-0.033694,-0.001577,0.009505),(-0.033694,-0.0015,0.009507),(-0.033693,
-0.001576,0.009664),(-0.03369125,-0.0015,0.00988268421052631),(-0.033691,
-0.001501,0.009882),(-0.0336909342105263,-0.0015,0.00988198684210526),(-0.03369,
-0.0015,0.00958),(-0.033674,-0.001502,0.009748),(-0.033674,-0.0015,0.0097498947368421),
(-0.0336738157894737,-0.0015,0.00974794736842105),(-0.0336723636363636,
-0.0015,0.00982548051948052),(-0.0336720526315789,-0.0015,0.0098238947368421),
(-0.033672,-0.001502,0.009824),(-0.03367,-0.001502,0.009664),(-0.0336699210526316,
-0.0015,0.00966615789473684),(-0.0336698947368421,-0.0015,0.009664)));
#1826=COORDINATES_LIST('',436,((-0.0400634,-0.0015,0.00974576),(-0.0400632631578948,
-0.0015,0.00974794736842105),(-0.040063,-0.001579,0.009664),(-0.040063,
-0.001502,0.009748),(-0.0400622162162162,-0.0015,0.009664),(-0.0400621333333333,
-0.0015,0.00966289333333334),(-0.040062,-0.001501,0.009664),(-0.040054,
-0.001656,0.009664),(-0.040054,-0.001577,0.009749),(-0.040053,-0.0015,0.0096363333333334),
(-0.040044,-0.001654,0.009747),(-0.040041,-0.0015,0.00979466666666661),
(-0.0400356913580247,-0.0015,0.00958304938271605),(-0.0400348133333333,
-0.0015,0.00958097333333333),(-0.040031,-0.001734,0.009518),(-0.040031,
-0.001575,0.00982),(-0.0400309594594595,-0.0015,0.00951094594594595),(-0.0400308243243243,
-0.0015,0.00951),(-0.0400300131578947,-0.0015,0.00981802631578947),(-0.0400299342105263,
-0.0015,0.00981872368421053),(-0.040029,-0.001651,0.009582),(-0.040028,
-0.001573,0.00958),(-0.040026,-0.00173,0.009741),(-0.040025,-0.001575,0.009873),
(-0.040024,-0.0015,0.009871),(-0.040022,-0.001729,0.009587),(-0.040019,
-0.001728,0.009664),(-0.040018,-0.00173,0.009808),(-0.040018,-0.001573,
0.00951),(-0.040017,-0.001733,0.009467),(-0.040017,-0.001649,0.009815),
(-0.0400140540540541,-0.0015,0.00946166216216216),(-0.0400139324324325,
-0.0015,0.009461),(-0.040012,-0.001648,0.009513),(-0.040009,-0.001573,0.009461),
(-0.040008,-0.001576,0.009912),(-0.040008,-0.0015,0.009911),(-0.040007,
-0.001649,0.009864),(-0.040001,-0.001802,0.009733),(-0.040001,-0.001727,
0.009854),(-0.040001,-0.001648,0.009466),(-0.040001,-0.001575,0.009422),
(-0.039998,-0.0015,0.009426),(-0.039997,-0.001802,0.009535),(-0.039996,
-0.001735,0.009428),(-0.039992,-0.00165,0.009432),(-0.039988,-0.001804,
0.009489),(-0.039987,-0.001799,0.009791),(-0.039987,-0.001648,0.00989),
(-0.039986,-0.001796,0.009596),(-0.039978,-0.001793,0.009664),(-0.039972,
-0.001722,0.009876),(-0.039972,-0.001576,0.009392),(-0.039972,-0.0015,0.009937),
(-0.039969,-0.001794,0.009831),(-0.039969,-0.001575,0.009926),(-0.039967,
-0.001803,0.009457),(-0.039966,-0.001653,0.009401),(-0.0399654736842106,
-0.0015,0.00940522368421053),(-0.0399650909090909,-0.0015,0.00940483116883117),
(-0.039962,-0.001859,0.009722),(-0.039959,-0.001857,0.009664),(-0.039958,
-0.001735,0.009403),(-0.039958,-0.001648,0.009904),(-0.039957,-0.001857,
0.009606),(-0.039956,-0.001796,0.009859),(-0.039955,-0.001858,0.009773),
(-0.03995,-0.001856,0.009556),(-0.039942,-0.001719,0.009882),(-0.03994,
-0.001855,0.009807),(-0.039937,-0.001853,0.009522),(-0.039932,-0.0018,0.009443),
(-0.039929,-0.001796,0.009876),(-0.039927,-0.001856,0.009831),(-0.039924,
-0.001853,0.0095),(-0.0399204805194805,-0.0015,0.00996371428571429),(-0.03992,
-0.001904,0.009753),(-0.0399190266666666,-0.0015,0.00996456),(-0.039919,
-0.001901,0.009711),(-0.039919,-0.0019,0.009664),(-0.039919,-0.001577,0.009375),
(-0.039919,-0.001502,0.009964),(-0.039916,-0.001574,0.009933),(-0.0399147532467532,
-0.0015,0.00939298701298701),(-0.0399140641025641,-0.0015,0.00939276923076923),
(-0.039914,-0.001897,0.009617),(-0.039914,-0.001654,0.009388),(-0.039913,
-0.001905,0.009783),(-0.039912,-0.001649,0.00992),(-0.039905,-0.001857,
0.009847),(-0.039904,-0.001856,0.009481),(-0.039904,-0.00173,0.009404),
(-0.039902,-0.001891,0.009578),(-0.039899,-0.001904,0.009803),(-0.039899,
-0.001719,0.009887),(-0.039896,-0.001891,0.009552),(-0.039893,-0.001896,
0.009531),(-0.03989,-0.001935,0.009734),(-0.03989,-0.001931,0.009701),(-0.039888,
-0.001799,0.009435),(-0.039886,-0.001793,0.009877),(-0.039883,-0.001935,
0.009759),(-0.039883,-0.001924,0.009664),(-0.03988,-0.001906,0.009509),
(-0.03988,-0.001905,0.009817),(-0.039876,-0.001918,0.009628),(-0.039873,
-0.001935,0.009776),(-0.03987,-0.001915,0.009598),(-0.03987,-0.001862,0.009462),
(-0.039868,-0.001917,0.009576),(-0.039868,-0.001856,0.009854),(-0.039866,
-0.001953,0.009719),(-0.039866,-0.001925,0.009558),(-0.039864,-0.001947,
0.009693),(-0.039861,-0.001957,0.009739),(-0.039859,-0.001939,0.009665),
(-0.039856,-0.001938,0.009789),(-0.039855,-0.001936,0.009637),(-0.039855,
-0.001935,0.00954),(-0.039853,-0.001937,0.009612),(-0.039852,-0.001959,
0.009755),(-0.039852,-0.001914,0.00949),(-0.03985,-0.00194,0.009593),(-0.03985,
-0.001909,0.009831),(-0.039847,-0.0015,0.0099704),(-0.039846,-0.00196,0.009707),
(-0.039846,-0.001947,0.009577),(-0.039845,-0.001954,0.009688),(-0.039845,
-0.001577,0.009373),(-0.039845,-0.001502,0.00997),(-0.0398449210526316,
-0.0015,0.00996994736842105),(-0.039844,-0.001576,0.009948),(-0.0398439743589744,
-0.0015,0.00938191025641026),(-0.0398430256410256,-0.0015,0.00938188461538461),
(-0.039843,-0.001951,0.009666),(-0.039842,-0.001965,0.009722),(-0.039842,
-0.001652,0.009389),(-0.039841,-0.001952,0.009644),(-0.039841,-0.001647,
0.009915),(-0.03984,-0.001957,0.009624),(-0.039837,-0.00196,0.009766),(-0.039837,
-0.00173,0.009399),(-0.039836,-0.001961,0.009606),(-0.039836,-0.001957,
0.009562),(-0.039835,-0.001963,0.0097),(-0.039835,-0.001718,0.009888),(-0.039833,
-0.00197,0.009734),(-0.039833,-0.001944,0.009525),(-0.039832,-0.001962,
0.009687),(-0.039832,-0.00194,0.009799),(-0.039829,-0.001968,0.009707),
(-0.039829,-0.001965,0.009592),(-0.039829,-0.001963,0.00967),(-0.039828,
-0.001798,0.009432),(-0.039828,-0.001794,0.009883),(-0.039827,-0.001968,
0.009651),(-0.039825,-0.001975,0.009634),(-0.03982,-0.001981,0.009617),
(-0.03982,-0.001974,0.009744),(-0.03982,-0.001972,0.009579),(-0.03982,-0.00197,
0.009691),(-0.039819,-0.001974,0.009715),(-0.039818,-0.001966,0.009549),
(-0.039818,-0.00186,0.009461),(-0.039818,-0.001858,0.009862),(-0.039816,
-0.001974,0.009675),(-0.039816,-0.001961,0.009773),(-0.039813,-0.001984,
0.009603),(-0.039812,-0.001981,0.009658),(-0.039809,-0.001988,0.009642),
(-0.039809,-0.001914,0.009843),(-0.039808,-0.001976,0.009697),(-0.039808,
-0.001909,0.009491),(-0.039806,-0.00198,0.009568),(-0.039806,-0.00198,0.009724),
(-0.039805,-0.001985,0.00959),(-0.039803,-0.001995,0.009627),(-0.039803,
-0.001976,0.009752),(-0.039802,-0.00198,0.009681),(-0.039799,-0.001987,
0.00958),(-0.039799,-0.001947,0.009516),(-0.039798,-0.00194,0.009804),(-0.039797,
-0.001987,0.009666),(-0.039796,-0.001999,0.009612),(-0.039796,-0.001981,
0.009705),(-0.0397935714285714,-0.002,0.009613),(-0.0397926666666666,-0.002,
0.00961966666666667),(-0.039792,-0.001994,0.00965),(-0.039792,-0.001974,
0.009538),(-0.039791,-0.001983,0.009731),(-0.0397908571428571,-0.002,0.00963271428571429),
(-0.039789,-0.001997,0.009597),(-0.039789,-0.001961,0.009778),(-0.039788,
-0.001984,0.009688),(-0.0397875,-0.002,0.00963875),(-0.039786,-0.001987,
0.009562),(-0.0397856666666666,-0.002,0.00960433333333333),(-0.039785,-0.001993,
0.009581),(-0.039782625,-0.002,0.0095985),(-0.039782,-0.00199,0.009673),
(-0.039781,-0.002,0.009646),(-0.039781,-0.001985,0.009712),(-0.039781,-0.001977,
0.009757),(-0.0397774166666666,-0.002,0.00959266666666667),(-0.039776,-0.001998,
0.009657),(-0.03977425,-0.002,0.009653),(-0.039773,-0.001988,0.009695),
(-0.039773,-0.001985,0.009736),(-0.0397696,-0.002,0.0096598),(-0.039767,
-0.001994,0.009679),(-0.039766,-0.002,0.009583),(-0.039766,-0.001989,0.009718),
(-0.0397650769230769,-0.002,0.00966607692307692),(-0.0397641975308642,-0.0015,
0.00940437037037037),(-0.0397623333333334,-0.002,0.009669),(-0.039762,-0.001992,
0.00956),(-0.039761,-0.001978,0.009535),(-0.03976,-0.001949,0.009512),(-0.03976,
-0.001942,0.009807),(-0.03976,-0.001911,0.00984),(-0.03976,-0.001907,0.009493),
(-0.03976,-0.001856,0.00986),(-0.03976,-0.001854,0.009473),(-0.03976,-0.001794,
0.009884),(-0.03976,-0.001789,0.009455),(-0.03976,-0.001723,0.009422),(-0.03976,
-0.001722,0.009903),(-0.03976,-0.00165,0.009399),(-0.03976,-0.00165,0.009929),
(-0.03976,-0.001578,0.009963),(-0.03976,-0.001573,0.009393),(-0.03976,-0.0015,
0.00940532467532467),(-0.03976,-0.0015,0.009957),(-0.039759,-0.001962,0.00978),
(-0.039758,-0.001993,0.009701),(-0.039758,-0.001976,0.009759),(-0.039754,
-0.001985,0.00974),(-0.03975325,-0.002,0.0096805),(-0.039751,-0.001999,
0.009686),(-0.039750125,-0.002,0.009684),(-0.039749,-0.001991,0.009723),
(-0.03974675,-0.002,0.00968775),(-0.039742,-0.001997,0.009708),(-0.0397412,
-0.002,0.0095712),(-0.039738,-0.002,0.0097005),(-0.039738,-0.001996,0.009562),
(-0.039735,-0.001985,0.009743),(-0.039734,-0.001977,0.00976),(-0.039731,
-0.001992,0.009729),(-0.039729,-0.00198,0.009536),(-0.039729,-0.001966,
0.009783),(-0.039728,-0.002,0.0097068),(-0.039724,-0.001998,0.009716),(-0.039721,
-0.002,0.00971133333333333),(-0.039721,-0.001984,0.009747),(-0.039721,-0.001952,
0.009511),(-0.039721,-0.001948,0.009813),(-0.0397188,-0.002,0.0095644),
(-0.039714,-0.001989,0.009738),(-0.039714,-0.001979,0.009759),(-0.03971335,
-0.002,0.00956375),(-0.03971215,-0.002,0.00956425),(-0.039712,-0.001911,
0.009488),(-0.039712,-0.00191,0.009837),(-0.039711,-0.002,0.0097116),(-0.039705,
-0.001994,0.009726),(-0.039702,-0.001857,0.009861),(-0.039702,-0.001856,
0.00947),(-0.039701,-0.001981,0.00954),(-0.039701,-0.001971,0.009782),(-0.039698,
-0.001983,0.009753),(-0.039695,-0.002,0.009713),(-0.039693,-0.00179,0.009454),
(-0.039691,-0.0018,0.009899),(-0.03968916,-0.002,0.00956596),(-0.039686,
-0.001949,0.009519),(-0.039686,-0.001949,0.009808),(-0.039685,-0.001987,
0.009742),(-0.039685,-0.001717,0.009445),(-0.0396846,-0.002,0.00956908),
(-0.039683,-0.001728,0.009922),(-0.039681,-0.002,0.00971028571428571),(-0.03968,
-0.001971,0.009774),(-0.0396781216216216,-0.0015,0.00938412162162162),(-0.039678,
-0.001653,0.00994),(-0.039678,-0.001649,0.009405),(-0.0396770632911393,
-0.0015,0.00995864556962025),(-0.039677,-0.001981,0.00955),(-0.039677,-0.001573,
0.009397),(-0.039677,-0.0015,0.00938417567567568),(-0.039676051948052,-0.0015,
0.00995881818181818),(-0.039676,-0.001501,0.009959),(-0.039674,-0.001579,
0.00997),(-0.039673,-0.001992,0.009728),(-0.039671,-0.001904,0.009504),
(-0.03967,-0.001907,0.009829),(-0.0396695357142857,-0.002,0.00957589285714286),
(-0.0396655714285715,-0.002,0.00970728571428572),(-0.0396646666666667,-0.002,
0.00958133333333333),(-0.0396632142857143,-0.002,0.00970678571428571),(-0.039663,
-0.001972,0.009761),(-0.039662,-0.001999,0.009709),(-0.039662,-0.001943,
0.009534),(-0.039661,-0.001943,0.009794),(-0.03966,-0.002,0.0097035),(-0.039658,
-0.001981,0.009563),(-0.0396546666666667,-0.002,0.00959066666666667),(-0.039653,
-0.001854,0.009478),(-0.03965115,-0.002,0.00969255),(-0.0396506538461538,
-0.002,0.00959842307692308),(-0.03965,-0.001861,0.009864),(-0.0396492352941177,
-0.002,0.00968841176470588),(-0.039648,-0.001977,0.009745),(-0.03964575,
-0.002,0.00961079166666667),(-0.039645,-0.001897,0.00952),(-0.0396442916666667,
-0.002,0.00961925),(-0.039644,-0.001982,0.00958),(-0.039644,-0.001941,0.00978),
(-0.039644,-0.00194,0.009548),(-0.039642,-0.002,0.00966230434782609),(-0.0396416666666667,
-0.002,0.009673),(-0.0396416,-0.002,0.00963472),(-0.039641,-0.001905,0.009817),
(-0.0396406666666667,-0.002,0.009645),(-0.039636,-0.001789,0.009461),(-0.039635,
-0.001983,0.009724),(-0.039633,-0.001983,0.009603),(-0.039632,-0.001799,
0.009892),(-0.03963,-0.001943,0.009565),(-0.039628,-0.001983,0.009632),
(-0.039627,-0.001986,0.009695),(-0.039627,-0.001946,0.009764),(-0.039626,
-0.001984,0.009663),(-0.039626,-0.001897,0.00953),(-0.039622,-0.001715,
0.009454),(-0.039619,-0.001906,0.009805),(-0.039618,-0.001725,0.009908),
(-0.039617,-0.001947,0.00959),(-0.039617,-0.001853,0.009486),(-0.039612,
-0.001948,0.009625),(-0.039611,-0.001954,0.009739),(-0.039611,-0.001901,
0.009546),(-0.039611,-0.001863,0.009856),(-0.03961,-0.001646,0.009422),
(-0.039609,-0.001649,0.009917),(-0.039606,-0.001951,0.009664),(-0.039604,
-0.0015,0.009383),(-0.039604,-0.0015,0.00995190909090909),(-0.0396030394736842,
-0.0015,0.00995206578947369),(-0.039603,-0.001908,0.009785),(-0.039603,
-0.001902,0.009575),(-0.039603,-0.001576,0.00994),(-0.039603,-0.001501,
0.009952),(-0.039602,-0.001957,0.009703),(-0.039602,-0.001576,0.009382),
(-0.0396,-0.001901,0.009617),(-0.039599,-0.001787,0.009471),(-0.039597,
-0.001852,0.009501),(-0.039594,-0.001904,0.009664),(-0.039593,-0.001794,
0.009872),(-0.03959,-0.001911,0.009755),(-0.039588,-0.00185,0.009523),(-0.039586,
-0.001862,0.009838),(-0.039585,-0.001911,0.009712),(-0.039584,-0.001849,
0.009558),(-0.039582,-0.001783,0.009486),(-0.039579,-0.001718,0.009449),
(-0.039576,-0.001851,0.009606),(-0.039575,-0.001722,0.009891),(-0.039574,
-0.001858,0.009809),(-0.039574,-0.001851,0.009664),(-0.039574,-0.001789,
0.00985),(-0.039574,-0.001784,0.009505),(-0.039572,-0.001853,0.009721),
(-0.039569,-0.001857,0.009772),(-0.039569,-0.001786,0.009825),(-0.039564,
-0.001786,0.009787),(-0.039562,-0.001648,0.009905),(-0.039561,-0.001787,
0.00954),(-0.039561,-0.001648,0.00942),(-0.039555,-0.001574,0.009918),(-0.039553,
-0.00172,0.009871),(-0.039551,-0.00179,0.009731),(-0.039551,-0.001721,0.009454),
(-0.039551,-0.0015,0.009396),(-0.03955,-0.0015,0.009933),(-0.039548,-0.001576,
0.009392),(-0.039546,-0.001792,0.009596),(-0.039544,-0.001718,0.009845),
(-0.039542,-0.001793,0.009664),(-0.039534,-0.001722,0.009479),(-0.039534,
-0.001648,0.00989),(-0.039533,-0.001643,0.009811),(-0.039528,-0.001722,
0.009523),(-0.039528,-0.001722,0.009804),(-0.039527,-0.001646,0.009859),
(-0.0395262857142857,-0.0015,0.00942950649350649),(-0.0395258051948052,
-0.0015,0.00942980519480519),(-0.039524,-0.001651,0.009428),(-0.039523,
-0.001574,0.009901),(-0.039515,-0.001724,0.00974),(-0.039511,-0.001576,
0.009415),(-0.039511,-0.0015,0.009913),(-0.03951,-0.001726,0.009587),(-0.039508,
-0.001647,0.009745),(-0.039507,-0.001726,0.009664),(-0.0395040909090909,
-0.0015,0.00945941558441558),(-0.0395036582278481,-0.0015,0.00945983544303797),
(-0.039498,-0.001575,0.009872),(-0.039491,-0.001574,0.00982),(-0.03949,
-0.001655,0.009455),(-0.03949,-0.001651,0.009664),(-0.0394893333333333,
-0.0015,0.009475),(-0.039485,-0.001574,0.009664),(-0.039485,-0.001574,0.009747),
(-0.039482447368421,-0.0015,0.0098783947368421),(-0.0394821842105263,-0.0015,
0.00987786842105263),(-0.039482,-0.001501,0.009878),(-0.039477,-0.001655,
0.009508),(-0.039477,-0.001578,0.009447),(-0.039475,-0.0015,0.00982),(-0.039473,
-0.001655,0.009581),(-0.039461,-0.001501,0.009664),(-0.0394609868421053,
-0.0015,0.00966506578947368),(-0.03946084,-0.0015,0.009664),(-0.0394600526315789,
-0.0015,0.00950510526315789),(-0.03946,-0.001502,0.009505),(-0.0394596578947368,
-0.0015,0.009507),(-0.039457,-0.00158,0.009503),(-0.039455,-0.001502,0.009579),
(-0.0394548421052631,-0.0015,0.00958123684210526),(-0.0394547894736842,
-0.0015,0.00957905263157895),(-0.0394536753246753,-0.0015,0.00974974025974026),
(-0.0394531818181818,-0.0015,0.00974792207792208),(-0.039453,-0.00158,0.009578),
(-0.039453,-0.001502,0.009748)));
#1827=COORDINATES_LIST('',433,((0.029337,-0.001579,0.009615),(0.029338,
-0.001501,0.009616),(0.029338,-0.001501,0.0097),(0.0293382207792208,-0.0015,
0.0097),(0.0293382597402598,-0.0015,0.00961605194805195),(0.0293382597402598,
-0.0015,0.00969896103896104),(0.0293384545454545,-0.0015,0.00961516883116883),
(0.029345,-0.001577,0.0097),(0.029346,-0.0015,0.009784),(0.0293518,-0.0015,
0.00985698666666667),(0.029351987012987,-0.0015,0.009856),(0.029352,-0.001501,
0.009857),(0.029355,-0.001654,0.0097),(0.029356,-0.0015,0.009544),(0.029358,
-0.001576,0.009784),(0.029363,-0.001576,0.009543),(0.029368,-0.001652,0.009782),
(0.029371,-0.001574,0.009856),(0.029372,-0.0015,0.009491),(0.029376,-0.00165,
0.009618),(0.029377,-0.0015,0.009907),(0.029379,-0.001653,0.009494),(0.029379,
-0.00165,0.009852),(0.029385,-0.001649,0.009549),(0.029385,-0.001574,0.009494),
(0.029389,-0.0015,0.009449),(0.029391,-0.001725,0.0097),(0.029394,-0.001573,
0.009902),(0.029395,-0.001724,0.009624),(0.029397,-0.001724,0.009776),(0.029398,
-0.001653,0.009457),(0.0294,-0.001724,0.009841),(0.029403,-0.001647,0.009897),
(0.029404,-0.001799,0.0097),(0.0294040945945946,-0.0015,0.00993590540540541),
(0.029404493150685,-0.0015,0.00993606849315069),(0.029405,-0.001799,0.009631),
(0.029406,-0.001574,0.009466),(0.029411,-0.001573,0.009929),(0.029417,-0.001719,
0.009561),(0.029417,-0.001647,0.009923),(0.029418,-0.001721,0.009884),(0.029419,
-0.001794,0.009768),(0.029422,-0.001795,0.009826),(0.029423,-0.001794,0.009574),
(0.029426,-0.001865,0.0097),(0.029427,-0.001717,0.009519),(0.029428,-0.001864,
0.009641),(0.029431,-0.0015,0.009432),(0.029432,-0.00172,0.009492),(0.029434,
-0.001862,0.009759),(0.029434,-0.001793,0.009534),(0.029434,-0.001653,0.009438),
(0.029434,-0.001574,0.009443),(0.029435,-0.001719,0.009905),(0.029438,-0.001862,
0.00981),(0.029438,-0.001791,0.009865),(0.0294390136986302,-0.0015,0.00994790410958904),
(0.0294396666666667,-0.0015,0.00994798611111111),(0.02944,-0.001572,0.009941),
(0.029441,-0.001861,0.00959),(0.029446,-0.001645,0.009931),(0.029452,-0.00186,
0.009553),(0.029452,-0.00179,0.009512),(0.029452,-0.00179,0.009888),(0.029453,
-0.00186,0.009846),(0.029454,-0.001723,0.009472),(0.029456,-0.001915,0.0097),
(0.029461,-0.001913,0.009651),(0.029461,-0.001716,0.00991),(0.029464,-0.001911,
0.009748),(0.029469,-0.001859,0.009529),(0.029469,-0.001859,0.009871),(0.029473,
-0.001909,0.00979),(0.029475,-0.001908,0.00961),(0.029476,-0.00179,0.009899),
(0.029477,-0.001789,0.009503),(0.029482,-0.001909,0.009578),(0.029482,-0.001576,
0.009419),(0.029485,-0.0015,0.009423),(0.029486,-0.001906,0.00982),(0.029486,
-0.001653,0.009429),(0.0294860138888889,-0.0015,0.00996869444444444),(0.0294869861111111,
-0.0015,0.00996883333333333),(0.029487,-0.001571,0.009947),(0.029491,-0.001644,
0.009933),(0.029492,-0.001948,0.009739),(0.029492,-0.001946,0.0097),(0.029493,
-0.00186,0.009889),(0.029495,-0.00195,0.009774),(0.029495,-0.001945,0.009661),
(0.029495,-0.001857,0.009516),(0.029498,-0.001907,0.009558),(0.029499,-0.001722,
0.009467),(0.0295,-0.001904,0.00984),(0.029502,-0.001716,0.009914),(0.029503,
-0.001942,0.009628),(0.029505,-0.001949,0.009801),(0.029512,-0.00194,0.009602),
(0.029515,-0.001791,0.009908),(0.029516,-0.001788,0.0095),(0.029519,-0.001908,
0.009856),(0.02952,-0.001948,0.00982),(0.029521,-0.001903,0.009549),(0.029523,
-0.001968,0.009758),(0.029524,-0.001962,0.009731),(0.029526,-0.001939,0.009585),
(0.029527,-0.001957,0.009701),(0.029528,-0.001958,0.009671),(0.029529,-0.001973,
0.009781),(0.02953,-0.001863,0.009904),(0.029531,-0.001959,0.009644),(0.029533,
-0.001853,0.009515),(0.029539,-0.001958,0.009624),(0.029539,-0.001949,0.009835),
(0.029541,-0.001974,0.009798),(0.029545,-0.001935,0.009577),(0.029549,-0.001969,
0.009745),(0.029549,-0.001912,0.009871),(0.029551,-0.001963,0.009725),(0.029551,
-0.001955,0.00961),(0.029553,-0.001959,0.009703),(0.029553,-0.001899,0.009547),
(0.029554,-0.001973,0.00976),(0.029554,-0.001962,0.00968),(0.029555,-0.001968,
0.009658),(0.029556,-0.001574,0.009427),(0.0295560259740259,-0.0015,0.00941603896103896),
(0.0295569866666667,-0.0015,0.00941614666666667),(0.029557,-0.001571,0.009957),
(0.029557,-0.0015,0.009986),(0.029558,-0.001653,0.009423),(0.029559,-0.001975,
0.009811),(0.029559,-0.001644,0.009939),(0.029561,-0.001971,0.009641),(0.029563,
-0.001966,0.009737),(0.029564,-0.001723,0.009459),(0.029565,-0.001977,0.009772),
(0.029565,-0.001718,0.009924),(0.029566,-0.001953,0.009601),(0.029566,-0.001952,
0.009847),(0.029567,-0.001963,0.009724),(0.029569,-0.001971,0.009626),(0.02957,
-0.001933,0.009572),(0.029571,-0.001968,0.009743),(0.029571,-0.001964,0.009706),
(0.029572,-0.001969,0.009688),(0.029572,-0.001793,0.009918),(0.029573,-0.001791,
0.009488),(0.029574,-0.001977,0.00967),(0.029579,-0.001983,0.009653),(0.029579,
-0.001981,0.009783),(0.02958,-0.001967,0.009727),(0.029581,-0.001977,0.009821),
(0.029581,-0.001971,0.009616),(0.029581,-0.001864,0.00991),(0.029582,-0.001972,
0.009751),(0.029583,-0.001848,0.009523),(0.029585,-0.00197,0.009711),(0.029585,
-0.001954,0.009594),(0.029586,-0.001987,0.009639),(0.029588,-0.001977,0.009695),
(0.029592,-0.001986,0.009679),(0.029592,-0.001971,0.009733),(0.029592,-0.00191,
0.009873),(0.029593,-0.0019,0.009543),(0.029594,-0.001987,0.009626),(0.029594,
-0.001976,0.009759),(0.029595,-0.001973,0.009607),(0.029596,-0.001984,0.009792),
(0.029597,-0.001994,0.009663),(0.029599,-0.001975,0.009717),(0.029601,-0.001985,
0.009617),(0.029601,-0.00195,0.00985),(0.029602,-0.001938,0.009562),(0.029604,
-0.001999,0.009648),(0.029604,-0.001981,0.009702),(0.029605,-0.001974,0.00974),
(0.0296064285714286,-0.002,0.009649),(0.029608,-0.00199,0.009687),(0.029609,
-0.00198,0.009766),(0.029609,-0.001961,0.009585),(0.02961,-0.002,0.009633),
(0.02961,-0.001977,0.009826),(0.029613,-0.001977,0.009724),(0.029614,-0.001999,
0.009671),(0.029614,-0.001981,0.009601),(0.029615,-0.002,0.00966871428571429),
(0.029615,-0.001995,0.009617),(0.029618,-0.001986,0.009797),(0.029618,-0.001983,
0.009709),(0.029619,-0.001977,0.009747),(0.0296196428571428,-0.002,0.00962414285714286),
(0.0296236363636363,-0.002,0.009617),(0.029624,-0.001991,0.009693),(0.029627,
-0.001983,0.009772),(0.029627,-0.001979,0.009731),(0.029631,-0.002,0.009678),
(0.029634,-0.001985,0.009715),(0.029635,-0.00198,0.009752),(0.0296358461538461,
-0.002,0.00960730769230769),(0.0296377894736842,-0.0015,0.00942213157894737),
(0.029638,-0.001993,0.009596),(0.0296389342105263,-0.0015,0.0100019868421053),
(0.029639,-0.001974,0.009574),(0.02964,-0.001991,0.0097),(0.02964,-0.001951,
0.009547),(0.02964,-0.001948,0.00985),(0.02964,-0.001913,0.00952),(0.02964,
-0.001909,0.009874),(0.02964,-0.001861,0.009908),(0.02964,-0.001857,0.009503),
(0.02964,-0.001794,0.009922),(0.02964,-0.001793,0.009481),(0.02964,-0.001722,
0.009461),(0.02964,-0.00172,0.009933),(0.02964,-0.001652,0.009426),(0.02964,
-0.001649,0.009962),(0.02964,-0.001578,0.009998),(0.02964,-0.001574,0.009424),
(0.02964,-0.001501,0.010002),(0.02964,-0.0015,0.00942205263157895),(0.02964,
-0.0015,0.0100019342105263),(0.029641,-0.001974,0.009826),(0.029642,-0.001982,
0.009736),(0.029642,-0.001982,0.009798),(0.029646,-0.002,0.00968144444444444),
(0.029646,-0.001981,0.009775),(0.029647,-0.001999,0.009684),(0.0296477777777778,
-0.002,0.00968211111111111),(0.029649,-0.001986,0.009722),(0.029651,-0.00198,
0.009757),(0.0296514,-0.002,0.009682),(0.0296539090909091,-0.002,0.00959472727272727),
(0.029656,-0.001992,0.009707),(0.029658,-0.001982,0.009742),(0.029662,-0.001997,
0.009691),(0.029664,-0.001977,0.009777),(0.0296646,-0.002,0.009589),(0.029665,
-0.002,0.00968371428571429),(0.029665,-0.001986,0.009728),(0.029666,-0.001976,
0.009796),(0.029668,-0.001978,0.009762),(0.029671,-0.001984,0.009569),(0.029671,
-0.001969,0.009821),(0.029672,-0.001991,0.009714),(0.0296731333333334,-0.002,
0.00958786666666667),(0.029674,-0.00198,0.009749),(0.029678,-0.001994,0.009698),
(0.029678,-0.001973,0.009779),(0.029679,-0.001949,0.00985),(0.02968,-0.001958,
0.00954),(0.029681,-0.001983,0.009736),(0.029683,-0.001972,0.00977),(0.029684,
-0.002,0.009681),(0.029685,-0.001969,0.009791),(0.029689,-0.001987,0.009721),
(0.029689,-0.001916,0.009516),(0.029689,-0.001915,0.009882),(0.029691,-0.001973,
0.009758),(0.0296936666666667,-0.002,0.00958461904761905),(0.029694,-0.001991,
0.009706),(0.029697,-0.001963,0.009813),(0.029698,-0.001965,0.009782),(0.029699,
-0.001976,0.009746),(0.029699,-0.001861,0.009495),(0.029699,-0.001861,0.009904),
(0.0297,-0.001995,0.009689),(0.029701,-0.001989,0.009571),(0.0297066666666667,
-0.002,0.00967316666666667),(0.029707,-0.001981,0.009731),(0.0297075263157894,
-0.002,0.00958805263157895),(0.029708,-0.001964,0.009771),(0.029708,-0.001797,
0.009472),(0.029708,-0.001794,0.009921),(0.0297105,-0.002,0.00967083333333333),
(0.029713,-0.001986,0.009713),(0.029713,-0.001945,0.009841),(0.029715,-0.001956,
0.009801),(0.029716,-0.00196,0.009545),(0.029716,-0.001724,0.009944),(0.029716,
-0.001722,0.009462),(0.029717,-0.001965,0.009758),(0.0297179,-0.002,0.0095917),
(0.029718,-0.002,0.009665),(0.029718,-0.001989,0.009694),(0.029721,-0.001647,
0.009449),(0.0297218933333333,-0.0015,0.00942202666666667),(0.029722,-0.001651,
0.009967),(0.0297227922077922,-0.0015,0.0100067402597403),(0.029723,-0.001995,
0.009675),(0.029723,-0.001572,0.009437),(0.029723,-0.0015,0.00942220547945206),
(0.029724,-0.001576,0.009987),(0.0297248961038961,-0.0015,0.0100066623376623),
(0.029725,-0.001502,0.010007),(0.029726,-0.001991,0.00958),(0.029726,-0.001971,
0.009742),(0.0297265,-0.002,0.00965866666666667),(0.029727,-0.00195,0.009788),
(0.029728,-0.001999,0.00966),(0.0297289,-0.002,0.00959995),(0.0297299090909091,
-0.002,0.009652),(0.02973,-0.001908,0.009866),(0.029731,-0.00191,0.009531),
(0.029734,-0.001978,0.009721),(0.0297343529411765,-0.002,0.00960717647058824),
(0.029735,-0.001948,0.009773),(0.029736,-0.001936,0.009824),(0.0297377142857143,
-0.002,0.00961685714285714),(0.029738,-0.001983,0.009698),(0.0297385,-0.002,
0.00963775),(0.0297396666666667,-0.002,0.00963366666666667),(0.0297400666666667,
-0.002,0.0096306),(0.029742,-0.001987,0.009674),(0.029743,-0.001994,0.009652),
(0.029744,-0.001958,0.009558),(0.029745,-0.001954,0.009755),(0.029746,-0.001991,
0.009595),(0.029748,-0.001929,0.009809),(0.029748,-0.001857,0.009508),(0.029748,
-0.001855,0.009887),(0.029755,-0.001926,0.009792),(0.029756,-0.001964,0.009729),
(0.029757,-0.001901,0.009848),(0.02976,-0.001987,0.009615),(0.02976,-0.001905,
0.009547),(0.029764,-0.001971,0.009699),(0.029765,-0.001981,0.00964),(0.029766,
-0.001974,0.009668),(0.029766,-0.001956,0.009574),(0.029766,-0.001931,0.00977),
(0.029766,-0.001794,0.009916),(0.029769,-0.001801,0.009466),(0.029774,-0.001897,
0.009834),(0.029779,-0.001903,0.009561),(0.02978,-0.00172,0.009926),(0.029781,
-0.001851,0.009874),(0.029782,-0.001957,0.009596),(0.029782,-0.001942,0.009738),
(0.029782,-0.001726,0.009453),(0.029783,-0.001897,0.009815),(0.029783,-0.001854,
0.009521),(0.02979,-0.001646,0.009944),(0.029791,-0.001955,0.009625),(0.029792,
-0.001649,0.009445),(0.029793,-0.00195,0.0097),(0.0297930273972603,-0.0015,
0.00942713698630137),(0.029794,-0.001953,0.00966),(0.029794,-0.0019,0.009788),
(0.0297940263157895,-0.0015,0.00942702631578947),(0.029796,-0.001907,0.009579),
(0.029796,-0.001575,0.009429),(0.0297969868421053,-0.0015,0.00999301315789474),
(0.029797947368421,-0.0015,0.009993),(0.029798,-0.001577,0.009986),(0.029798,
-0.001501,0.009993),(0.0298,-0.001849,0.00986),(0.029802,-0.001851,0.009538),
(0.029802,-0.001788,0.009895),(0.02981,-0.001798,0.009484),(0.029811,-0.001908,
0.009748),(0.029812,-0.00185,0.00956),(0.029812,-0.00185,0.00984),(0.029813,
-0.001913,0.009609),(0.029814,-0.001781,0.009874),(0.029819,-0.001912,0.0097),
(0.029819,-0.001716,0.009909),(0.029822,-0.001915,0.009651),(0.029822,-0.001852,
0.009807),(0.029824,-0.001782,0.009858),(0.029825,-0.001854,0.009593),(0.029828,
-0.001725,0.009465),(0.029833,-0.001794,0.009507),(0.029835,-0.001856,0.009758),
(0.029837,-0.001647,0.009937),(0.029838,-0.001858,0.009642),(0.029839,-0.00179,
0.009536),(0.029842,-0.001859,0.0097),(0.029842,-0.001717,0.009902),(0.029842,
-0.001651,0.009447),(0.029843,-0.001789,0.009824),(0.0298433684210526,-0.0015,
0.00944478947368421),(0.029844,-0.001789,0.009576),(0.0298440779220779,
-0.0015,0.00944487012987013),(0.02985,-0.001576,0.009435),(0.029851,-0.001576,
0.009968),(0.029852,-0.0015,0.009974),(0.029854,-0.001792,0.009633),(0.029854,
-0.001723,0.009486),(0.029862,-0.001721,0.009884),(0.029864,-0.001795,0.009768),
(0.029865,-0.001647,0.009925),(0.029867,-0.001796,0.0097),(0.029868,-0.001723,
0.009514),(0.029868,-0.00172,0.00956),(0.029872,-0.00165,0.009468),(0.029878,
-0.001722,0.009624),(0.029879,-0.001724,0.009841),(0.029879,-0.001647,0.009897),
(0.029883,-0.001723,0.0097),(0.029883,-0.0015,0.009457),(0.029884,-0.001649,
0.009501),(0.029884,-0.001575,0.009456),(0.029885,-0.001647,0.00985),(0.029886,
-0.001576,0.009946),(0.029891,-0.001726,0.009777),(0.029891,-0.0015,0.009951),
(0.029892,-0.001647,0.009781),(0.029896,-0.001649,0.009548),(0.0299,-0.001575,
0.009492),(0.029904,-0.00165,0.009618),(0.029904,-0.00165,0.0097),(0.029904,
-0.0015,0.009908),(0.029908,-0.001576,0.009911),(0.029908,-0.0015,0.009491),
(0.0299111298701298,-0.0015,0.00978205194805195),(0.029911506329114,-0.0015,
0.00977992405063291),(0.029914,-0.001575,0.009857),(0.029916,-0.001575,
0.009784),(0.029919,-0.001576,0.009543),(0.029923,-0.0015,0.009856),(0.029926,
-0.001576,0.009616),(0.029926,-0.0015,0.00969890909090909),(0.0299260641025641,
-0.0015,0.0097),(0.0299279078947369,-0.0015,0.00954307894736842),(0.029928,
-0.001501,0.009543),(0.0299281052631579,-0.0015,0.009544),(0.029931,-0.001577,
0.0097),(0.0299336666666667,-0.0015,0.0096716666666666),(0.0299486153846154,
-0.0015,0.00961717948717948),(0.0299486623376624,-0.0015,0.0096151038961039),
(0.029949,-0.001502,0.009615)));
#1828=COORDINATES_LIST('',441,((0.023567,-0.001656,0.0097),(0.023568,-0.001577,
0.0097),(0.023571,-0.0015,0.009617),(0.023572,-0.0015,0.0097),(0.023572,
-0.0015,0.009783),(0.023578,-0.0015,0.009544),(0.02358,-0.001654,0.009783),
(0.02358,-0.001575,0.009784),(0.023583,-0.001653,0.009617),(0.023583,-0.0015,
0.009855),(0.023587,-0.001575,0.009544),(0.023589,-0.001575,0.009856),(0.023591,
-0.001731,0.0097),(0.023593,-0.001652,0.009853),(0.023593,-0.001573,0.009617),
(0.023593,-0.0015,0.009491),(0.023597,-0.001651,0.009547),(0.023598,-0.001575,
0.009492),(0.023599,-0.0015,0.009906),(0.0236,-0.001501,0.00944),(0.02360025,
-0.0015,0.00944025),(0.0236006447368421,-0.0015,0.00943973684210526),(0.023602,
-0.001728,0.009777),(0.023608,-0.001726,0.009623),(0.023608,-0.001574,0.009904),
(0.02361,-0.001727,0.009843),(0.023615,-0.001649,0.0099),(0.023615,-0.001576,
0.009455),(0.023618,-0.001648,0.009502),(0.023619,-0.001801,0.009769),(0.023619,
-0.0015,0.009941),(0.023624,-0.001799,0.0097),(0.023627,-0.001799,0.009632),
(0.023627,-0.001573,0.009933),(0.023628,-0.001724,0.009887),(0.023628,-0.001722,
0.00956),(0.023629,-0.0018,0.009828),(0.02363,-0.001649,0.00993),(0.023632,
-0.001649,0.009472),(0.023634,-0.001722,0.009515),(0.023639,-0.001502,0.009406),
(0.0236392597402598,-0.0015,0.00940636363636363),(0.0236407922077922,-0.0015,
0.00940628571428571),(0.023641,-0.001867,0.009641),(0.023643,-0.001725,
0.009483),(0.023643,-0.001725,0.009917),(0.023646,-0.001577,0.009424),(0.023647,
-0.001864,0.0097),(0.023648,-0.001796,0.009869),(0.023649,-0.0015,0.009971),
(0.023652,-0.001791,0.009575),(0.023656,-0.001652,0.009957),(0.023656,-0.001573,
0.009951),(0.023658,-0.00165,0.009449),(0.023659,-0.001862,0.00959),(0.02366,
-0.001859,0.009758),(0.023664,-0.001788,0.009537),(0.023665,-0.001795,0.009895),
(0.023668,-0.001728,0.009944),(0.02367,-0.001792,0.00951),(0.023671,-0.001726,
0.009464),(0.023673,-0.001854,0.009808),(0.023675,-0.001917,0.009651),(0.023679,
-0.001914,0.0097),(0.023679,-0.001856,0.009556),(0.023682,-0.001917,0.009608),
(0.023685,-0.001911,0.009748),(0.023686,-0.001851,0.009841),(0.023691,-0.001796,
0.009913),(0.023693,-0.001794,0.009492),(0.023694,-0.001854,0.009534),(0.023697,
-0.001852,0.009863),(0.023702,-0.001908,0.009578),(0.023702,-0.001576,0.009419),
(0.023703,-0.001902,0.009788),(0.023703,-0.001501,0.00941),(0.0237030657894737,
-0.0015,0.00941009210526316),(0.023704,-0.0015,0.00940988157894737),(0.023705,
-0.001574,0.009963),(0.023705,-0.0015,0.009978),(0.023706,-0.001951,0.0097),
(0.023706,-0.001653,0.009973),(0.023707,-0.001652,0.009434),(0.023709,-0.00195,
0.009739),(0.023712,-0.001948,0.009661),(0.023715,-0.001898,0.009816),(0.023716,
-0.001855,0.00952),(0.023716,-0.001855,0.009881),(0.023716,-0.001729,0.009957),
(0.023717,-0.001728,0.009448),(0.023718,-0.001947,0.009627),(0.023722,-0.001902,
0.009562),(0.023725,-0.00194,0.009772),(0.023726,-0.001898,0.009834),(0.023729,
-0.001944,0.009601),(0.023733,-0.001798,0.009925),(0.023733,-0.001797,0.009477),
(0.023735,-0.001974,0.009732),(0.023735,-0.001972,0.009701),(0.023738,-0.001934,
0.009795),(0.023741,-0.001903,0.009851),(0.023742,-0.00197,0.009759),(0.023742,
-0.001966,0.00967),(0.023742,-0.001901,0.009551),(0.023746,-0.001938,0.009586),
(0.023748,-0.001935,0.009812),(0.023751,-0.001961,0.009644),(0.023752,-0.001857,
0.009892),(0.023752,-0.001855,0.009512),(0.023753,-0.001966,0.009779),(0.02376,
-0.001984,0.009726),(0.02376,-0.001957,0.009624),(0.023761,-0.001983,0.009702),
(0.023763,-0.001982,0.009747),(0.023763,-0.00194,0.009827),(0.023765,-0.001981,
0.009679),(0.023765,-0.001965,0.009794),(0.023766,-0.001933,0.009579),(0.023771,
-0.001978,0.009657),(0.023771,-0.001955,0.00961),(0.023771,-0.001906,0.009863),
(0.023772,-0.00198,0.009762),(0.023772,-0.001902,0.009543),(0.023776,-0.001575,
0.009977),(0.023776,-0.001574,0.009429),(0.023777,-0.001985,0.009739),(0.023777,
-0.001655,0.009412),(0.023777,-0.0015,0.009412),(0.0237779480519481,-0.0015,
0.00997212987012987),(0.023778,-0.001651,0.009969),(0.023779,-0.001977,
0.009639),(0.02378,-0.001986,0.009725),(0.0237801298701299,-0.0015,0.00997231168831169),
(0.023781,-0.001968,0.009806),(0.023782,-0.001734,0.009423),(0.023783,-0.001988,
0.009706),(0.023783,-0.001729,0.00996),(0.023784,-0.001978,0.009773),(0.023785,
-0.001954,0.0096),(0.023787,-0.001988,0.009687),(0.023787,-0.001983,0.009745),
(0.023787,-0.001978,0.009624),(0.023787,-0.001945,0.00984),(0.02379,-0.001931,
0.009574),(0.023791,-0.00199,0.009668),(0.023792,-0.001797,0.00947),(0.023792,
-0.001795,0.009922),(0.023796,-0.001986,0.009728),(0.023797,-0.001993,0.009652),
(0.023798,-0.00198,0.009612),(0.023799,-0.001978,0.009782),(0.0238,-0.001982,
0.009753),(0.023801,-0.001989,0.009711),(0.023802,-0.00197,0.009816),(0.023802,
-0.001854,0.00951),(0.023802,-0.001854,0.00989),(0.023804,-0.001958,0.009591),
(0.023805,-0.001996,0.009637),(0.023806,-0.001991,0.009694),(0.02381,-0.001994,
0.009678),(0.02381,-0.001986,0.009735),(0.023812,-0.001905,0.009865),(0.023813,
-0.001996,0.009623),(0.023813,-0.001983,0.009602),(0.023813,-0.001983,0.009761),
(0.023813,-0.001901,0.00954),(0.0238152857142857,-0.002,0.00964271428571429),
(0.023816,-0.001999,0.009663),(0.023817,-0.001991,0.009718),(0.023817,-0.00198,
0.00979),(0.02381775,-0.002,0.009659),(0.0238187142857143,-0.002,0.00963671428571428),
(0.02382,-0.001995,0.009613),(0.023821,-0.001947,0.009848),(0.0238215,-0.002,
0.0096275),(0.023822,-0.001994,0.009702),(0.023822,-0.001934,0.009567),
(0.023824,-0.001989,0.009742),(0.023825,-0.002,0.009667),(0.0238255555555556,
-0.002,0.00962355555555556),(0.023828,-0.001997,0.009686),(0.023829,-0.001987,
0.009768),(0.023829,-0.001965,0.009582),(0.02383,-0.001973,0.009823),(0.023831,
-0.001994,0.009725),(0.0238325,-0.002,0.00967475),(0.023834,-0.001989,0.009597),
(0.023835,-0.002,0.009615),(0.023838,-0.001997,0.009709),(0.023838,-0.001994,
0.00975),(0.023838,-0.001985,0.009797),(0.023844,-0.002,0.009693),(0.023846,
-0.001999,0.009732),(0.023846,-0.001993,0.009775),(0.023847,-0.002,0.0097132),
(0.0238475,-0.002,0.00971825),(0.0238483333333333,-0.002,0.00972666666666667),
(0.0238486666666666,-0.002,0.00973316666666667),(0.023849,-0.002,0.0097045),
(0.023854,-0.002,0.009756),(0.0238552,-0.002,0.0096114),(0.023858,-0.001993,
0.009596),(0.023859,-0.001973,0.009575),(0.02386,-0.001947,0.00985),(0.02386,
-0.001941,0.009558),(0.02386,-0.001906,0.009869),(0.02386,-0.001899,0.009542),
(0.02386,-0.001856,0.009895),(0.02386,-0.001854,0.009508),(0.02386,-0.001793,
0.00948),(0.02386,-0.001793,0.009918),(0.02386,-0.001733,0.009424),(0.02386,
-0.001725,0.009949),(0.02386,-0.001659,0.009396),(0.02386,-0.001653,0.00998),
(0.02386,-0.001579,0.009397),(0.02386,-0.001575,0.009984),(0.02386,-0.001501,
0.009398),(0.02386,-0.0015,0.00939784),(0.02386,-0.0015,0.00997231168831169),
(0.023861,-0.001975,0.009827),(0.0238611066666667,-0.0015,0.00939781333333333),
(0.023862,-0.001989,0.009802),(0.0238621538461539,-0.0015,0.00997238461538462),
(0.0238645,-0.002,0.0096105),(0.023866,-0.001998,0.00978),(0.023868,-0.002,
0.009774),(0.023877,-0.002,0.009613),(0.0238806666666667,-0.002,0.00977666666666667),
(0.023882,-0.001995,0.009598),(0.023885,-0.001998,0.009784),(0.023886,-0.00199,
0.009804),(0.0238866666666666,-0.002,0.00977866666666667),(0.0238895,-0.002,
0.0096125),(0.023891,-0.001978,0.009574),(0.023892,-0.001974,0.009825),
(0.0238944444444445,-0.002,0.009776),(0.023898,-0.001944,0.009556),(0.0238985,
-0.002,0.009772),(0.023899,-0.002,0.009615),(0.023899,-0.001947,0.009847),
(0.0239,-0.001995,0.009786),(0.0239025,-0.0015,0.0099915),(0.023903,-0.002,
0.0097668),(0.0239035714285715,-0.002,0.00970028571428571),(0.023904,-0.002,
0.009681),(0.023904,-0.002,0.00971),(0.02390425,-0.002,0.00969575),(0.023904625,
-0.002,0.009621375),(0.023905,-0.001997,0.009603),(0.0239054285714285,-0.002,
0.00966685714285714),(0.0239064,-0.002,0.0096608),(0.023907,-0.001996,0.009776),
(0.023907,-0.001986,0.009799),(0.023907,-0.001899,0.009544),(0.0239071666666667,
-0.002,0.00972066666666667),(0.0239078,-0.002,0.009759),(0.023908,-0.001907,
0.00987),(0.0239085,-0.002,0.009726),(0.0239087142857143,-0.002,0.00965128571428571),
(0.0239087142857143,-0.002,0.00974871428571429),(0.0239097,-0.002,0.009741),
(0.02391,-0.001999,0.009722),(0.0239115,-0.002,0.00963116666666667),(0.0239115,
-0.002,0.00963408333333333),(0.0239118,-0.002,0.009637),(0.023912,-0.001998,
0.009664),(0.023915,-0.001996,0.009763),(0.023915,-0.001995,0.009706),(0.023918,
-0.001859,0.0099),(0.023918,-0.001858,0.009501),(0.023919,-0.001978,0.009579),
(0.023919,-0.00197,0.009818),(0.02392,-0.001994,0.009689),(0.023922,-0.001983,
0.009789),(0.023923,-0.001996,0.009645),(0.023923,-0.001993,0.009748),(0.023924,
-0.001995,0.009612),(0.023926,-0.001993,0.009671),(0.023928,-0.001797,0.009929),
(0.023929,-0.00199,0.009732),(0.023929,-0.0018,0.009465),(0.023932,-0.001941,
0.009564),(0.023933,-0.001987,0.009713),(0.023933,-0.001945,0.00984),(0.023934,
-0.001981,0.009777),(0.023935,-0.001991,0.009654),(0.023936,-0.001725,0.009949),
(0.023937,-0.001986,0.009694),(0.023938,-0.001732,0.009428),(0.023939,-0.001989,
0.009624),(0.023939,-0.001966,0.009807),(0.02394,-0.001986,0.009675),(0.023941,
-0.001975,0.00959),(0.023942,-0.001651,0.009967),(0.023942875,-0.0015,0.010009975),
(0.023943,-0.001986,0.009661),(0.023943,-0.00198,0.009761),(0.023943,-0.001653,
0.009421),(0.023943,-0.001573,0.009434),(0.023944,-0.001576,0.009987),(0.023944,
-0.0015,0.009407),(0.0239448961038961,-0.0015,0.0100106363636364),(0.023945,
-0.001502,0.010011),(0.023946,-0.001894,0.009554),(0.023949,-0.001983,0.009638),
(0.023949,-0.001978,0.009743),(0.023949,-0.001906,0.009863),(0.023953,-0.001976,
0.009721),(0.023953,-0.001963,0.009794),(0.023955,-0.001978,0.009654),(0.023955,
-0.001976,0.009698),(0.023956,-0.001976,0.009674),(0.023956,-0.001938,0.009574),
(0.023957,-0.00197,0.009604),(0.023959,-0.001943,0.00983),(0.023964,-0.001963,
0.009778),(0.023966,-0.001965,0.009622),(0.023968,-0.001856,0.009509),(0.023968,
-0.001855,0.009888),(0.023971,-0.001963,0.009756),(0.023971,-0.001961,0.009643),
(0.023973,-0.001936,0.009587),(0.023973,-0.001892,0.009563),(0.023974,-0.00196,
0.009729),(0.023974,-0.001959,0.00967),(0.023974,-0.001959,0.009699),(0.023976,
-0.001941,0.009816),(0.023981,-0.001908,0.009857),(0.023984,-0.001936,0.009604),
(0.023987,-0.001797,0.009923),(0.023988,-0.001941,0.009798),(0.023988,-0.001891,
0.009572),(0.023988,-0.001801,0.009467),(0.02399,-0.001935,0.009629),(0.023992,
-0.001933,0.009662),(0.023994,-0.001934,0.0097),(0.023997,-0.001891,0.009588),
(0.023998,-0.001943,0.009772),(0.024,-0.00194,0.009738),(0.024003,-0.001728,
0.009951),(0.024004,-0.001893,0.009614),(0.024004,-0.001856,0.009881),(0.024004,
-0.001855,0.00952),(0.024005,-0.00191,0.009845),(0.024005,-0.001733,0.009433),
(0.024007,-0.001893,0.009654),(0.02401016,-0.0015,0.00943886666666667),
(0.024011,-0.001648,0.009949),(0.024012027027027,-0.0015,0.0094392972972973),
(0.024013,-0.001652,0.00943),(0.024013,-0.001572,0.00945),(0.0240179480519481,
-0.0015,0.0100067402597403),(0.024019,-0.0019,0.0097),(0.024019,-0.001578,
0.009991),(0.0240198684210527,-0.0015,0.0100068421052632),(0.02402,-0.001502,
0.010007),(0.024021,-0.001912,0.009823),(0.024026,-0.001854,0.009534),(0.024029,
-0.001797,0.009487),(0.024032,-0.0018,0.00992),(0.024034,-0.001913,0.009791),
(0.024034,-0.001861,0.009874),(0.024036,-0.001912,0.009748),(0.024036,-0.001853,
0.009558),(0.024036,-0.001847,0.009643),(0.024037,-0.00185,0.009594),(0.024046,
-0.001851,0.0097),(0.024049,-0.001726,0.009936),(0.024053,-0.00173,0.009452),
(0.024056,-0.001865,0.00985),(0.024058,-0.001797,0.009502),(0.024059,-0.001648,
0.009942),(0.0240642876712329,-0.0015,0.00944112328767123),(0.0240650266666667,
-0.0015,0.00944102666666667),(0.024066,-0.001803,0.009906),(0.024067,-0.001574,
0.009443),(0.024068,-0.001654,0.009433),(0.024071,-0.001867,0.009811),(0.024074,
-0.001865,0.009759),(0.024077,-0.001725,0.009917),(0.024077,-0.001578,0.009984),
(0.0240812105263158,-0.0015,0.0100000263157895),(0.0240827142857143,-0.0015,
0.00999950649350649),(0.024083,-0.001502,0.01),(0.024085,-0.001802,0.009526),
(0.024085,-0.001802,0.009874),(0.024086,-0.001729,0.009474),(0.024086,-0.001648,
0.009926),(0.024094,-0.001644,0.009849),(0.024095,-0.001646,0.009896),(0.024096,
-0.001726,0.009889),(0.024097,-0.0018,0.009631),(0.024098,-0.001803,0.009571),
(0.024098,-0.0018,0.0097),(0.0241,-0.001804,0.009829),(0.024103,-0.0015,
0.009457),(0.024104,-0.001728,0.009508),(0.024105,-0.001646,0.009781),(0.024106,
-0.001804,0.009769),(0.024108,-0.001727,0.009843),(0.024108,-0.001655,0.009452),
(0.02411,-0.001572,0.009853),(0.024112,-0.001577,0.009448),(0.024114,-0.001728,
0.009557),(0.024114,-0.001577,0.009954),(0.0241155714285715,-0.0015,0.0097811038961039),
(0.024117024691358,-0.0015,0.009777),(0.024119,-0.001728,0.009623),(0.024121,
-0.001653,0.009494),(0.024121,-0.00165,0.009548),(0.0241216756756757,-0.0015,
0.00985202702702703),(0.024122,-0.001729,0.009777),(0.0241221066666666,
-0.0015,0.00985016),(0.024123,-0.001575,0.009909),(0.0241252894736842,-0.0015,
0.00996619736842105),(0.0241258157894737,-0.0015,0.00996581578947368),(0.024126,
-0.00173,0.0097),(0.024126,-0.00165,0.0097),(0.024126,-0.001573,0.009783),
(0.024126,-0.001501,0.009966),(0.024133,-0.001652,0.009618),(0.024133,-0.001577,
0.009487),(0.024134,-0.0015,0.009488),(0.024134,-0.0015,0.00989333333333338),
(0.024138,-0.001576,0.009543),(0.0241396315789474,-0.0015,0.0099145),(0.0241397236842106,
-0.0015,0.00991382894736842),(0.02414,-0.001501,0.009914),(0.0241486,-0.0015,
0.0097162),(0.024156,-0.001578,0.009615),(0.024156,-0.001577,0.0097),(0.0241567307692307,
-0.0015,0.00970101282051282),(0.0241568181818182,-0.0015,0.0097),(0.024157,
-0.001501,0.0097),(0.0241606923076923,-0.0015,0.009543),(0.0241608441558441,
-0.0015,0.00954112987012987),(0.024161,-0.001502,0.009541),(0.0241728227848101,
-0.0015,0.00961822784810126),(0.0241730506329114,-0.0015,0.00961515189873418),
(0.024174,-0.001503,0.009615)));
#1829=COORDINATES_LIST('',448,((0.042255,-0.001503,-0.008625),(0.0422554285714286,
-0.0015,-0.00862511688311688),(0.042255576923077,-0.0015,-0.00862826923076923),
(0.042263,-0.001502,-0.00871),(0.0422631818181818,-0.0015,-0.00871),(0.042263717948718,
-0.0015,-0.00871205128205128),(0.042266,-0.001579,-0.00871),(0.042268,-0.001502,
-0.00887),(0.0422681298701299,-0.0015,-0.00887153246753247),(0.0422682077922078,
-0.0015,-0.00886984415584416),(0.042273,-0.001578,-0.008625),(0.042273,
-0.001501,-0.008794),(0.0422730394736842,-0.0015,-0.00879492105263158),
(0.0422732337662338,-0.0015,-0.00879394805194805),(0.0422738933333333,-0.0015,
-0.00855301333333334),(0.042273974025974,-0.0015,-0.00893094805194805),
(0.042274,-0.001502,-0.008931),(0.042274,-0.001501,-0.008552),(0.0422740263157895,
-0.0015,-0.00855205263157895),(0.0422748051948052,-0.0015,-0.00893214285714286),
(0.042275,-0.001578,-0.00887),(0.042277,-0.001577,-0.008795),(0.042283,
-0.001579,-0.008928),(0.042286,-0.001577,-0.008552),(0.042295,-0.001652,
-0.00871),(0.042296,-0.0015,-0.008498),(0.042299,-0.001651,-0.008628),(0.042302,
-0.001651,-0.008792),(0.042305,-0.001575,-0.0085),(0.042305,-0.001501,-0.008975),
(0.042305,-0.0015,-0.008975),(0.0423056710526316,-0.0015,-0.00897526315789474),
(0.042313,-0.001578,-0.008967),(0.042314,-0.001649,-0.008558),(0.042318,
-0.001726,-0.00871),(0.042319,-0.001648,-0.008861),(0.04232,-0.00165,-0.008911),
(0.042324,-0.001725,-0.008634),(0.042325,-0.001575,-0.008465),(0.042327,
-0.001724,-0.008786),(0.042327,-0.0015,-0.008467),(0.042333,-0.001652,-0.008947),
(0.042335,-0.001722,-0.008569),(0.042336,-0.001725,-0.008898),(0.042337,
-0.001646,-0.008515),(0.042339,-0.001797,-0.00871),(0.04234,-0.001721,-0.00885),
(0.042347,-0.001795,-0.008778),(0.042347,-0.001647,-0.008487),(0.042348,
-0.001795,-0.008642),(0.042348,-0.001727,-0.008932),(0.042354,-0.001718,
-0.008529),(0.042359,-0.001792,-0.008585),(0.042359,-0.001576,-0.008977),
(0.042359,-0.001576,-0.008442),(0.042359,-0.0015,-0.008982),(0.042359,-0.0015,
-0.008439),(0.042362,-0.001791,-0.008835),(0.042365,-0.001792,-0.008876),
(0.042366,-0.001718,-0.008506),(0.042369,-0.001858,-0.00871),(0.042369,
-0.001649,-0.008958),(0.042371,-0.001858,-0.008652),(0.042373,-0.001647,
-0.008472),(0.042376,-0.001795,-0.008904),(0.042378,-0.001786,-0.008549),
(0.042379,-0.001728,-0.008953),(0.042386,-0.001853,-0.008603),(0.042388,
-0.001718,-0.008494),(0.042391,-0.001784,-0.008531),(0.042393,-0.001848,
-0.008767),(0.042396,-0.001851,-0.008569),(0.042396,-0.001848,-0.008815),
(0.042398,-0.00185,-0.00885),(0.0424,-0.001797,-0.008924),(0.042404,-0.001908,
-0.00862),(0.042406,-0.001904,-0.008663),(0.042407,-0.001913,-0.008586),
(0.042408,-0.001851,-0.008872),(0.042409,-0.00185,-0.008549),(0.042409,
-0.001786,-0.008518),(0.0424097792207792,-0.0015,-0.00841177922077922),
(0.042411,-0.001502,-0.008411),(0.0424110789473684,-0.0015,-0.00841094736842105),
(0.042412,-0.001899,-0.00871),(0.042412,-0.001577,-0.008427),(0.042415,
-0.001574,-0.008975),(0.0424152597402597,-0.0015,-0.00898193506493507),
(0.0424159866666666,-0.0015,-0.00898190666666667),(0.042416,-0.001905,-0.00883),
(0.04242,-0.001916,-0.00856),(0.04242,-0.001647,-0.008463),(0.04242,-0.001646,
-0.008951),(0.042421,-0.001897,-0.008797),(0.042426,-0.001891,-0.008756),
(0.042427,-0.001908,-0.008853),(0.042427,-0.001727,-0.008959),(0.042428,
-0.001853,-0.008888),(0.04243,-0.00185,-0.008538),(0.042431,-0.001718,-0.00849),
(0.042436,-0.001939,-0.008638),(0.042437,-0.001947,-0.00861),(0.042439,
-0.001944,-0.008809),(0.042439,-0.001936,-0.008781),(0.042442,-0.001799,
-0.008938),(0.042443,-0.001929,-0.008673),(0.042444,-0.001928,-0.008747),
(0.042444,-0.001917,-0.008542),(0.042445,-0.001926,-0.00871),(0.042447,
-0.001787,-0.008512),(0.042449,-0.001949,-0.008831),(0.042449,-0.001949,
-0.008589),(0.042449,-0.001907,-0.008866),(0.042458,-0.001964,-0.008767),
(0.042458,-0.001958,-0.008739),(0.04246,-0.001954,-0.008709),(0.042462,
-0.001971,-0.00879),(0.042462,-0.001855,-0.008898),(0.042463,-0.001954,
-0.008654),(0.042463,-0.001951,-0.00868),(0.042463,-0.001851,-0.008529),
(0.042467,-0.00196,-0.008633),(0.042467,-0.001953,-0.008572),(0.042469,
-0.001948,-0.008845),(0.042471,-0.001977,-0.00881),(0.042475,-0.001976,
-0.008708),(0.042475,-0.001965,-0.008616),(0.042476,-0.00198,-0.008731),
(0.042477,-0.00197,-0.008685),(0.042478,-0.001917,-0.008532),(0.042479,
-0.001983,-0.008754),(0.04248,-0.001968,-0.008665),(0.042481,-0.001905,
-0.008871),(0.0424831315789473,-0.0015,-0.00840023684210526),(0.042485,
-0.001988,-0.008773),(0.042485,-0.001577,-0.008417),(0.042485,-0.001502,
-0.0084),(0.042485077922078,-0.0015,-0.00840023376623377),(0.042486,-0.001969,
-0.008651),(0.0424860789473685,-0.0015,-0.0089788947368421),(0.042487,-0.00198,
-0.008825),(0.042488,-0.001649,-0.008451),(0.042488,-0.00157,-0.008957),
(0.042488,-0.0015,-0.00897838888888889),(0.042489,-0.001644,-0.008946),
(0.04249,-0.001975,-0.008672),(0.042491,-0.001981,-0.008685),(0.042491,
-0.001969,-0.008603),(0.042493,-0.001992,-0.00879),(0.042493,-0.001988,
-0.008704),(0.042494,-0.001957,-0.008558),(0.042494,-0.001723,-0.008952),
(0.042494,-0.00172,-0.008481),(0.042496,-0.001991,-0.008724),(0.042496,
-0.001972,-0.008639),(0.042497,-0.001946,-0.008852),(0.042499,-0.001977,
-0.008666),(0.0425,-0.001993,-0.008742),(0.042502,-0.001798,-0.008941),
(0.042502,-0.001792,-0.008495),(0.042505,-0.001993,-0.008803),(0.042506,
-0.001984,-0.008682),(0.042507,-0.001994,-0.008758),(0.04251,-0.001978,
-0.008833),(0.04251,-0.001975,-0.008629),(0.042511,-0.001991,-0.008699),
(0.042511,-0.001977,-0.008658),(0.042512,-0.001973,-0.008592),(0.042512,
-0.001854,-0.008521),(0.042513,-0.001852,-0.008897),(0.042515,-0.001995,
-0.008773),(0.042515,-0.001994,-0.008716),(0.04252,-0.001994,-0.008732),
(0.04252,-0.001985,-0.008675),(0.042521,-0.001917,-0.008525),(0.042522,
-0.00199,-0.008811),(0.042523,-0.001995,-0.008786),(0.042523,-0.001901,
-0.00887),(0.042524,-0.001981,-0.00865),(0.042527,-0.001994,-0.008747),
(0.042527,-0.00199,-0.008692),(0.042527,-0.001981,-0.00862),(0.04253,-0.001993,
-0.008796),(0.04253,-0.001957,-0.008551),(0.042532,-0.001993,-0.008708),
(0.042532,-0.001942,-0.008852),(0.042534,-0.001993,-0.008761),(0.042534,
-0.001987,-0.008668),(0.042538,-0.001993,-0.008724),(0.042539,-0.001988,
-0.008642),(0.042539,-0.001971,-0.008833),(0.04254,-0.001976,-0.008585),
(0.042541,-0.001992,-0.008776),(0.042542,-0.001991,-0.008685),(0.042544,
-0.001985,-0.008811),(0.042545,-0.001992,-0.008738),(0.042545,-0.001991,
-0.008792),(0.042548,-0.001994,-0.008701),(0.042548,-0.001993,-0.00866),
(0.042548,-0.001988,-0.008612),(0.042552,-0.001993,-0.008753),(0.042554,
-0.001993,-0.008717),(0.042556,-0.001996,-0.008678),(0.042556,-0.001995,
-0.008634),(0.042559,-0.00199,-0.008769),(0.042561,-0.001992,-0.008732),
(0.042562,-0.002,-0.00865475),(0.0425624,-0.002,-0.0086588),(0.0425626666666667,
-0.002,-0.00865066666666667),(0.042563,-0.001996,-0.008694),(0.042564,-0.001989,
-0.008787),(0.0425666666666666,-0.002,-0.00867333333333333),(0.042568,-0.001992,
-0.008747),(0.042568,-0.001981,-0.008808),(0.0425688450704226,-0.0015,-0.00899150704225352),
(0.042569,-0.002,-0.00867866666666667),(0.042569,-0.001965,-0.008829),(0.04257,
-0.002,-0.0086415),(0.04257,-0.001996,-0.00871),(0.04257,-0.001953,-0.008554),
(0.04257,-0.001937,-0.008848),(0.04257,-0.001915,-0.008526),(0.04257,-0.001899,
-0.008867),(0.04257,-0.001854,-0.008518),(0.04257,-0.001852,-0.008898),
(0.04257,-0.001793,-0.00893),(0.04257,-0.001787,-0.008507),(0.04257,-0.001722,
-0.008949),(0.04257,-0.001721,-0.008475),(0.04257,-0.001649,-0.008449),
(0.04257,-0.001648,-0.008967),(0.04257,-0.001577,-0.008417),(0.04257,-0.001574,
-0.008983),(0.04257,-0.0015,-0.00899188),(0.04257,-0.0015,-0.008417),(0.042571,
-0.001974,-0.008584),(0.042572,-0.001989,-0.008608),(0.042575,-0.001989,
-0.008764),(0.0425758,-0.002,-0.0086892),(0.042576,-0.001999,-0.008629),
(0.042577,-0.002,-0.00863216666666667),(0.042577,-0.001993,-0.008726),(0.0425772,
-0.002,-0.0086924),(0.0425825,-0.002,-0.0086955),(0.042583,-0.00199,-0.008742),
(0.042583,-0.001988,-0.008783),(0.042586,-0.001999,-0.008703),(0.042588,
-0.002,-0.0086986),(0.0425892222222223,-0.002,-0.00863633333333333),(0.042591,
-0.001988,-0.008759),(0.042591,-0.00198,-0.008805),(0.042592,-0.001995,
-0.008719),(0.042595,-0.001996,-0.008627),(0.042596,-0.001984,-0.00861),
(0.042598,-0.00199,-0.008735),(0.0425983333333333,-0.002,-0.008637),(0.042599,
-0.001962,-0.008825),(0.042601,-0.001987,-0.008778),(0.042601,-0.001968,
-0.00859),(0.0426012857142857,-0.002,-0.00863971428571429),(0.042602,-0.002,
-0.008696),(0.0426024615384616,-0.002,-0.00864092307692308),(0.042606,-0.001987,
-0.008752),(0.042607,-0.001935,-0.008844),(0.042608,-0.001996,-0.008712),
(0.0426089285714285,-0.002,-0.00865228571428572),(0.042609,-0.001988,-0.008626),
(0.042609,-0.001948,-0.008561),(0.0426109230769231,-0.002,-0.00865492307692308),
(0.042612,-0.0015,-0.0090005),(0.042613,-0.001991,-0.008728),(0.042613,
-0.00198,-0.0088),(0.0426149090909091,-0.002,-0.00867072727272727),(0.0426156363636364,
-0.002,-0.008672),(0.042616,-0.002,-0.008678),(0.042616,-0.001989,-0.008635),
(0.042616,-0.001976,-0.008616),(0.042617,-0.001984,-0.008771),(0.042617,
-0.001899,-0.008866),(0.042618,-0.001912,-0.008532),(0.04262,-0.001998,
-0.008688),(0.04262,-0.001986,-0.008745),(0.042624,-0.00199,-0.008648),
(0.042625,-0.001995,-0.008704),(0.042626,-0.00196,-0.008819),(0.042627,
-0.001962,-0.008598),(0.042628,-0.001855,-0.008902),(0.042628,-0.001854,
-0.008519),(0.042629,-0.00199,-0.008721),(0.04263,-0.001982,-0.008763),
(0.04263,-0.001974,-0.008624),(0.042631,-0.001977,-0.008791),(0.042632,
-0.00199,-0.008662),(0.042634,-0.001985,-0.008738),(0.042638,-0.001796,
-0.008937),(0.042638,-0.001793,-0.008493),(0.042639,-0.001989,-0.008678),
(0.042641,-0.001973,-0.008636),(0.042641,-0.001935,-0.00884),(0.042642,
-0.001979,-0.008755),(0.042642,-0.001943,-0.008572),(0.042643,-0.001988,
-0.008697),(0.042644,-0.001973,-0.008781),(0.042646,-0.001985,-0.008716),
(0.042646,-0.001958,-0.008811),(0.042646,-0.001958,-0.008607),(0.042646,
-0.001721,-0.008478),(0.042647,-0.001729,-0.008971),(0.042649,-0.001981,
-0.008735),(0.042649,-0.001971,-0.00865),(0.04265,-0.001978,-0.008748),
(0.042651,-0.001647,-0.008458),(0.0426529090909091,-0.0015,-0.00841409090909091),
(0.042653,-0.001653,-0.008988),(0.0426539605263158,-0.0015,-0.00841396052631579),
(0.0426539733333334,-0.0015,-0.00900916),(0.042654,-0.00197,-0.008769),
(0.042654,-0.001576,-0.008424),(0.042654,-0.001501,-0.009009),(0.042654,
-0.001501,-0.008414),(0.0426549210526316,-0.0015,-0.00900893421052631),
(0.042655,-0.001577,-0.009004),(0.042656,-0.001971,-0.008668),(0.042659,
-0.001956,-0.00862),(0.042659,-0.001905,-0.008549),(0.042659,-0.001904,
-0.00887),(0.042661,-0.001972,-0.008689),(0.042661,-0.00197,-0.008755),
(0.042661,-0.001957,-0.0088),(0.042664,-0.001973,-0.008712),(0.042664,-0.001972,
-0.008736),(0.042666,-0.001938,-0.008584),(0.042666,-0.001936,-0.008834),
(0.042667,-0.001952,-0.008636),(0.042671,-0.001956,-0.008786),(0.042671,
-0.001949,-0.008656),(0.042675,-0.001949,-0.008682),(0.042677,-0.001852,
-0.008528),(0.042678,-0.001956,-0.008766),(0.042678,-0.001855,-0.008898),
(0.042679,-0.001952,-0.008711),(0.04268,-0.001955,-0.00874),(0.042681,-0.001934,
-0.008598),(0.042684,-0.001937,-0.008823),(0.042688,-0.001901,-0.008561),
(0.04269,-0.001905,-0.008863),(0.042691,-0.001932,-0.008616),(0.042695,
-0.00193,-0.008641),(0.042695,-0.001927,-0.008673),(0.042695,-0.001926,
-0.00871),(0.042696,-0.001938,-0.008806),(0.042696,-0.001795,-0.008493),
(0.042699,-0.001931,-0.008747),(0.042699,-0.001801,-0.008944),(0.042701,
-0.001936,-0.008781),(0.042707,-0.001901,-0.008573),(0.04271,-0.001905,
-0.00885),(0.042712,-0.001852,-0.008886),(0.042712,-0.001725,-0.008466),
(0.042713,-0.001854,-0.008532),(0.042714,-0.001731,-0.008973),(0.042718,
-0.0019,-0.008593),(0.042719,-0.001894,-0.00871),(0.042721,-0.001903,-0.008829),
(0.042721,-0.001648,-0.00846),(0.042722,-0.001651,-0.008972),(0.042723,
-0.001897,-0.008663),(0.042724,-0.001898,-0.008757),(0.042725,-0.0019,-0.008622),
(0.042726,-0.001901,-0.008798),(0.042726,-0.001575,-0.008439),(0.042726,
-0.0015,-0.00841988157894737),(0.0427269866666667,-0.0015,-0.00841982666666667),
(0.042727,-0.001501,-0.00842),(0.042728,-0.001577,-0.008996),(0.0427288701298702,
-0.0015,-0.00901081818181818),(0.042729,-0.001502,-0.009011),(0.0427302467532467,
-0.0015,-0.00901022077922078),(0.042732,-0.001851,-0.008872),(0.042739,
-0.001857,-0.008541),(0.042739,-0.001796,-0.008498),(0.04274,-0.001797,
-0.008925),(0.042743,-0.001851,-0.008851),(0.042753,-0.001852,-0.008817),
(0.042754,-0.001858,-0.008565),(0.042754,-0.001851,-0.008653),(0.042758,
-0.001855,-0.008602),(0.042758,-0.001725,-0.008477),(0.04276,-0.001853,
-0.00871),(0.04276,-0.001727,-0.008949),(0.042762,-0.001793,-0.008902),
(0.042766,-0.001857,-0.008768),(0.042768,-0.001648,-0.008951),(0.042769,
-0.001798,-0.008511),(0.042769,-0.001648,-0.008467),(0.042774,-0.001792,
-0.008876),(0.04278,-0.001575,-0.008975),(0.042781,-0.001576,-0.008442),
(0.042781,-0.0015,-0.008982),(0.042782,-0.001792,-0.008835),(0.042782,-0.0015,
-0.008435),(0.042785,-0.001792,-0.008642),(0.042785,-0.001724,-0.008925),
(0.042787,-0.001798,-0.008539),(0.04279,-0.001726,-0.00849),(0.042795,-0.001795,
-0.00871),(0.042795,-0.001647,-0.008935),(0.042797,-0.001798,-0.008582),
(0.042802,-0.00165,-0.008478),(0.042803,-0.001725,-0.008898),(0.042805,
-0.001799,-0.008779),(0.0428066447368421,-0.0015,-0.00894736842105263),
(0.0428070526315789,-0.0015,-0.00894705263157895),(0.042811,-0.001575,-0.008951),
(0.042812,-0.001648,-0.008908),(0.042814,-0.001728,-0.008518),(0.0428169210526316,
-0.0015,-0.00891053947368421),(0.0428170405405406,-0.0015,-0.00891004054054054),
(0.04282,-0.001577,-0.00846),(0.04282,-0.001573,-0.008913),(0.042822,-0.0015,
-0.008458),(0.042824,-0.001728,-0.008853),(0.042825,-0.001727,-0.008633),
(0.042825,-0.001651,-0.008507),(0.0428297333333333,-0.0015,-0.00886336),
(0.0428302597402597,-0.0015,-0.0088621038961039),(0.042831,-0.001731,-0.008566),
(0.042831,-0.001729,-0.008787),(0.042831,-0.001729,-0.00871),(0.042831,
-0.001572,-0.008627),(0.042832,-0.001573,-0.008555),(0.0428361538461539,
-0.0015,-0.00879484615384615),(0.0428370125,-0.0015,-0.0087921125),(0.0428398767123288,
-0.0015,-0.00855697260273972),(0.0428398918918919,-0.0015,-0.00855598648648649),
(0.04284,-0.001575,-0.008866),(0.042841,-0.001653,-0.008864),(0.042841,
-0.001576,-0.008498),(0.042843,-0.0015,-0.008498),(0.042844,-0.001653,-0.008556),
(0.042844,-0.001652,-0.00871),(0.042845,-0.001652,-0.008628),(0.042848,
-0.001574,-0.00871),(0.0428487534246575,-0.0015,-0.008627),(0.0428489866666667,
-0.0015,-0.00862810666666667),(0.042861,-0.0015,-0.00871),(0.042863,-0.001577,
-0.008795),(0.042866,-0.001657,-0.008793)));
#1830=TESSELLATED_SHELL('SOLDER_TYPE_C_16PIN_2MD_USB1_5_0',(#1810),$);
#1831=TESSELLATED_SHELL('ConvergentBody',(#1811),$);
#1832=TESSELLATED_SHELL('ConvergentBody',(#1812),$);
#1833=TESSELLATED_SHELL('ConvergentBody',(#1813),$);
#1834=TESSELLATED_SHELL('ConvergentBody',(#1814),$);
#1835=TESSELLATED_SHELL('ConvergentBody',(#1815),$);
#1836=TESSELLATED_SHELL('ConvergentBody',(#1816),$);
#1837=TESSELLATED_SHELL('ConvergentBody',(#1817),$);
#1838=TESSELLATED_SHELL('ConvergentBody',(#1818),$);
#1839=TESSELLATED_SHELL('ConvergentBody',(#1819),$);
#1840=SHAPE_DEFINITION_REPRESENTATION(#3281,#1862);
#1841=SHAPE_DEFINITION_REPRESENTATION(#1571,#1863);
#1842=SHAPE_DEFINITION_REPRESENTATION(#1572,#1864);
#1843=SHAPE_DEFINITION_REPRESENTATION(#1573,#1865);
#1844=SHAPE_DEFINITION_REPRESENTATION(#1574,#1866);
#1845=SHAPE_DEFINITION_REPRESENTATION(#1575,#1867);
#1846=SHAPE_DEFINITION_REPRESENTATION(#1576,#1868);
#1847=SHAPE_DEFINITION_REPRESENTATION(#1577,#1869);
#1848=SHAPE_DEFINITION_REPRESENTATION(#1578,#1870);
#1849=SHAPE_DEFINITION_REPRESENTATION(#1579,#1871);
#1850=SHAPE_DEFINITION_REPRESENTATION(#1580,#1872);
#1851=SHAPE_DEFINITION_REPRESENTATION(#1581,#1873);
#1852=SHAPE_DEFINITION_REPRESENTATION(#1582,#1874);
#1853=SHAPE_DEFINITION_REPRESENTATION(#1583,#1875);
#1854=SHAPE_DEFINITION_REPRESENTATION(#1584,#1876);
#1855=SHAPE_DEFINITION_REPRESENTATION(#1585,#1877);
#1856=SHAPE_DEFINITION_REPRESENTATION(#1586,#1878);
#1857=SHAPE_DEFINITION_REPRESENTATION(#1587,#1879);
#1858=SHAPE_DEFINITION_REPRESENTATION(#1588,#1880);
#1859=SHAPE_DEFINITION_REPRESENTATION(#1589,#1881);
#1860=SHAPE_DEFINITION_REPRESENTATION(#1590,#1882);
#1861=SHAPE_DEFINITION_REPRESENTATION(#1591,#1883);
#1862=SHAPE_REPRESENTATION('SOLDER_TYPE_C_16PIN_2MD_USB1_5_0',(#1884),#3276);
#1863=SHAPE_REPRESENTATION($,(#1830),$);
#1864=SHAPE_REPRESENTATION($,(#1831),$);
#1865=SHAPE_REPRESENTATION($,(#1832),$);
#1866=SHAPE_REPRESENTATION($,(#1833),$);
#1867=SHAPE_REPRESENTATION($,(#1834),$);
#1868=SHAPE_REPRESENTATION($,(#1835),$);
#1869=SHAPE_REPRESENTATION($,(#1836),$);
#1870=SHAPE_REPRESENTATION($,(#1837),$);
#1871=SHAPE_REPRESENTATION($,(#1838),$);
#1872=SHAPE_REPRESENTATION($,(#1839),$);
#1873=SHAPE_REPRESENTATION($,(#1494),$);
#1874=SHAPE_REPRESENTATION($,(#1495),$);
#1875=SHAPE_REPRESENTATION($,(#1496),$);
#1876=SHAPE_REPRESENTATION($,(#1497),$);
#1877=SHAPE_REPRESENTATION($,(#1498),$);
#1878=SHAPE_REPRESENTATION($,(#1499),$);
#1879=SHAPE_REPRESENTATION($,(#1500),$);
#1880=SHAPE_REPRESENTATION($,(#1501),$);
#1881=SHAPE_REPRESENTATION($,(#1502),$);
#1882=SHAPE_REPRESENTATION($,(#1503),$);
#1883=SHAPE_REPRESENTATION($,(#1504),$);
#1884=AXIS2_PLACEMENT_3D('',#2235,#1971,#1972);
#1885=AXIS2_PLACEMENT_3D('',#2236,#1973,#1974);
#1886=AXIS2_PLACEMENT_3D('',#2289,#1975,#1976);
#1887=AXIS2_PLACEMENT_3D('',#2378,#1977,#1978);
#1888=AXIS2_PLACEMENT_3D('',#2430,#1979,#1980);
#1889=AXIS2_PLACEMENT_3D('',#2490,#1981,#1982);
#1890=AXIS2_PLACEMENT_3D('',#2546,#1983,#1984);
#1891=AXIS2_PLACEMENT_3D('',#2606,#1985,#1986);
#1892=AXIS2_PLACEMENT_3D('',#2657,#1987,#1988);
#1893=AXIS2_PLACEMENT_3D('',#2735,#1989,#1990);
#1894=AXIS2_PLACEMENT_3D('',#2800,#1991,#1992);
#1895=AXIS2_PLACEMENT_3D('',#2809,#1997,#1998);
#1896=AXIS2_PLACEMENT_3D('',#2817,#2002,#2003);
#1897=AXIS2_PLACEMENT_3D('',#2821,#2005,#2006);
#1898=AXIS2_PLACEMENT_3D('',#2822,#2007,#2008);
#1899=AXIS2_PLACEMENT_3D('',#2831,#2013,#2014);
#1900=AXIS2_PLACEMENT_3D('',#2845,#2022,#2023);
#1901=AXIS2_PLACEMENT_3D('',#2859,#2031,#2032);
#1902=AXIS2_PLACEMENT_3D('',#2860,#2033,#2034);
#1903=AXIS2_PLACEMENT_3D('',#2864,#2036,#2037);
#1904=AXIS2_PLACEMENT_3D('',#2865,#2038,#2039);
#1905=AXIS2_PLACEMENT_3D('',#2866,#2040,#2041);
#1906=AXIS2_PLACEMENT_3D('',#2868,#2042,#2043);
#1907=AXIS2_PLACEMENT_3D('',#2871,#2045,#2046);
#1908=AXIS2_PLACEMENT_3D('',#2872,#2047,#2048);
#1909=AXIS2_PLACEMENT_3D('',#2874,#2049,#2050);
#1910=AXIS2_PLACEMENT_3D('',#2876,#2051,#2052);
#1911=AXIS2_PLACEMENT_3D('',#3010,#2054,#2055);
#1912=AXIS2_PLACEMENT_3D('',#3015,#2058,#2059);
#1913=AXIS2_PLACEMENT_3D('',#3016,#2060,#2061);
#1914=AXIS2_PLACEMENT_3D('',#3022,#2066,#2067);
#1915=AXIS2_PLACEMENT_3D('',#3026,#2069,#2070);
#1916=AXIS2_PLACEMENT_3D('',#3030,#2072,#2073);
#1917=AXIS2_PLACEMENT_3D('',#3034,#2075,#2076);
#1918=AXIS2_PLACEMENT_3D('',#3038,#2078,#2079);
#1919=AXIS2_PLACEMENT_3D('',#3041,#2082,#2083);
#1920=AXIS2_PLACEMENT_3D('',#3050,#2089,#2090);
#1921=AXIS2_PLACEMENT_3D('',#3054,#2092,#2093);
#1922=AXIS2_PLACEMENT_3D('',#3058,#2095,#2096);
#1923=AXIS2_PLACEMENT_3D('',#3062,#2098,#2099);
#1924=AXIS2_PLACEMENT_3D('',#3063,#2100,#2101);
#1925=AXIS2_PLACEMENT_3D('',#3069,#2105,#2106);
#1926=AXIS2_PLACEMENT_3D('',#3075,#2110,#2111);
#1927=AXIS2_PLACEMENT_3D('',#3081,#2115,#2116);
#1928=AXIS2_PLACEMENT_3D('',#3087,#2120,#2121);
#1929=AXIS2_PLACEMENT_3D('',#3088,#2122,#2123);
#1930=AXIS2_PLACEMENT_3D('',#3089,#2124,#2125);
#1931=AXIS2_PLACEMENT_3D('',#3090,#2126,#2127);
#1932=AXIS2_PLACEMENT_3D('',#3091,#2128,#2129);
#1933=AXIS2_PLACEMENT_3D('',#3097,#2133,#2134);
#1934=AXIS2_PLACEMENT_3D('',#3100,#2137,#2138);
#1935=AXIS2_PLACEMENT_3D('',#3106,#2142,#2143);
#1936=AXIS2_PLACEMENT_3D('',#3110,#2145,#2146);
#1937=AXIS2_PLACEMENT_3D('',#3114,#2148,#2149);
#1938=AXIS2_PLACEMENT_3D('',#3118,#2151,#2152);
#1939=AXIS2_PLACEMENT_3D('',#3122,#2154,#2155);
#1940=AXIS2_PLACEMENT_3D('',#3131,#2160,#2161);
#1941=AXIS2_PLACEMENT_3D('',#3134,#2164,#2165);
#1942=AXIS2_PLACEMENT_3D('',#3137,#2168,#2169);
#1943=AXIS2_PLACEMENT_3D('',#3140,#2172,#2173);
#1944=AXIS2_PLACEMENT_3D('',#3143,#2176,#2177);
#1945=AXIS2_PLACEMENT_3D('',#3146,#2180,#2181);
#1946=AXIS2_PLACEMENT_3D('',#3149,#2184,#2185);
#1947=AXIS2_PLACEMENT_3D('',#3150,#2186,#2187);
#1948=AXIS2_PLACEMENT_3D('',#3151,#2188,#2189);
#1949=AXIS2_PLACEMENT_3D('',#3152,#2190,#2191);
#1950=AXIS2_PLACEMENT_3D('',#3153,#2192,#2193);
#1951=AXIS2_PLACEMENT_3D('',#3154,#2194,#2195);
#1952=AXIS2_PLACEMENT_3D('',#3155,#2196,#2197);
#1953=AXIS2_PLACEMENT_3D('',#3156,#2198,#2199);
#1954=AXIS2_PLACEMENT_3D('',#3157,#2200,#2201);
#1955=AXIS2_PLACEMENT_3D('',#3158,#2202,#2203);
#1956=AXIS2_PLACEMENT_3D('',#3159,#2204,#2205);
#1957=AXIS2_PLACEMENT_3D('',#3160,#2206,#2207);
#1958=AXIS2_PLACEMENT_3D('',#3161,#2208,#2209);
#1959=AXIS2_PLACEMENT_3D('',#3162,#2210,#2211);
#1960=AXIS2_PLACEMENT_3D('',#3164,#2213,#2214);
#1961=AXIS2_PLACEMENT_3D('',#3165,#2215,#2216);
#1962=AXIS2_PLACEMENT_3D('',#3166,#2217,#2218);
#1963=AXIS2_PLACEMENT_3D('',#3168,#2219,#2220);
#1964=AXIS2_PLACEMENT_3D('',#3169,#2221,#2222);
#1965=AXIS2_PLACEMENT_3D('',#3170,#2223,#2224);
#1966=AXIS2_PLACEMENT_3D('',#3172,#2225,#2226);
#1967=AXIS2_PLACEMENT_3D('',#3173,#2227,#2228);
#1968=AXIS2_PLACEMENT_3D('',#3174,#2229,#2230);
#1969=AXIS2_PLACEMENT_3D('',#3176,#2231,#2232);
#1970=AXIS2_PLACEMENT_3D('',#3177,#2233,#2234);
#1971=DIRECTION('',(0.,0.,1.));
#1972=DIRECTION('',(1.,0.,0.));
#1973=DIRECTION('',(0.,1.,1.82959116606929E-16));
#1974=DIRECTION('',(0.,-1.82959116606929E-16,1.));
#1975=DIRECTION('',(0.,1.,1.82959116606929E-16));
#1976=DIRECTION('',(0.,-1.82959116606929E-16,1.));
#1977=DIRECTION('',(0.,1.,1.82959116606929E-16));
#1978=DIRECTION('',(0.,-1.82959116606929E-16,1.));
#1979=DIRECTION('',(0.,1.,1.82959116606929E-16));
#1980=DIRECTION('',(0.,-1.82959116606929E-16,1.));
#1981=DIRECTION('',(0.,1.,1.82959116606929E-16));
#1982=DIRECTION('',(0.,-1.82959116606929E-16,1.));
#1983=DIRECTION('',(0.,1.,1.82959116606929E-16));
#1984=DIRECTION('',(0.,-1.82959116606929E-16,1.));
#1985=DIRECTION('',(0.,1.,1.82959116606929E-16));
#1986=DIRECTION('',(0.,-1.82959116606929E-16,1.));
#1987=DIRECTION('',(0.,1.,1.82959116606929E-16));
#1988=DIRECTION('',(0.,-1.82959116606929E-16,1.));
#1989=DIRECTION('',(0.,1.,1.82959116606929E-16));
#1990=DIRECTION('',(0.,-1.82959116606929E-16,1.));
#1991=DIRECTION('',(-1.,0.,0.));
#1992=DIRECTION('',(0.,0.,1.));
#1993=DIRECTION('',(0.,1.,0.));
#1994=DIRECTION('',(0.,1.82959116606929E-16,-1.));
#1995=DIRECTION('',(0.,-1.,0.));
#1996=DIRECTION('',(0.,0.,-1.));
#1997=DIRECTION('',(0.,-1.,0.));
#1998=DIRECTION('',(1.,0.,0.));
#1999=DIRECTION('',(-1.,0.,0.));
#2000=DIRECTION('',(0.,0.,-1.));
#2001=DIRECTION('',(-1.,0.,0.));
#2002=DIRECTION('',(0.,-1.,0.));
#2003=DIRECTION('',(0.,0.,-1.));
#2004=DIRECTION('',(0.,0.,-1.));
#2005=DIRECTION('',(0.,-1.,0.));
#2006=DIRECTION('',(0.,0.,-1.));
#2007=DIRECTION('',(-1.,0.,0.));
#2008=DIRECTION('',(0.,0.,1.));
#2009=DIRECTION('',(0.,1.82959116606929E-16,-1.));
#2010=DIRECTION('',(0.,-1.,0.));
#2011=DIRECTION('',(0.,0.,-1.));
#2012=DIRECTION('',(0.,-1.,0.));
#2013=DIRECTION('',(0.707106781186547,0.,0.707106781186548));
#2014=DIRECTION('',(0.,-1.,0.));
#2015=DIRECTION('',(-0.707106781186548,-1.2937163203266E-16,0.707106781186547));
#2016=DIRECTION('',(0.,-1.,0.));
#2017=DIRECTION('',(-0.707106781186548,-1.14997006251253E-16,0.707106781186547));
#2018=DIRECTION('',(0.,-1.,0.));
#2019=DIRECTION('',(0.707106781186548,0.,-0.707106781186547));
#2020=DIRECTION('',(0.,1.,0.));
#2021=DIRECTION('',(-0.707106781186548,0.,0.707106781186547));
#2022=DIRECTION('',(-0.707106781186547,0.,0.707106781186548));
#2023=DIRECTION('',(0.,1.,0.));
#2024=DIRECTION('',(0.,1.,0.));
#2025=DIRECTION('',(-0.707106781186548,1.2937163203266E-16,-0.707106781186547));
#2026=DIRECTION('',(-0.707106781186548,0.,-0.707106781186547));
#2027=DIRECTION('',(0.,-1.,0.));
#2028=DIRECTION('',(0.707106781186548,0.,0.707106781186547));
#2029=DIRECTION('',(0.,1.,0.));
#2030=DIRECTION('',(-0.707106781186548,1.14997006251253E-16,-0.707106781186547));
#2031=DIRECTION('',(0.,1.,0.));
#2032=DIRECTION('',(0.,0.,1.));
#2033=DIRECTION('',(0.,1.,1.82959116606929E-16));
#2034=DIRECTION('',(0.,-1.82959116606929E-16,1.));
#2035=DIRECTION('',(0.,-1.,0.));
#2036=DIRECTION('',(0.,-1.,0.));
#2037=DIRECTION('',(0.,0.,-1.));
#2038=DIRECTION('',(0.,-1.,0.));
#2039=DIRECTION('',(0.,0.,-1.));
#2040=DIRECTION('',(0.,1.,1.82959116606929E-16));
#2041=DIRECTION('',(0.,-1.82959116606929E-16,1.));
#2042=DIRECTION('',(0.,-1.,0.));
#2043=DIRECTION('',(0.,0.,-1.));
#2044=DIRECTION('',(0.,-1.,0.));
#2045=DIRECTION('',(0.,-1.,0.));
#2046=DIRECTION('',(1.,0.,0.));
#2047=DIRECTION('',(0.,-1.,0.));
#2048=DIRECTION('',(0.,0.,-1.));
#2049=DIRECTION('',(0.,-1.,0.));
#2050=DIRECTION('',(0.,0.,-1.));
#2051=DIRECTION('',(0.,-1.,0.));
#2052=DIRECTION('',(0.,0.,-1.));
#2053=DIRECTION('',(0.,0.,-1.));
#2054=DIRECTION('',(0.,-1.,0.));
#2055=DIRECTION('',(0.,0.,-1.));
#2056=DIRECTION('',(-1.,0.,0.));
#2057=DIRECTION('',(-1.,0.,0.));
#2058=DIRECTION('',(0.,-1.,0.));
#2059=DIRECTION('',(0.,0.,-1.));
#2060=DIRECTION('',(0.,0.,1.));
#2061=DIRECTION('',(1.,0.,0.));
#2062=DIRECTION('',(0.,1.,0.));
#2063=DIRECTION('',(-1.,0.,0.));
#2064=DIRECTION('',(-1.,0.,0.));
#2065=DIRECTION('',(0.,-1.,0.));
#2066=DIRECTION('',(-1.,0.,0.));
#2067=DIRECTION('',(0.,0.,1.));
#2068=DIRECTION('',(0.,3.46944695195362E-16,-1.));
#2069=DIRECTION('',(-1.,0.,0.));
#2070=DIRECTION('',(0.,0.,1.));
#2071=DIRECTION('',(0.,-1.,-1.3010426069826E-16));
#2072=DIRECTION('',(-1.,0.,0.));
#2073=DIRECTION('',(0.,0.,1.));
#2074=DIRECTION('',(0.,0.,-1.));
#2075=DIRECTION('',(-1.,0.,0.));
#2076=DIRECTION('',(0.,0.,1.));
#2077=DIRECTION('',(0.,-1.,0.));
#2078=DIRECTION('',(-1.,0.,0.));
#2079=DIRECTION('',(0.,0.,1.));
#2080=DIRECTION('',(0.,-1.,0.));
#2081=DIRECTION('',(0.,-1.,0.));
#2082=DIRECTION('',(0.,0.,1.));
#2083=DIRECTION('',(1.,0.,0.));
#2084=DIRECTION('',(-1.,0.,0.));
#2085=DIRECTION('',(-1.,0.,0.));
#2086=DIRECTION('',(0.,1.,0.));
#2087=DIRECTION('',(0.,-1.,0.));
#2088=DIRECTION('',(-1.,0.,0.));
#2089=DIRECTION('',(0.,0.,1.));
#2090=DIRECTION('',(1.,0.,0.));
#2091=DIRECTION('',(0.,1.,0.));
#2092=DIRECTION('',(0.,0.,1.));
#2093=DIRECTION('',(1.,0.,0.));
#2094=DIRECTION('',(-1.,0.,0.));
#2095=DIRECTION('',(0.,0.,1.));
#2096=DIRECTION('',(1.,0.,0.));
#2097=DIRECTION('',(0.,1.,0.));
#2098=DIRECTION('',(0.,0.,1.));
#2099=DIRECTION('',(1.,0.,0.));
#2100=DIRECTION('',(1.,0.,0.));
#2101=DIRECTION('',(0.,0.,-1.));
#2102=DIRECTION('',(0.,-1.,0.));
#2103=DIRECTION('',(0.,0.,-1.));
#2104=DIRECTION('',(0.,0.,-1.));
#2105=DIRECTION('',(0.,1.,0.));
#2106=DIRECTION('',(0.,0.,1.));
#2107=DIRECTION('',(0.,0.,-1.));
#2108=DIRECTION('',(1.,0.,0.));
#2109=DIRECTION('',(0.,0.,-1.));
#2110=DIRECTION('',(1.,0.,0.));
#2111=DIRECTION('',(0.,0.,-1.));
#2112=DIRECTION('',(0.,-1.,0.));
#2113=DIRECTION('',(0.,0.,-1.));
#2114=DIRECTION('',(0.,0.,-1.));
#2115=DIRECTION('',(0.,1.,0.));
#2116=DIRECTION('',(0.,0.,1.));
#2117=DIRECTION('',(0.,0.,-1.));
#2118=DIRECTION('',(1.,0.,0.));
#2119=DIRECTION('',(0.,0.,-1.));
#2120=DIRECTION('',(0.,0.,-1.));
#2121=DIRECTION('',(-1.,0.,0.));
#2122=DIRECTION('',(0.,0.,-1.));
#2123=DIRECTION('',(-1.,0.,0.));
#2124=DIRECTION('',(0.,0.,-1.));
#2125=DIRECTION('',(-1.,0.,0.));
#2126=DIRECTION('',(0.,0.,-1.));
#2127=DIRECTION('',(-1.,0.,0.));
#2128=DIRECTION('',(0.,0.,-1.));
#2129=DIRECTION('',(-1.,0.,0.));
#2130=DIRECTION('',(1.,0.,0.));
#2131=DIRECTION('',(0.,1.,0.));
#2132=DIRECTION('',(1.,0.,0.));
#2133=DIRECTION('',(-1.,0.,0.));
#2134=DIRECTION('',(0.,0.,1.));
#2135=DIRECTION('',(0.,1.62630325872825E-16,-1.));
#2136=DIRECTION('',(0.,0.,-1.));
#2137=DIRECTION('',(0.,0.,-1.));
#2138=DIRECTION('',(-1.,0.,0.));
#2139=DIRECTION('',(1.,0.,0.));
#2140=DIRECTION('',(0.,-1.,0.));
#2141=DIRECTION('',(1.,0.,0.));
#2142=DIRECTION('',(-1.,0.,0.));
#2143=DIRECTION('',(0.,0.,1.));
#2144=DIRECTION('',(0.,-1.,-1.3010426069826E-16));
#2145=DIRECTION('',(-1.,0.,0.));
#2146=DIRECTION('',(0.,0.,1.));
#2147=DIRECTION('',(0.,3.46944695195362E-16,-1.));
#2148=DIRECTION('',(-1.,0.,0.));
#2149=DIRECTION('',(0.,0.,1.));
#2150=DIRECTION('',(0.,-1.,0.));
#2151=DIRECTION('',(-1.,0.,0.));
#2152=DIRECTION('',(0.,0.,1.));
#2153=DIRECTION('',(0.,0.,-1.));
#2154=DIRECTION('',(-1.,0.,0.));
#2155=DIRECTION('',(0.,0.,1.));
#2156=DIRECTION('',(0.,0.,-1.));
#2157=DIRECTION('',(0.,1.,0.));
#2158=DIRECTION('',(0.,0.,-1.));
#2159=DIRECTION('',(0.,-1.,0.));
#2160=DIRECTION('',(0.,-1.,0.));
#2161=DIRECTION('',(1.,0.,0.));
#2162=DIRECTION('',(-0.707106781186548,0.,-0.707106781186547));
#2163=DIRECTION('',(-0.707106781186548,0.,0.707106781186547));
#2164=DIRECTION('',(0.,-1.,0.));
#2165=DIRECTION('',(1.,0.,0.));
#2166=DIRECTION('',(0.707106781186548,0.,0.707106781186547));
#2167=DIRECTION('',(0.707106781186548,0.,-0.707106781186547));
#2168=DIRECTION('',(0.,0.,-1.));
#2169=DIRECTION('',(-1.,0.,0.));
#2170=DIRECTION('',(-1.,0.,0.));
#2171=DIRECTION('',(-1.,0.,0.));
#2172=DIRECTION('',(0.,1.,0.));
#2173=DIRECTION('',(0.,0.,1.));
#2174=DIRECTION('',(-1.,0.,0.));
#2175=DIRECTION('',(-1.,0.,0.));
#2176=DIRECTION('',(0.,1.3010426069826E-16,-1.));
#2177=DIRECTION('',(0.,1.,1.3010426069826E-16));
#2178=DIRECTION('',(-1.,0.,0.));
#2179=DIRECTION('',(-1.,0.,0.));
#2180=DIRECTION('',(0.,1.,3.46944695195362E-16));
#2181=DIRECTION('',(0.,-3.46944695195362E-16,1.));
#2182=DIRECTION('',(-1.,0.,0.));
#2183=DIRECTION('',(-1.,0.,0.));
#2184=DIRECTION('',(1.,0.,0.));
#2185=DIRECTION('',(0.,0.,-1.));
#2186=DIRECTION('',(-1.,0.,0.));
#2187=DIRECTION('',(0.,0.,1.));
#2188=DIRECTION('',(-1.,0.,0.));
#2189=DIRECTION('',(0.,0.,1.));
#2190=DIRECTION('',(1.,0.,0.));
#2191=DIRECTION('',(0.,0.,-1.));
#2192=DIRECTION('',(0.,0.,1.));
#2193=DIRECTION('',(1.,0.,0.));
#2194=DIRECTION('',(0.,0.,1.));
#2195=DIRECTION('',(1.,0.,0.));
#2196=DIRECTION('',(0.,0.,-1.));
#2197=DIRECTION('',(-1.,0.,0.));
#2198=DIRECTION('',(0.,0.,-1.));
#2199=DIRECTION('',(-1.,0.,0.));
#2200=DIRECTION('',(0.707106781186547,0.,-0.707106781186548));
#2201=DIRECTION('',(0.,1.,0.));
#2202=DIRECTION('',(-0.707106781186547,0.,-0.707106781186548));
#2203=DIRECTION('',(0.,-1.,0.));
#2204=DIRECTION('',(0.,1.,0.));
#2205=DIRECTION('',(0.,0.,1.));
#2206=DIRECTION('',(0.,-1.,0.));
#2207=DIRECTION('',(0.,0.,-1.));
#2208=DIRECTION('',(0.,1.,1.82959116606929E-16));
#2209=DIRECTION('',(0.,-1.82959116606929E-16,1.));
#2210=DIRECTION('',(0.,1.,1.62630325872825E-16));
#2211=DIRECTION('',(0.,-1.62630325872825E-16,1.));
#2212=DIRECTION('',(0.,1.62630325872825E-16,-1.));
#2213=DIRECTION('',(-1.,0.,0.));
#2214=DIRECTION('',(0.,-1.,0.));
#2215=DIRECTION('',(0.,-1.,0.));
#2216=DIRECTION('',(0.,0.,-1.));
#2217=DIRECTION('',(0.,-1.,0.));
#2218=DIRECTION('',(0.,0.,-1.));
#2219=DIRECTION('',(0.,-1.,0.));
#2220=DIRECTION('',(1.,0.,0.));
#2221=DIRECTION('',(0.,-1.,0.));
#2222=DIRECTION('',(0.,0.,-1.));
#2223=DIRECTION('',(0.,-1.,0.));
#2224=DIRECTION('',(0.,0.,-1.));
#2225=DIRECTION('',(0.,-1.,0.));
#2226=DIRECTION('',(1.,0.,0.));
#2227=DIRECTION('',(0.,-1.,0.));
#2228=DIRECTION('',(0.,0.,-1.));
#2229=DIRECTION('',(0.,-1.,0.));
#2230=DIRECTION('',(0.,0.,-1.));
#2231=DIRECTION('',(0.,-1.,0.));
#2232=DIRECTION('',(1.,0.,0.));
#2233=DIRECTION('',(0.,1.,1.82959116606929E-16));
#2234=DIRECTION('',(0.,-1.82959116606929E-16,1.));
#2235=CARTESIAN_POINT('',(0.,0.,0.));
#2236=CARTESIAN_POINT('',(0.0455,-0.0015,0.));
#2237=CARTESIAN_POINT('',(0.0294040945945946,-0.0015,0.00993590540540541));
#2238=CARTESIAN_POINT('',(0.0293822964607826,-0.0015,0.00991265043870463));
#2239=CARTESIAN_POINT('',(0.0293661424475817,-0.0015,0.00988545149252791));
#2240=CARTESIAN_POINT('',(0.0293518,-0.0015,0.00985698666666667));
#2241=CARTESIAN_POINT('',(0.0294040945945946,-0.0015,0.00993590540540541));
#2242=CARTESIAN_POINT('',(0.0293518,-0.0015,0.00985698666666667));
#2243=CARTESIAN_POINT('',(0.0296389342105263,-0.0015,0.0100019868421053));
#2244=CARTESIAN_POINT('',(0.0295588137102166,-0.0015,0.00998635388757172));
#2245=CARTESIAN_POINT('',(0.0294796454839967,-0.0015,0.00996682056266071));
#2246=CARTESIAN_POINT('',(0.0294040945945946,-0.0015,0.00993590540540541));
#2247=CARTESIAN_POINT('',(0.0296389342105263,-0.0015,0.0100019868421053));
#2248=CARTESIAN_POINT('',(0.029891,-0.0015,0.009951));
#2249=CARTESIAN_POINT('',(0.0298154846899326,-0.0015,0.00999553467004215));
#2250=CARTESIAN_POINT('',(0.0297264967667338,-0.0015,0.00999766276525283));
#2251=CARTESIAN_POINT('',(0.0296389342105263,-0.0015,0.0100019868421053));
#2252=CARTESIAN_POINT('',(0.029891,-0.0015,0.009951));
#2253=CARTESIAN_POINT('',(0.029926,-0.0015,0.00969890909090909));
#2254=CARTESIAN_POINT('',(0.0299272693528029,-0.0015,0.00972051116771725));
#2255=CARTESIAN_POINT('',(0.029906840453736,-0.0015,0.00976248386785646));
#2256=CARTESIAN_POINT('',(0.0299281603060701,-0.0015,0.00984887479631673));
#2257=CARTESIAN_POINT('',(0.0299035243948684,-0.0015,0.00990957315545276));
#2258=CARTESIAN_POINT('',(0.029891,-0.0015,0.009951));
#2259=CARTESIAN_POINT('',(0.029926,-0.0015,0.00969890909090909));
#2260=CARTESIAN_POINT('',(0.0299486153846154,-0.0015,0.00961717948717948));
#2261=CARTESIAN_POINT('',(0.0299411365837755,-0.0015,0.00964443926724658));
#2262=CARTESIAN_POINT('',(0.0299336575705869,-0.0015,0.00967169898830102));
#2263=CARTESIAN_POINT('',(0.029926,-0.0015,0.00969890909090909));
#2264=CARTESIAN_POINT('',(0.0299486153846154,-0.0015,0.00961717948717948));
#2265=CARTESIAN_POINT('',(0.029883,-0.0015,0.009457));
#2266=CARTESIAN_POINT('',(0.0299175541740093,-0.0015,0.00950399367664139));
#2267=CARTESIAN_POINT('',(0.0299499345624927,-0.0015,0.00955886434030392));
#2268=CARTESIAN_POINT('',(0.0299486153846154,-0.0015,0.00961717948717948));
#2269=CARTESIAN_POINT('',(0.029883,-0.0015,0.009457));
#2270=CARTESIAN_POINT('',(0.0297940263157895,-0.0015,0.00942702631578947));
#2271=CARTESIAN_POINT('',(0.0298234837936667,-0.0015,0.00943763100782702));
#2272=CARTESIAN_POINT('',(0.0298531096966283,-0.0015,0.00944768483705518));
#2273=CARTESIAN_POINT('',(0.029883,-0.0015,0.009457));
#2274=CARTESIAN_POINT('',(0.0297940263157895,-0.0015,0.00942702631578947));
#2275=CARTESIAN_POINT('',(0.029389,-0.0015,0.009449));
#2276=CARTESIAN_POINT('',(0.0295156345888761,-0.0015,0.00939774314259463));
#2277=CARTESIAN_POINT('',(0.0296582423835836,-0.0015,0.00944206986222841));
#2278=CARTESIAN_POINT('',(0.0297940263157895,-0.0015,0.00942702631578947));
#2279=CARTESIAN_POINT('',(0.029389,-0.0015,0.009449));
#2280=CARTESIAN_POINT('',(0.029351987012987,-0.0015,0.009856));
#2281=CARTESIAN_POINT('',(0.0293405117823938,-0.0015,0.00971799852833527));
#2282=CARTESIAN_POINT('',(0.0293370441513055,-0.0015,0.00957736150857473));
#2283=CARTESIAN_POINT('',(0.029389,-0.0015,0.009449));
#2284=CARTESIAN_POINT('',(0.029351987012987,-0.0015,0.009856));
#2285=CARTESIAN_POINT('',(0.0293518,-0.0015,0.00985698666666667));
#2286=CARTESIAN_POINT('',(0.0293518623376624,-0.0015,0.00985665777777778));
#2287=CARTESIAN_POINT('',(0.0293519246753247,-0.0015,0.00985632888888889));
#2288=CARTESIAN_POINT('',(0.029351987012987,-0.0015,0.009856));
#2289=CARTESIAN_POINT('',(0.0455,-0.0015,0.));
#2290=CARTESIAN_POINT('',(-0.039847,-0.0015,0.0099704));
#2291=CARTESIAN_POINT('',(-0.0398710088888895,-0.0015,0.0099684533333329));
#2292=CARTESIAN_POINT('',(-0.0398950177777758,-0.0015,0.00996650666666693));
#2293=CARTESIAN_POINT('',(-0.0399190266666667,-0.0015,0.00996456));
#2294=CARTESIAN_POINT('',(-0.039847,-0.0015,0.0099704));
#2295=CARTESIAN_POINT('',(-0.0399190266666666,-0.0015,0.00996456));
#2296=CARTESIAN_POINT('',(-0.039604,-0.0015,0.00995190909090909));
#2297=CARTESIAN_POINT('',(-0.0396850918619044,-0.0015,0.00995968502287106));
#2298=CARTESIAN_POINT('',(-0.039767400933485,-0.0015,0.00995306957032792));
#2299=CARTESIAN_POINT('',(-0.039847,-0.0015,0.0099704));
#2300=CARTESIAN_POINT('',(-0.039604,-0.0015,0.00995190909090909));
#2301=CARTESIAN_POINT('',(-0.0396030394736842,-0.0015,0.00995206578947369));
#2302=CARTESIAN_POINT('',(-0.0396033596491228,-0.0015,0.00995201355661882));
#2303=CARTESIAN_POINT('',(-0.0396036798245614,-0.0015,0.00995196132376396));
#2304=CARTESIAN_POINT('',(-0.039604,-0.0015,0.00995190909090909));
#2305=CARTESIAN_POINT('',(-0.0396030394736842,-0.0015,0.00995206578947369));
#2306=CARTESIAN_POINT('',(-0.039511,-0.0015,0.009913));
#2307=CARTESIAN_POINT('',(-0.039540717336888,-0.0015,0.00992823965994357));
#2308=CARTESIAN_POINT('',(-0.0395716111842329,-0.0015,0.00994076844603065));
#2309=CARTESIAN_POINT('',(-0.0396030394736842,-0.0015,0.00995206578947369));
#2310=CARTESIAN_POINT('',(-0.039511,-0.0015,0.009913));
#2311=CARTESIAN_POINT('',(-0.0394531818181818,-0.0015,0.00974792207792208));
#2312=CARTESIAN_POINT('',(-0.039468817971215,-0.0015,0.0098055289575233));
#2313=CARTESIAN_POINT('',(-0.0394730109203238,-0.0015,0.0098669579357013));
#2314=CARTESIAN_POINT('',(-0.039511,-0.0015,0.009913));
#2315=CARTESIAN_POINT('',(-0.0394531818181818,-0.0015,0.00974792207792208));
#2316=CARTESIAN_POINT('',(-0.039460052631579,-0.0015,0.00950510526315789));
#2317=CARTESIAN_POINT('',(-0.0394434904353452,-0.0015,0.00958460380505031));
#2318=CARTESIAN_POINT('',(-0.0394607976185605,-0.0015,0.00966707454183522));
#2319=CARTESIAN_POINT('',(-0.0394531818181818,-0.0015,0.00974792207792208));
#2320=CARTESIAN_POINT('',(-0.0394600526315789,-0.0015,0.00950510526315789));
#2321=CARTESIAN_POINT('',(-0.0395258051948052,-0.0015,0.00942980519480519));
#2322=CARTESIAN_POINT('',(-0.0395060578236964,-0.0015,0.00945673342812677));
#2323=CARTESIAN_POINT('',(-0.0394833349086821,-0.0015,0.00948116734372018));
#2324=CARTESIAN_POINT('',(-0.039460052631579,-0.0015,0.00950510526315789));
#2325=CARTESIAN_POINT('',(-0.0395258051948052,-0.0015,0.00942980519480519));
#2326=CARTESIAN_POINT('',(-0.0395262857142857,-0.0015,0.00942950649350649));
#2327=CARTESIAN_POINT('',(-0.0395261255411255,-0.0015,0.00942960606060606));
#2328=CARTESIAN_POINT('',(-0.0395259653679654,-0.0015,0.00942970562770563));
#2329=CARTESIAN_POINT('',(-0.0395258051948052,-0.0015,0.00942980519480519));
#2330=CARTESIAN_POINT('',(-0.0395262857142857,-0.0015,0.00942950649350649));
#2331=CARTESIAN_POINT('',(-0.039551,-0.0015,0.009396));
#2332=CARTESIAN_POINT('',(-0.0395427619047593,-0.0015,0.00940716883116894));
#2333=CARTESIAN_POINT('',(-0.0395345238095264,-0.0015,0.00941833766233737));
#2334=CARTESIAN_POINT('',(-0.0395262857142857,-0.0015,0.00942950649350649));
#2335=CARTESIAN_POINT('',(-0.039551,-0.0015,0.009396));
#2336=CARTESIAN_POINT('',(-0.039604,-0.0015,0.009383));
#2337=CARTESIAN_POINT('',(-0.0395863333333301,-0.0015,0.00938733333333296));
#2338=CARTESIAN_POINT('',(-0.0395686666666699,-0.0015,0.00939166666666704));
#2339=CARTESIAN_POINT('',(-0.039551,-0.0015,0.009396));
#2340=CARTESIAN_POINT('',(-0.039604,-0.0015,0.009383));
#2341=CARTESIAN_POINT('',(-0.0396781216216216,-0.0015,0.00938412162162162));
#2342=CARTESIAN_POINT('',(-0.0396534394710188,-0.0015,0.00938531112285555));
#2343=CARTESIAN_POINT('',(-0.0396287075925862,-0.0015,0.00938339791939193));
#2344=CARTESIAN_POINT('',(-0.039604,-0.0015,0.009383));
#2345=CARTESIAN_POINT('',(-0.0396781216216216,-0.0015,0.00938412162162162));
#2346=CARTESIAN_POINT('',(-0.03976,-0.0015,0.00940532467532467));
#2347=CARTESIAN_POINT('',(-0.0397327072072089,-0.0015,0.00939825699075773));
#2348=CARTESIAN_POINT('',(-0.0397054144144127,-0.0015,0.0093911893061896));
#2349=CARTESIAN_POINT('',(-0.0396781216216216,-0.0015,0.00938412162162162));
#2350=CARTESIAN_POINT('',(-0.03976,-0.0015,0.00940532467532467));
#2351=CARTESIAN_POINT('',(-0.0399650909090909,-0.0015,0.00940483116883117));
#2352=CARTESIAN_POINT('',(-0.0399309260517215,-0.0015,0.00939679237886137));
#2353=CARTESIAN_POINT('',(-0.0398610822750794,-0.0015,0.00937218479689765));
#2354=CARTESIAN_POINT('',(-0.0397942245092038,-0.0015,0.00939754376322454));
#2355=CARTESIAN_POINT('',(-0.03976,-0.0015,0.00940532467532467));
#2356=CARTESIAN_POINT('',(-0.0399650909090909,-0.0015,0.00940483116883117));
#2357=CARTESIAN_POINT('',(-0.039998,-0.0015,0.009426));
#2358=CARTESIAN_POINT('',(-0.0399870038807708,-0.0015,0.00941897618435665));
#2359=CARTESIAN_POINT('',(-0.0399742005607632,-0.0015,0.00941417262860668));
#2360=CARTESIAN_POINT('',(-0.0399650909090909,-0.0015,0.00940483116883117));
#2361=CARTESIAN_POINT('',(-0.039998,-0.0015,0.009426));
#2362=CARTESIAN_POINT('',(-0.040053,-0.0015,0.0096363333333334));
#2363=CARTESIAN_POINT('',(-0.0400303788313512,-0.0015,0.00956669498528065));
#2364=CARTESIAN_POINT('',(-0.0400283356162937,-0.0015,0.00949264058204235));
#2365=CARTESIAN_POINT('',(-0.039998,-0.0015,0.009426));
#2366=CARTESIAN_POINT('',(-0.040053,-0.0015,0.0096363333333334));
#2367=CARTESIAN_POINT('',(-0.0400632631578947,-0.0015,0.00974794736842105));
#2368=CARTESIAN_POINT('',(-0.0400656182493177,-0.0015,0.00971030213783171));
#2369=CARTESIAN_POINT('',(-0.0400652656306412,-0.0015,0.00967200214529996));
#2370=CARTESIAN_POINT('',(-0.040053,-0.0015,0.0096363333333334));
#2371=CARTESIAN_POINT('',(-0.0400632631578948,-0.0015,0.00974794736842105));
#2372=CARTESIAN_POINT('',(-0.0399190266666667,-0.0015,0.00996456));
#2373=CARTESIAN_POINT('',(-0.0399590890322633,-0.0015,0.00994125549862108));
#2374=CARTESIAN_POINT('',(-0.0400302462728087,-0.0015,0.00990841068262305));
#2375=CARTESIAN_POINT('',(-0.0400261331180648,-0.0015,0.00980796390400363));
#2376=CARTESIAN_POINT('',(-0.0400532941861372,-0.0015,0.00976886728315519));
#2377=CARTESIAN_POINT('',(-0.0400632631578947,-0.0015,0.00974794736842105));
#2378=CARTESIAN_POINT('',(0.0455,-0.0015,0.));
#2379=CARTESIAN_POINT('',(-0.0340647894736842,-0.0015,0.00941194736842105));
#2380=CARTESIAN_POINT('',(-0.0339702187147384,-0.0015,0.00938797118862748));
#2381=CARTESIAN_POINT('',(-0.033873463239094,-0.0015,0.00940816389125823));
#2382=CARTESIAN_POINT('',(-0.0337759090909091,-0.0015,0.00940687012987013));
#2383=CARTESIAN_POINT('',(-0.0340647894736842,-0.0015,0.00941194736842105));
#2384=CARTESIAN_POINT('',(-0.0337759090909091,-0.0015,0.00940687012987013));
#2385=CARTESIAN_POINT('',(-0.034217,-0.0015,0.009427));
#2386=CARTESIAN_POINT('',(-0.0341714420438753,-0.0015,0.00940048227853446));
#2387=CARTESIAN_POINT('',(-0.0341170641146729,-0.0015,0.00940515922958808));
#2388=CARTESIAN_POINT('',(-0.0340647894736842,-0.0015,0.00941194736842105));
#2389=CARTESIAN_POINT('',(-0.034217,-0.0015,0.009427));
#2390=CARTESIAN_POINT('',(-0.0342380657894737,-0.0015,0.00945894736842105));
#2391=CARTESIAN_POINT('',(-0.0342310438596431,-0.0015,0.00944829824561404));
#2392=CARTESIAN_POINT('',(-0.0342240219298307,-0.0015,0.00943764912280701));
#2393=CARTESIAN_POINT('',(-0.034217,-0.0015,0.009427));
#2394=CARTESIAN_POINT('',(-0.0342380657894737,-0.0015,0.00945894736842105));
#2395=CARTESIAN_POINT('',(-0.03425376,-0.0015,0.00981869333333333));
#2396=CARTESIAN_POINT('',(-0.0342798136907836,-0.0015,0.00976278368118975));
#2397=CARTESIAN_POINT('',(-0.0342708386699324,-0.0015,0.00966559066347309));
#2398=CARTESIAN_POINT('',(-0.0342773802472056,-0.0015,0.0095455702838092));
#2399=CARTESIAN_POINT('',(-0.0342404271001945,-0.0015,0.00948969790033675));
#2400=CARTESIAN_POINT('',(-0.0342380657894737,-0.0015,0.00945894736842105));
#2401=CARTESIAN_POINT('',(-0.03425376,-0.0015,0.00981869333333333));
#2402=CARTESIAN_POINT('',(-0.034246,-0.0015,0.009872));
#2403=CARTESIAN_POINT('',(-0.0342485866666697,-0.0015,0.00985423111111091));
#2404=CARTESIAN_POINT('',(-0.0342511733333289,-0.0015,0.00983646222222242));
#2405=CARTESIAN_POINT('',(-0.03425376,-0.0015,0.00981869333333333));
#2406=CARTESIAN_POINT('',(-0.034246,-0.0015,0.009872));
#2407=CARTESIAN_POINT('',(-0.034223,-0.0015,0.009906));
#2408=CARTESIAN_POINT('',(-0.0342306666666696,-0.0015,0.00989466666666708));
#2409=CARTESIAN_POINT('',(-0.034238333333329,-0.0015,0.00988333333333292));
#2410=CARTESIAN_POINT('',(-0.034246,-0.0015,0.009872));
#2411=CARTESIAN_POINT('',(-0.034223,-0.0015,0.009906));
#2412=CARTESIAN_POINT('',(-0.0337570779220779,-0.0015,0.00996297402597403));
#2413=CARTESIAN_POINT('',(-0.0338364632543397,-0.0015,0.00996539933664382));
#2414=CARTESIAN_POINT('',(-0.0339927599324661,-0.0015,0.00993901344658695));
#2415=CARTESIAN_POINT('',(-0.0341566262888258,-0.0015,0.00994961701018955));
#2416=CARTESIAN_POINT('',(-0.034223,-0.0015,0.009906));
#2417=CARTESIAN_POINT('',(-0.033757077922078,-0.0015,0.00996297402597403));
#2418=CARTESIAN_POINT('',(-0.0337080519480519,-0.0015,0.00993594805194805));
#2419=CARTESIAN_POINT('',(-0.0337243334111902,-0.0015,0.00994506567130362));
#2420=CARTESIAN_POINT('',(-0.0337407342774202,-0.0015,0.00995396834422274));
#2421=CARTESIAN_POINT('',(-0.0337570779220779,-0.0015,0.00996297402597403));
#2422=CARTESIAN_POINT('',(-0.033708051948052,-0.0015,0.00993594805194805));
#2423=CARTESIAN_POINT('',(-0.0337759090909091,-0.0015,0.00940687012987013));
#2424=CARTESIAN_POINT('',(-0.0337320075245051,-0.0015,0.00942605582497557));
#2425=CARTESIAN_POINT('',(-0.0336857422839212,-0.0015,0.00948689873039552));
#2426=CARTESIAN_POINT('',(-0.0336941056390488,-0.0015,0.00958551535169961));
#2427=CARTESIAN_POINT('',(-0.033644041648118,-0.0015,0.00972299638430389));
#2428=CARTESIAN_POINT('',(-0.033679225512591,-0.0015,0.00984456539309059));
#2429=CARTESIAN_POINT('',(-0.0337080519480519,-0.0015,0.00993594805194805));
#2430=CARTESIAN_POINT('',(0.0455,-0.0015,0.));
#2431=CARTESIAN_POINT('',(0.00247611842105265,-0.0015,0.0099001052631579));
#2432=CARTESIAN_POINT('',(0.00246542912811331,-0.0015,0.00990645203084041));
#2433=CARTESIAN_POINT('',(0.00245362673691805,-0.0015,0.00991122966250604));
#2434=CARTESIAN_POINT('',(0.0024441038961039,-0.0015,0.00991922077922078));
#2435=CARTESIAN_POINT('',(0.00247611842105263,-0.0015,0.0099001052631579));
#2436=CARTESIAN_POINT('',(0.0024441038961039,-0.0015,0.00991922077922078));
#2437=CARTESIAN_POINT('',(0.002504,-0.0015,0.009456));
#2438=CARTESIAN_POINT('',(0.00252220704161265,-0.0015,0.00953022870809378));
#2439=CARTESIAN_POINT('',(0.00256079942481689,-0.0015,0.00968409805020691));
#2440=CARTESIAN_POINT('',(0.00250172339349137,-0.0015,0.00982809288328172));
#2441=CARTESIAN_POINT('',(0.00247611842105265,-0.0015,0.0099001052631579));
#2442=CARTESIAN_POINT('',(0.002504,-0.0015,0.009456));
#2443=CARTESIAN_POINT('',(0.00208102631578945,-0.0015,0.00936273684210526));
#2444=CARTESIAN_POINT('',(0.00215678111942921,-0.0015,0.00936074329464108));
#2445=CARTESIAN_POINT('',(0.00226729678259697,-0.0015,0.00937823883877991));
#2446=CARTESIAN_POINT('',(0.00242486638058651,-0.0015,0.0093678231009169));
#2447=CARTESIAN_POINT('',(0.00248067293019268,-0.0015,0.00942614135065202));
#2448=CARTESIAN_POINT('',(0.002504,-0.0015,0.009456));
#2449=CARTESIAN_POINT('',(0.00208102631578948,-0.0015,0.00936273684210526));
#2450=CARTESIAN_POINT('',(0.001967,-0.0015,0.009452));
#2451=CARTESIAN_POINT('',(0.00199150810155866,-0.0015,0.00940855381997389));
#2452=CARTESIAN_POINT('',(0.00203754976544542,-0.0015,0.00938719102723012));
#2453=CARTESIAN_POINT('',(0.00208102631578945,-0.0015,0.00936273684210526));
#2454=CARTESIAN_POINT('',(0.001967,-0.0015,0.009452));
#2455=CARTESIAN_POINT('',(0.00196371794871795,-0.0015,0.009664));
#2456=CARTESIAN_POINT('',(0.00197986270484535,-0.0015,0.00959413522653949));
#2457=CARTESIAN_POINT('',(0.00197887544093103,-0.0015,0.00952271572402203));
#2458=CARTESIAN_POINT('',(0.001967,-0.0015,0.009452));
#2459=CARTESIAN_POINT('',(0.00196371794871795,-0.0015,0.009664));
#2460=CARTESIAN_POINT('',(0.00196028378378379,-0.0015,0.00974697297297297));
#2461=CARTESIAN_POINT('',(0.00195416993966771,-0.0015,0.00971995028936322));
#2462=CARTESIAN_POINT('',(0.00196759103071196,-0.0015,0.00969143362453609));
#2463=CARTESIAN_POINT('',(0.00196371794871795,-0.0015,0.009664));
#2464=CARTESIAN_POINT('',(0.00196028378378379,-0.0015,0.00974697297297297));
#2465=CARTESIAN_POINT('',(0.00199692,-0.0015,0.00986210666666667));
#2466=CARTESIAN_POINT('',(0.00199520524866585,-0.0015,0.00982096384219667));
#2467=CARTESIAN_POINT('',(0.00197916272204639,-0.0015,0.00978356884798038));
#2468=CARTESIAN_POINT('',(0.00196028378378379,-0.0015,0.00974697297297297));
#2469=CARTESIAN_POINT('',(0.00199692,-0.0015,0.00986210666666667));
#2470=CARTESIAN_POINT('',(0.00199754054054055,-0.0015,0.00986267567567568));
#2471=CARTESIAN_POINT('',(0.0019973336936937,-0.0015,0.00986248600600601));
#2472=CARTESIAN_POINT('',(0.00199712684684685,-0.0015,0.00986229633633634));
#2473=CARTESIAN_POINT('',(0.00199692,-0.0015,0.00986210666666667));
#2474=CARTESIAN_POINT('',(0.00199754054054054,-0.0015,0.00986267567567568));
#2475=CARTESIAN_POINT('',(0.0020091095890411,-0.0015,0.0098948904109589));
#2476=CARTESIAN_POINT('',(0.00200525323954095,-0.0015,0.00988415216586508));
#2477=CARTESIAN_POINT('',(0.0020013968900407,-0.0015,0.00987341392076967));
#2478=CARTESIAN_POINT('',(0.00199754054054055,-0.0015,0.00986267567567568));
#2479=CARTESIAN_POINT('',(0.0020091095890411,-0.0015,0.0098948904109589));
#2480=CARTESIAN_POINT('',(0.002324,-0.0015,0.009957));
#2481=CARTESIAN_POINT('',(0.00226984334401698,-0.0015,0.00995828944419074));
#2482=CARTESIAN_POINT('',(0.00216723930106294,-0.0015,0.00993528553566141));
#2483=CARTESIAN_POINT('',(0.00205177031336889,-0.0015,0.00992827706478448));
#2484=CARTESIAN_POINT('',(0.0020091095890411,-0.0015,0.0098948904109589));
#2485=CARTESIAN_POINT('',(0.002324,-0.0015,0.009957));
#2486=CARTESIAN_POINT('',(0.0024441038961039,-0.0015,0.00991922077922078));
#2487=CARTESIAN_POINT('',(0.00240412820181545,-0.0015,0.00993201300139243));
#2488=CARTESIAN_POINT('',(0.00236406052860213,-0.0015,0.00994447597789164));
#2489=CARTESIAN_POINT('',(0.002324,-0.0015,0.009957));
#2490=CARTESIAN_POINT('',(0.0455,-0.0015,0.));
#2491=CARTESIAN_POINT('',(0.0077231038961039,-0.0015,0.00974690909090909));
#2492=CARTESIAN_POINT('',(0.00773262679637378,-0.0015,0.0097203782301619));
#2493=CARTESIAN_POINT('',(0.00774195186944043,-0.0015,0.00969377702681975));
#2494=CARTESIAN_POINT('',(0.0077513164556962,-0.0015,0.00966718987341772));
#2495=CARTESIAN_POINT('',(0.0077231038961039,-0.0015,0.00974690909090909));
#2496=CARTESIAN_POINT('',(0.0077513164556962,-0.0015,0.00966718987341772));
#2497=CARTESIAN_POINT('',(0.00772302631578945,-0.0015,0.00974796052631579));
#2498=CARTESIAN_POINT('',(0.0077230521758943,-0.0015,0.00974761004784689));
#2499=CARTESIAN_POINT('',(0.00772307803599909,-0.0015,0.00974725956937799));
#2500=CARTESIAN_POINT('',(0.0077231038961039,-0.0015,0.00974690909090909));
#2501=CARTESIAN_POINT('',(0.00772302631578947,-0.0015,0.00974796052631579));
#2502=CARTESIAN_POINT('',(0.00810105333333334,-0.0015,0.00991884));
#2503=CARTESIAN_POINT('',(0.00801911038086624,-0.0015,0.00994626217263865));
#2504=CARTESIAN_POINT('',(0.00790995933998514,-0.0015,0.00999181850536755));
#2505=CARTESIAN_POINT('',(0.0077887272804828,-0.0015,0.00993319535506226));
#2506=CARTESIAN_POINT('',(0.00776196368398313,-0.0015,0.00984732031832577));
#2507=CARTESIAN_POINT('',(0.00773751602417785,-0.0015,0.00978866315649634));
#2508=CARTESIAN_POINT('',(0.00772302631578945,-0.0015,0.00974796052631579));
#2509=CARTESIAN_POINT('',(0.00810105333333333,-0.0015,0.00991884));
#2510=CARTESIAN_POINT('',(0.008228,-0.0015,0.009928));
#2511=CARTESIAN_POINT('',(0.00818562753948082,-0.0015,0.00992574807943501));
#2512=CARTESIAN_POINT('',(0.00814316087709906,-0.0015,0.00992407940020184));
#2513=CARTESIAN_POINT('',(0.00810105333333334,-0.0015,0.00991884));
#2514=CARTESIAN_POINT('',(0.008228,-0.0015,0.009928));
#2515=CARTESIAN_POINT('',(0.00826,-0.0015,0.009904));
#2516=CARTESIAN_POINT('',(0.00824933333333478,-0.0015,0.00991199999999995));
#2517=CARTESIAN_POINT('',(0.00823866666666521,-0.0015,0.00992000000000005));
#2518=CARTESIAN_POINT('',(0.008228,-0.0015,0.009928));
#2519=CARTESIAN_POINT('',(0.00826,-0.0015,0.009904));
#2520=CARTESIAN_POINT('',(0.008306,-0.0015,0.009747));
#2521=CARTESIAN_POINT('',(0.0082864607578697,-0.0015,0.00979821528249642));
#2522=CARTESIAN_POINT('',(0.00827810341811991,-0.0015,0.00985225975071348));
#2523=CARTESIAN_POINT('',(0.00826,-0.0015,0.009904));
#2524=CARTESIAN_POINT('',(0.008306,-0.0015,0.009747));
#2525=CARTESIAN_POINT('',(0.008296,-0.0015,0.009451));
#2526=CARTESIAN_POINT('',(0.00829586500685243,-0.0015,0.00955019747091579));
#2527=CARTESIAN_POINT('',(0.00828991518097135,-0.0015,0.00964911519496517));
#2528=CARTESIAN_POINT('',(0.008306,-0.0015,0.009747));
#2529=CARTESIAN_POINT('',(0.008296,-0.0015,0.009451));
#2530=CARTESIAN_POINT('',(0.00776555263157895,-0.0015,0.00940861842105263));
#2531=CARTESIAN_POINT('',(0.00780618280961033,-0.0015,0.00938483490220406));
#2532=CARTESIAN_POINT('',(0.00789744756570718,-0.0015,0.00935190566839842));
#2533=CARTESIAN_POINT('',(0.00808198475007172,-0.0015,0.00937333076153537));
#2534=CARTESIAN_POINT('',(0.00823048479834015,-0.0015,0.00938337140474624));
#2535=CARTESIAN_POINT('',(0.008296,-0.0015,0.009451));
#2536=CARTESIAN_POINT('',(0.00776555263157895,-0.0015,0.00940861842105263));
#2537=CARTESIAN_POINT('',(0.00773815789473685,-0.0015,0.00944811842105263));
#2538=CARTESIAN_POINT('',(0.00774614644726542,-0.0015,0.00943422528621634));
#2539=CARTESIAN_POINT('',(0.00775470896099121,-0.0015,0.0094204188861014));
#2540=CARTESIAN_POINT('',(0.00776555263157895,-0.0015,0.00940861842105263));
#2541=CARTESIAN_POINT('',(0.00773815789473684,-0.0015,0.00944811842105263));
#2542=CARTESIAN_POINT('',(0.00775131645569621,-0.0015,0.00966718987341772));
#2543=CARTESIAN_POINT('',(0.00774806501302636,-0.0015,0.0095938687501656));
#2544=CARTESIAN_POINT('',(0.00773298814333788,-0.0015,0.00952132929910492));
#2545=CARTESIAN_POINT('',(0.00773815789473685,-0.0015,0.00944811842105263));
#2546=CARTESIAN_POINT('',(0.0455,-0.0015,0.));
#2547=CARTESIAN_POINT('',(-0.0188408918918919,-0.0015,0.00994090540540541));
#2548=CARTESIAN_POINT('',(-0.0188653927555471,-0.0015,0.00994208415448178));
#2549=CARTESIAN_POINT('',(-0.0188895614200377,-0.0015,0.00993153872098188));
#2550=CARTESIAN_POINT('',(-0.018914038961039,-0.0015,0.00993312987012987));
#2551=CARTESIAN_POINT('',(-0.0188408918918919,-0.0015,0.00994090540540541));
#2552=CARTESIAN_POINT('',(-0.018914038961039,-0.0015,0.00993312987012987));
#2553=CARTESIAN_POINT('',(-0.01876,-0.0015,0.0099672027027027));
#2554=CARTESIAN_POINT('',(-0.0187874948908172,-0.0015,0.0099602762287063));
#2555=CARTESIAN_POINT('',(-0.0188139522123538,-0.0015,0.00994974840996607));
#2556=CARTESIAN_POINT('',(-0.0188408918918919,-0.0015,0.00994090540540541));
#2557=CARTESIAN_POINT('',(-0.01876,-0.0015,0.0099672027027027));
#2558=CARTESIAN_POINT('',(-0.0185039605263158,-0.0015,0.00986803947368421));
#2559=CARTESIAN_POINT('',(-0.018560858267762,-0.0015,0.00994304104200306));
#2560=CARTESIAN_POINT('',(-0.018667399217686,-0.0015,0.00995024147182061));
#2561=CARTESIAN_POINT('',(-0.01876,-0.0015,0.0099672027027027));
#2562=CARTESIAN_POINT('',(-0.0185039605263158,-0.0015,0.00986803947368421));
#2563=CARTESIAN_POINT('',(-0.0185078421052632,-0.0015,0.00946090789473684));
#2564=CARTESIAN_POINT('',(-0.0185008826334531,-0.0015,0.00952959717125656));
#2565=CARTESIAN_POINT('',(-0.0184464103528313,-0.0015,0.00966358789240254));
#2566=CARTESIAN_POINT('',(-0.0184906156221179,-0.0015,0.00980030053002856));
#2567=CARTESIAN_POINT('',(-0.0185039605263158,-0.0015,0.00986803947368421));
#2568=CARTESIAN_POINT('',(-0.0185078421052632,-0.0015,0.00946090789473684));
#2569=CARTESIAN_POINT('',(-0.0185259210526316,-0.0015,0.00942992105263158));
#2570=CARTESIAN_POINT('',(-0.0185199153885265,-0.0015,0.00944026414081746));
#2571=CARTESIAN_POINT('',(-0.0185153136114518,-0.0015,0.0094515685120014));
#2572=CARTESIAN_POINT('',(-0.0185078421052632,-0.0015,0.00946090789473684));
#2573=CARTESIAN_POINT('',(-0.0185259210526316,-0.0015,0.00942992105263158));
#2574=CARTESIAN_POINT('',(-0.0186069605263158,-0.0015,0.00939792105263158));
#2575=CARTESIAN_POINT('',(-0.0185788457686671,-0.0015,0.00940595384053273));
#2576=CARTESIAN_POINT('',(-0.0185509268570532,-0.0015,0.00941476601964829));
#2577=CARTESIAN_POINT('',(-0.0185259210526316,-0.0015,0.00942992105263158));
#2578=CARTESIAN_POINT('',(-0.0186069605263158,-0.0015,0.00939792105263158));
#2579=CARTESIAN_POINT('',(-0.01876,-0.0015,0.00936586666666667));
#2580=CARTESIAN_POINT('',(-0.0187087807078817,-0.0015,0.0093773330431731));
#2581=CARTESIAN_POINT('',(-0.0186592180770667,-0.0015,0.00940282432336344));
#2582=CARTESIAN_POINT('',(-0.0186069605263158,-0.0015,0.00939792105263158));
#2583=CARTESIAN_POINT('',(-0.01876,-0.0015,0.00936586666666667));
#2584=CARTESIAN_POINT('',(-0.0190252337662338,-0.0015,0.0095108961038961));
#2585=CARTESIAN_POINT('',(-0.0190164541813559,-0.0015,0.00948477666202771));
#2586=CARTESIAN_POINT('',(-0.0190043425693843,-0.0015,0.00942567908184047));
#2587=CARTESIAN_POINT('',(-0.0188949939393261,-0.0015,0.00938041280489443));
#2588=CARTESIAN_POINT('',(-0.0188139558600904,-0.0015,0.00937709121908663));
#2589=CARTESIAN_POINT('',(-0.01876,-0.0015,0.00936586666666667));
#2590=CARTESIAN_POINT('',(-0.0190252337662337,-0.0015,0.0095108961038961));
#2591=CARTESIAN_POINT('',(-0.0190251315789474,-0.0015,0.00951281578947369));
#2592=CARTESIAN_POINT('',(-0.0190251656413762,-0.0015,0.00951217589428116));
#2593=CARTESIAN_POINT('',(-0.019025199703805,-0.0015,0.00951153599908863));
#2594=CARTESIAN_POINT('',(-0.0190252337662338,-0.0015,0.0095108961038961));
#2595=CARTESIAN_POINT('',(-0.0190251315789473,-0.0015,0.00951281578947369));
#2596=CARTESIAN_POINT('',(-0.018999,-0.0015,0.009902));
#2597=CARTESIAN_POINT('',(-0.0190459895806118,-0.0015,0.0098533322200608));
#2598=CARTESIAN_POINT('',(-0.019038197518736,-0.0015,0.00971067335153478));
#2599=CARTESIAN_POINT('',(-0.0190430114609479,-0.0015,0.00957806058475563));
#2600=CARTESIAN_POINT('',(-0.0190251315789474,-0.0015,0.00951281578947369));
#2601=CARTESIAN_POINT('',(-0.018999,-0.0015,0.009902));
#2602=CARTESIAN_POINT('',(-0.018914038961039,-0.0015,0.00993312987012987));
#2603=CARTESIAN_POINT('',(-0.0189427426870435,-0.0015,0.00992375722490379));
#2604=CARTESIAN_POINT('',(-0.0189712109631524,-0.0015,0.00991381184983679));
#2605=CARTESIAN_POINT('',(-0.018999,-0.0015,0.009902));
#2606=CARTESIAN_POINT('',(0.0455,-0.0015,0.));
#2607=CARTESIAN_POINT('',(-0.0128951538461539,-0.0015,0.00992826923076923));
#2608=CARTESIAN_POINT('',(-0.0129505315682017,-0.0015,0.00993958808678704));
#2609=CARTESIAN_POINT('',(-0.0130073870930581,-0.0015,0.00994089984242626));
#2610=CARTESIAN_POINT('',(-0.013063,-0.0015,0.009951));
#2611=CARTESIAN_POINT('',(-0.0128951538461538,-0.0015,0.00992826923076923));
#2612=CARTESIAN_POINT('',(-0.013063,-0.0015,0.009951));
#2613=CARTESIAN_POINT('',(-0.0128249868421053,-0.0015,0.00993993421052631));
#2614=CARTESIAN_POINT('',(-0.0128483758434556,-0.0015,0.00993604588394129));
#2615=CARTESIAN_POINT('',(-0.0128717648448036,-0.0015,0.00993215755735529));
#2616=CARTESIAN_POINT('',(-0.0128951538461539,-0.0015,0.00992826923076923));
#2617=CARTESIAN_POINT('',(-0.0128249868421053,-0.0015,0.00993993421052631));
#2618=CARTESIAN_POINT('',(-0.01277,-0.0015,0.009934));
#2619=CARTESIAN_POINT('',(-0.0127883337673922,-0.0015,0.00993594973931265));
#2620=CARTESIAN_POINT('',(-0.0128070398034911,-0.0015,0.00993571137791312));
#2621=CARTESIAN_POINT('',(-0.0128249868421053,-0.0015,0.00993993421052631));
#2622=CARTESIAN_POINT('',(-0.01277,-0.0015,0.009934));
#2623=CARTESIAN_POINT('',(-0.012726,-0.0015,0.009918));
#2624=CARTESIAN_POINT('',(-0.0127406666666701,-0.0015,0.00992333333333296));
#2625=CARTESIAN_POINT('',(-0.01275533333333,-0.0015,0.00992866666666705));
#2626=CARTESIAN_POINT('',(-0.01277,-0.0015,0.009934));
#2627=CARTESIAN_POINT('',(-0.012726,-0.0015,0.009918));
#2628=CARTESIAN_POINT('',(-0.01273,-0.0015,0.009413));
#2629=CARTESIAN_POINT('',(-0.0127027822737331,-0.0015,0.00949659730204845));
#2630=CARTESIAN_POINT('',(-0.0127037903186257,-0.0015,0.00962687487623634));
#2631=CARTESIAN_POINT('',(-0.0126551310718489,-0.0015,0.00980321119421174));
#2632=CARTESIAN_POINT('',(-0.0126986074815594,-0.0015,0.00988362008847695));
#2633=CARTESIAN_POINT('',(-0.012726,-0.0015,0.009918));
#2634=CARTESIAN_POINT('',(-0.01273,-0.0015,0.009413));
#2635=CARTESIAN_POINT('',(-0.01298,-0.0015,0.00935302631578947));
#2636=CARTESIAN_POINT('',(-0.0128932383548915,-0.0015,0.00936693693042953));
#2637=CARTESIAN_POINT('',(-0.0127966348441971,-0.0015,0.00935572098286633));
#2638=CARTESIAN_POINT('',(-0.01273,-0.0015,0.009413));
#2639=CARTESIAN_POINT('',(-0.01298,-0.0015,0.00935302631578947));
#2640=CARTESIAN_POINT('',(-0.013218,-0.0015,0.009426));
#2641=CARTESIAN_POINT('',(-0.0131789541062726,-0.0015,0.00941085616874938));
#2642=CARTESIAN_POINT('',(-0.0131053637415919,-0.0015,0.00937301982963545));
#2643=CARTESIAN_POINT('',(-0.0130206034936587,-0.0015,0.00936328661523345));
#2644=CARTESIAN_POINT('',(-0.01298,-0.0015,0.00935302631578947));
#2645=CARTESIAN_POINT('',(-0.013218,-0.0015,0.009426));
#2646=CARTESIAN_POINT('',(-0.0132379473684211,-0.0015,0.00992194736842105));
#2647=CARTESIAN_POINT('',(-0.0132598099357259,-0.0015,0.0098843437526522));
#2648=CARTESIAN_POINT('',(-0.0132688898061165,-0.0015,0.00979658229555825));
#2649=CARTESIAN_POINT('',(-0.0133162045800455,-0.0015,0.0096278991974974));
#2650=CARTESIAN_POINT('',(-0.0132736924188666,-0.0015,0.00949283090266352));
#2651=CARTESIAN_POINT('',(-0.013218,-0.0015,0.009426));
#2652=CARTESIAN_POINT('',(-0.013237947368421,-0.0015,0.00992194736842105));
#2653=CARTESIAN_POINT('',(-0.013063,-0.0015,0.009951));
#2654=CARTESIAN_POINT('',(-0.0131238375486749,-0.0015,0.00995802458519945));
#2655=CARTESIAN_POINT('',(-0.0131853227671001,-0.0015,0.00995327153585983));
#2656=CARTESIAN_POINT('',(-0.0132379473684211,-0.0015,0.00992194736842105));
#2657=CARTESIAN_POINT('',(0.0455,-0.0015,0.));
#2658=CARTESIAN_POINT('',(0.042778,-0.0015,-0.002666));
#2659=CARTESIAN_POINT('',(0.042760210045662,-0.0015,-0.00266347945205503));
#2660=CARTESIAN_POINT('',(0.0427424200913238,-0.0015,-0.0026609589041094));
#2661=CARTESIAN_POINT('',(0.0427246301369863,-0.0015,-0.00265843835616438));
#2662=CARTESIAN_POINT('',(0.042778,-0.0015,-0.002666));
#2663=CARTESIAN_POINT('',(0.0427246301369863,-0.0015,-0.00265843835616438));
#2664=CARTESIAN_POINT('',(0.0428041621621622,-0.0015,-0.00269643243243243));
#2665=CARTESIAN_POINT('',(0.0427946438675137,-0.0015,-0.00268703193846006));
#2666=CARTESIAN_POINT('',(0.0427867122766644,-0.0015,-0.00267615201729996));
#2667=CARTESIAN_POINT('',(0.042778,-0.0015,-0.002666));
#2668=CARTESIAN_POINT('',(0.0428041621621622,-0.0015,-0.00269643243243243));
#2669=CARTESIAN_POINT('',(0.0428529066666667,-0.0015,-0.00284810666666667));
#2670=CARTESIAN_POINT('',(0.0428662587455707,-0.0015,-0.00279473813674734));
#2671=CARTESIAN_POINT('',(0.0428281630662231,-0.0015,-0.00274593429705424));
#2672=CARTESIAN_POINT('',(0.0428041621621622,-0.0015,-0.00269643243243244));
#2673=CARTESIAN_POINT('',(0.0428529066666666,-0.0015,-0.00284810666666667));
#2674=CARTESIAN_POINT('',(0.0428584324324324,-0.0015,-0.003086));
#2675=CARTESIAN_POINT('',(0.0428634952657218,-0.0015,-0.00300619297110616));
#2676=CARTESIAN_POINT('',(0.0428686169493035,-0.0015,-0.00292651572967167));
#2677=CARTESIAN_POINT('',(0.0428529066666667,-0.0015,-0.00284810666666667));
#2678=CARTESIAN_POINT('',(0.0428584324324325,-0.0015,-0.003086));
#2679=CARTESIAN_POINT('',(0.042727,-0.0015,-0.003215));
#2680=CARTESIAN_POINT('',(0.0427585016454751,-0.0015,-0.00320409558425872));
#2681=CARTESIAN_POINT('',(0.0428344081759971,-0.0015,-0.00319032963518199));
#2682=CARTESIAN_POINT('',(0.0428456603205659,-0.0015,-0.00311679177014648));
#2683=CARTESIAN_POINT('',(0.0428584324324324,-0.0015,-0.003086));
#2684=CARTESIAN_POINT('',(0.042727,-0.0015,-0.003215));
#2685=CARTESIAN_POINT('',(0.0426519078947368,-0.0015,-0.00321394736842105));
#2686=CARTESIAN_POINT('',(0.0426768785740283,-0.0015,-0.00321572354168117));
#2687=CARTESIAN_POINT('',(0.0427019683995451,-0.0015,-0.00321467046339596));
#2688=CARTESIAN_POINT('',(0.042727,-0.0015,-0.003215));
#2689=CARTESIAN_POINT('',(0.0426519078947368,-0.0015,-0.00321394736842105));
#2690=CARTESIAN_POINT('',(0.04257,-0.0015,-0.00323106666666666));
#2691=CARTESIAN_POINT('',(0.0425968835732156,-0.0015,-0.00322362887807695));
#2692=CARTESIAN_POINT('',(0.0426246189572326,-0.0015,-0.00321972327508925));
#2693=CARTESIAN_POINT('',(0.0426519078947368,-0.0015,-0.00321394736842105));
#2694=CARTESIAN_POINT('',(0.04257,-0.0015,-0.00323106666666666));
#2695=CARTESIAN_POINT('',(0.0423548133333333,-0.0015,-0.0032142));
#2696=CARTESIAN_POINT('',(0.0424264244711393,-0.0015,-0.00322148248859104));
#2697=CARTESIAN_POINT('',(0.0424983491459488,-0.0015,-0.00322418591004857));
#2698=CARTESIAN_POINT('',(0.04257,-0.0015,-0.00323106666666666));
#2699=CARTESIAN_POINT('',(0.0423548133333334,-0.0015,-0.0032142));
#2700=CARTESIAN_POINT('',(0.0423121578947368,-0.0015,-0.00318784210526316));
#2701=CARTESIAN_POINT('',(0.042325615567942,-0.0015,-0.0031977582855194));
#2702=CARTESIAN_POINT('',(0.042339674575321,-0.0015,-0.00320711074017765));
#2703=CARTESIAN_POINT('',(0.0423548133333333,-0.0015,-0.0032142));
#2704=CARTESIAN_POINT('',(0.0423121578947369,-0.0015,-0.00318784210526316));
#2705=CARTESIAN_POINT('',(0.042295,-0.0015,-0.003142));
#2706=CARTESIAN_POINT('',(0.0423007192982455,-0.0015,-0.0031572807017545));
#2707=CARTESIAN_POINT('',(0.0423064385964913,-0.0015,-0.0031725614035087));
#2708=CARTESIAN_POINT('',(0.0423121578947368,-0.0015,-0.00318784210526316));
#2709=CARTESIAN_POINT('',(0.042295,-0.0015,-0.003142));
#2710=CARTESIAN_POINT('',(0.042317,-0.0015,-0.002677));
#2711=CARTESIAN_POINT('',(0.0422549439400343,-0.0015,-0.00282179747325309));
#2712=CARTESIAN_POINT('',(0.0422894758571054,-0.0015,-0.00298456192746317));
#2713=CARTESIAN_POINT('',(0.042295,-0.0015,-0.003142));
#2714=CARTESIAN_POINT('',(0.042317,-0.0015,-0.002677));
#2715=CARTESIAN_POINT('',(0.0423551447368421,-0.0015,-0.00264822368421053));
#2716=CARTESIAN_POINT('',(0.0423433422739241,-0.0015,-0.00265891966623047));
#2717=CARTESIAN_POINT('',(0.0423297258934021,-0.0015,-0.00266742117964381));
#2718=CARTESIAN_POINT('',(0.042317,-0.0015,-0.002677));
#2719=CARTESIAN_POINT('',(0.0423551447368421,-0.0015,-0.00264822368421053));
#2720=CARTESIAN_POINT('',(0.0426529866666667,-0.0015,-0.00265312));
#2721=CARTESIAN_POINT('',(0.0426060902862723,-0.0015,-0.00263655066865985));
#2722=CARTESIAN_POINT('',(0.0425028638425521,-0.0015,-0.00265961175184642));
#2723=CARTESIAN_POINT('',(0.0424048818206227,-0.0015,-0.00264803465438165));
#2724=CARTESIAN_POINT('',(0.0423551447368421,-0.0015,-0.00264822368421053));
#2725=CARTESIAN_POINT('',(0.0426529866666666,-0.0015,-0.00265312));
#2726=CARTESIAN_POINT('',(0.0427240266666667,-0.0015,-0.00265805333333333));
#2727=CARTESIAN_POINT('',(0.0427003466666667,-0.0015,-0.00265640888888883));
#2728=CARTESIAN_POINT('',(0.0426766666666666,-0.0015,-0.00265476444444446));
#2729=CARTESIAN_POINT('',(0.0426529866666667,-0.0015,-0.00265312));
#2730=CARTESIAN_POINT('',(0.0427240266666667,-0.0015,-0.00265805333333333));
#2731=CARTESIAN_POINT('',(0.0427246301369863,-0.0015,-0.00265843835616438));
#2732=CARTESIAN_POINT('',(0.0427244289802131,-0.0015,-0.0026583100152207));
#2733=CARTESIAN_POINT('',(0.0427242278234399,-0.0015,-0.00265818167427702));
#2734=CARTESIAN_POINT('',(0.0427240266666667,-0.0015,-0.00265805333333333));
#2735=CARTESIAN_POINT('',(0.0455,-0.0015,0.));
#2736=CARTESIAN_POINT('',(0.0427288701298701,-0.0015,-0.00901081818181818));
#2737=CARTESIAN_POINT('',(0.0427470862186155,-0.0015,-0.00900291308670248));
#2738=CARTESIAN_POINT('',(0.0427636450697344,-0.0015,-0.00899165001624045));
#2739=CARTESIAN_POINT('',(0.042781,-0.0015,-0.008982));
#2740=CARTESIAN_POINT('',(0.0427288701298702,-0.0015,-0.00901081818181818));
#2741=CARTESIAN_POINT('',(0.042781,-0.0015,-0.008982));
#2742=CARTESIAN_POINT('',(0.0426549210526316,-0.0015,-0.00900893421052631));
#2743=CARTESIAN_POINT('',(0.0426795707450441,-0.0015,-0.00900956220095749));
#2744=CARTESIAN_POINT('',(0.0427042204374576,-0.0015,-0.00901019019138838));
#2745=CARTESIAN_POINT('',(0.0427288701298701,-0.0015,-0.00901081818181818));
#2746=CARTESIAN_POINT('',(0.0426549210526316,-0.0015,-0.00900893421052631));
#2747=CARTESIAN_POINT('',(0.0426539733333333,-0.0015,-0.00900916));
#2748=CARTESIAN_POINT('',(0.0426542892397661,-0.0015,-0.00900908473684211));
#2749=CARTESIAN_POINT('',(0.0426546051461988,-0.0015,-0.00900900947368421));
#2750=CARTESIAN_POINT('',(0.0426549210526316,-0.0015,-0.00900893421052631));
#2751=CARTESIAN_POINT('',(0.0426539733333334,-0.0015,-0.00900916));
#2752=CARTESIAN_POINT('',(0.042488,-0.0015,-0.00897838888888889));
#2753=CARTESIAN_POINT('',(0.0425435563578258,-0.0015,-0.00898740362310213));
#2754=CARTESIAN_POINT('',(0.0425988513535651,-0.0015,-0.00899778715188576));
#2755=CARTESIAN_POINT('',(0.0426539733333333,-0.0015,-0.00900916));
#2756=CARTESIAN_POINT('',(0.042488,-0.0015,-0.00897838888888889));
#2757=CARTESIAN_POINT('',(0.042305,-0.0015,-0.008975));
#2758=CARTESIAN_POINT('',(0.0423619769092831,-0.0015,-0.00899734388599382));
#2759=CARTESIAN_POINT('',(0.042428815970853,-0.0015,-0.00899397311574125));
#2760=CARTESIAN_POINT('',(0.042488,-0.0015,-0.00897838888888889));
#2761=CARTESIAN_POINT('',(0.042305,-0.0015,-0.008975));
#2762=CARTESIAN_POINT('',(0.042273974025974,-0.0015,-0.00893094805194805));
#2763=CARTESIAN_POINT('',(0.0422842305800194,-0.0015,-0.00894569184838849));
#2764=CARTESIAN_POINT('',(0.0422946556367015,-0.0015,-0.00896031767789795));
#2765=CARTESIAN_POINT('',(0.042305,-0.0015,-0.008975));
#2766=CARTESIAN_POINT('',(0.042273974025974,-0.0015,-0.00893094805194805));
#2767=CARTESIAN_POINT('',(0.0424110789473684,-0.0015,-0.00841094736842105));
#2768=CARTESIAN_POINT('',(0.0423699105949517,-0.0015,-0.00843729597998621));
#2769=CARTESIAN_POINT('',(0.0422781949638127,-0.0015,-0.00848481840451907));
#2770=CARTESIAN_POINT('',(0.0422449316717038,-0.0015,-0.00864139066620924));
#2771=CARTESIAN_POINT('',(0.0422812387560072,-0.0015,-0.00878405153817972));
#2772=CARTESIAN_POINT('',(0.0422691894193969,-0.0015,-0.00888230455174528));
#2773=CARTESIAN_POINT('',(0.042273974025974,-0.0015,-0.00893094805194805));
#2774=CARTESIAN_POINT('',(0.0424110789473684,-0.0015,-0.00841094736842105));
#2775=CARTESIAN_POINT('',(0.042822,-0.0015,-0.008458));
#2776=CARTESIAN_POINT('',(0.0427610491505833,-0.0015,-0.00842295326158452));
#2777=CARTESIAN_POINT('',(0.0426182495464758,-0.0015,-0.00841874182644509));
#2778=CARTESIAN_POINT('',(0.0424806232678565,-0.0015,-0.0084006096991607));
#2779=CARTESIAN_POINT('',(0.0424110789473684,-0.0015,-0.00841094736842105));
#2780=CARTESIAN_POINT('',(0.042822,-0.0015,-0.008458));
#2781=CARTESIAN_POINT('',(0.042843,-0.0015,-0.008498));
#2782=CARTESIAN_POINT('',(0.042836,-0.0015,-0.00848466666666709));
#2783=CARTESIAN_POINT('',(0.042829,-0.0015,-0.00847133333333291));
#2784=CARTESIAN_POINT('',(0.042822,-0.0015,-0.008458));
#2785=CARTESIAN_POINT('',(0.042843,-0.0015,-0.008498));
#2786=CARTESIAN_POINT('',(0.042861,-0.0015,-0.00871));
#2787=CARTESIAN_POINT('',(0.0428506686092213,-0.0015,-0.00863957225064328));
#2788=CARTESIAN_POINT('',(0.0428391901009811,-0.0015,-0.00856907946387232));
#2789=CARTESIAN_POINT('',(0.042843,-0.0015,-0.008498));
#2790=CARTESIAN_POINT('',(0.042861,-0.0015,-0.00871));
#2791=CARTESIAN_POINT('',(0.0428070526315789,-0.0015,-0.00894705263157895));
#2792=CARTESIAN_POINT('',(0.0428282731432791,-0.0015,-0.00886853673827974));
#2793=CARTESIAN_POINT('',(0.042838193449348,-0.0015,-0.00878806994853419));
#2794=CARTESIAN_POINT('',(0.042861,-0.0015,-0.00871));
#2795=CARTESIAN_POINT('',(0.0428070526315789,-0.0015,-0.00894705263157895));
#2796=CARTESIAN_POINT('',(0.042781,-0.0015,-0.008982));
#2797=CARTESIAN_POINT('',(0.0427896505736228,-0.0015,-0.00897031795291158));
#2798=CARTESIAN_POINT('',(0.0427955584717962,-0.0015,-0.00895595133592631));
#2799=CARTESIAN_POINT('',(0.0428070526315789,-0.0015,-0.00894705263157895));
#2800=CARTESIAN_POINT('',(-0.0505,0.008,0.));
#2801=CARTESIAN_POINT('',(-0.0505,0.008,0.0145));
#2802=CARTESIAN_POINT('',(-0.0505,-0.003,0.0145));
#2803=CARTESIAN_POINT('',(-0.0505,-0.0015,0.0145));
#2804=CARTESIAN_POINT('',(-0.0505,-0.0015,0.));
#2805=CARTESIAN_POINT('',(-0.0505,-0.0015,-0.0145));
#2806=CARTESIAN_POINT('',(-0.0505,0.008,-0.0145));
#2807=CARTESIAN_POINT('',(-0.0505,-0.003,-0.0145));
#2808=CARTESIAN_POINT('',(-0.0505,-0.003,0.));
#2809=CARTESIAN_POINT('',(0.,0.006,0.));
#2810=CARTESIAN_POINT('',(0.,0.006,0.016));
#2811=CARTESIAN_POINT('',(0.04575,0.006,0.016));
#2812=CARTESIAN_POINT('',(0.0455,0.006,0.016));
#2813=CARTESIAN_POINT('',(0.0455,0.006,0.));
#2814=CARTESIAN_POINT('',(0.0455,0.006,-0.016));
#2815=CARTESIAN_POINT('',(0.,0.006,-0.016));
#2816=CARTESIAN_POINT('',(0.04575,0.006,-0.016));
#2817=CARTESIAN_POINT('',(0.04575,0.006,-0.013));
#2818=CARTESIAN_POINT('',(0.04875,0.006,-0.013));
#2819=CARTESIAN_POINT('',(0.04875,0.006,0.));
#2820=CARTESIAN_POINT('',(0.04875,0.006,0.013));
#2821=CARTESIAN_POINT('',(0.04575,0.006,0.013));
#2822=CARTESIAN_POINT('',(-0.04875,0.008,0.));
#2823=CARTESIAN_POINT('',(-0.04875,-0.0015,-1.73811160776582E-18));
#2824=CARTESIAN_POINT('',(-0.04875,-0.0015,0.013));
#2825=CARTESIAN_POINT('',(-0.04875,-0.0015,-0.013));
#2826=CARTESIAN_POINT('',(-0.04875,-0.002,0.013));
#2827=CARTESIAN_POINT('',(-0.04875,-0.002,0.013));
#2828=CARTESIAN_POINT('',(-0.04875,-0.002,0.));
#2829=CARTESIAN_POINT('',(-0.04875,-0.002,-0.013));
#2830=CARTESIAN_POINT('',(-0.04875,0.008,-0.013));
#2831=CARTESIAN_POINT('',(-0.0505,0.008,-0.0145));
#2832=CARTESIAN_POINT('',(-0.0505,-0.0015,-0.0145));
#2833=CARTESIAN_POINT('',(-0.049,-0.0015,-0.016));
#2834=CARTESIAN_POINT('',(-0.049,0.008,-0.016));
#2835=CARTESIAN_POINT('',(-0.049,0.0065,-0.016));
#2836=CARTESIAN_POINT('',(-0.0505,0.0065,-0.0145));
#2837=CARTESIAN_POINT('',(-0.0505,0.0065,-0.0145));
#2838=CARTESIAN_POINT('',(-0.0505,0.008,-0.0145));
#2839=CARTESIAN_POINT('',(-0.0505,0.008,-0.0145));
#2840=CARTESIAN_POINT('',(-0.0505,0.008,-0.0145));
#2841=CARTESIAN_POINT('',(-0.0475,0.008,-0.0175));
#2842=CARTESIAN_POINT('',(-0.0475,0.008,-0.0175));
#2843=CARTESIAN_POINT('',(-0.0475,-0.003,-0.0175));
#2844=CARTESIAN_POINT('',(-0.0325,-0.003,-0.0325));
#2845=CARTESIAN_POINT('',(-0.0475,0.008,0.0175));
#2846=CARTESIAN_POINT('',(-0.049,0.008,0.016));
#2847=CARTESIAN_POINT('',(-0.049,-0.0015,0.016));
#2848=CARTESIAN_POINT('',(-0.049,0.0065,0.016));
#2849=CARTESIAN_POINT('',(-0.0475,-0.0015,0.0175));
#2850=CARTESIAN_POINT('',(-0.0325,-0.003,0.0325));
#2851=CARTESIAN_POINT('',(-0.0475,-0.003,0.0175));
#2852=CARTESIAN_POINT('',(-0.0475,-0.003,0.0175));
#2853=CARTESIAN_POINT('',(-0.0475,0.008,0.0175));
#2854=CARTESIAN_POINT('',(-0.0475,0.008,0.0175));
#2855=CARTESIAN_POINT('',(-0.0505,0.008,0.0145));
#2856=CARTESIAN_POINT('',(-0.0505,0.008,0.0145));
#2857=CARTESIAN_POINT('',(-0.0505,0.0065,0.0145));
#2858=CARTESIAN_POINT('',(-0.0475,0.0065,0.0175));
#2859=CARTESIAN_POINT('',(-0.04575,0.008,0.013));
#2860=CARTESIAN_POINT('',(-0.04575,-0.0015,0.013));
#2861=CARTESIAN_POINT('',(-0.04575,-0.0015,0.016));
#2862=CARTESIAN_POINT('',(-0.04575,0.006,0.016));
#2863=CARTESIAN_POINT('',(-0.04575,-0.002,0.016));
#2864=CARTESIAN_POINT('',(-0.04575,-0.002,0.013));
#2865=CARTESIAN_POINT('',(-0.04575,0.008,-0.013));
#2866=CARTESIAN_POINT('',(-0.04575,-0.0015,-0.013));
#2867=CARTESIAN_POINT('',(-0.04575,-0.0015,-0.016));
#2868=CARTESIAN_POINT('',(-0.04575,-0.002,-0.013));
#2869=CARTESIAN_POINT('',(-0.04575,-0.002,-0.016));
#2870=CARTESIAN_POINT('',(-0.04575,0.008,-0.016));
#2871=CARTESIAN_POINT('',(0.,-0.002,0.));
#2872=CARTESIAN_POINT('',(-0.00425,-0.002,-0.0105));
#2873=CARTESIAN_POINT('',(-0.00425,-0.002,-0.0115));
#2874=CARTESIAN_POINT('',(-0.04375,-0.002,0.0045));
#2875=CARTESIAN_POINT('',(-0.04375,-0.002,0.0035));
#2876=CARTESIAN_POINT('',(0.02225,-0.002,0.0045));
#2877=CARTESIAN_POINT('',(0.02225,-0.002,0.0035));
#2878=CARTESIAN_POINT('',(0.0426301764705883,-0.002,-0.00286352941176471));
#2879=CARTESIAN_POINT('',(0.0426316303947226,-0.002,-0.00287982338913221));
#2880=CARTESIAN_POINT('',(0.0426273906261389,-0.002,-0.00291932148405476));
#2881=CARTESIAN_POINT('',(0.0425662715141746,-0.002,-0.00291781038444954));
#2882=CARTESIAN_POINT('',(0.0425385093559253,-0.002,-0.00295226761261932));
#2883=CARTESIAN_POINT('',(0.0425631620287814,-0.002,-0.00298478478413989));
#2884=CARTESIAN_POINT('',(0.042561,-0.002,-0.003001));
#2885=CARTESIAN_POINT('',(0.0426301764705882,-0.002,-0.00286352941176471));
#2886=CARTESIAN_POINT('',(0.042561,-0.002,-0.003001));
#2887=CARTESIAN_POINT('',(0.042561,-0.002,-0.003001));
#2888=CARTESIAN_POINT('',(0.0425393594949418,-0.002,-0.00298628445656052));
#2889=CARTESIAN_POINT('',(0.0424997196145701,-0.002,-0.00296769247160951));
#2890=CARTESIAN_POINT('',(0.0425152910948433,-0.002,-0.00291062834751252));
#2891=CARTESIAN_POINT('',(0.0424891922077069,-0.002,-0.00285961419493793));
#2892=CARTESIAN_POINT('',(0.042571737265889,-0.002,-0.00281967446579498));
#2893=CARTESIAN_POINT('',(0.0426139350324285,-0.002,-0.00284300931516604));
#2894=CARTESIAN_POINT('',(0.0426301764705882,-0.002,-0.00286352941176471));
#2895=CARTESIAN_POINT('',(0.0425983333333333,-0.002,-0.008637));
#2896=CARTESIAN_POINT('',(0.0426095852903407,-0.002,-0.00864734454111983));
#2897=CARTESIAN_POINT('',(0.0426150753629976,-0.002,-0.00866274348945879));
#2898=CARTESIAN_POINT('',(0.042616,-0.002,-0.008678));
#2899=CARTESIAN_POINT('',(0.0425983333333333,-0.002,-0.008637));
#2900=CARTESIAN_POINT('',(0.042616,-0.002,-0.008678));
#2901=CARTESIAN_POINT('',(0.042577,-0.002,-0.00863216666666667));
#2902=CARTESIAN_POINT('',(0.0425839563455039,-0.002,-0.00863453814808843));
#2903=CARTESIAN_POINT('',(0.0425910034619272,-0.002,-0.0086364636679459));
#2904=CARTESIAN_POINT('',(0.0425983333333333,-0.002,-0.008637));
#2905=CARTESIAN_POINT('',(0.042577,-0.002,-0.00863216666666667));
#2906=CARTESIAN_POINT('',(0.042616,-0.002,-0.008678));
#2907=CARTESIAN_POINT('',(0.0426039148066814,-0.002,-0.00869353810570112));
#2908=CARTESIAN_POINT('',(0.0425604838761683,-0.002,-0.00869747571832803));
#2909=CARTESIAN_POINT('',(0.0425651892224845,-0.002,-0.00864791437002054));
#2910=CARTESIAN_POINT('',(0.042577,-0.002,-0.00863216666666667));
#2911=CARTESIAN_POINT('',(0.0238778460940868,-0.002,0.00979618107303301));
#2912=CARTESIAN_POINT('',(0.0239216712130026,-0.002,0.00974041978042515));
#2913=CARTESIAN_POINT('',(0.0238936690539031,-0.002,0.00968813980526637));
#2914=CARTESIAN_POINT('',(0.0239393474320853,-0.002,0.0096007933786904));
#2915=CARTESIAN_POINT('',(0.0237869620277816,-0.002,0.00961306713507747));
#2916=CARTESIAN_POINT('',(0.0238456956796983,-0.002,0.0096826089555927));
#2917=CARTESIAN_POINT('',(0.0238425708318435,-0.002,0.00973297394597847));
#2918=CARTESIAN_POINT('',(0.0238778460940868,-0.002,0.00979618107303301));
#2919=CARTESIAN_POINT('',(0.0239216712130026,-0.002,0.00974041978042515));
#2920=CARTESIAN_POINT('',(0.0238936690539031,-0.002,0.00968813980526637));
#2921=CARTESIAN_POINT('',(0.0239097,-0.002,0.009741));
#2922=CARTESIAN_POINT('',(0.029689474174729,-0.002,0.0095597242971976));
#2923=CARTESIAN_POINT('',(0.0295775447859417,-0.002,0.0096328492270486));
#2924=CARTESIAN_POINT('',(0.0296603466815043,-0.002,0.00970687879460798));
#2925=CARTESIAN_POINT('',(0.0297693884108557,-0.002,0.00964192329595526));
#2926=CARTESIAN_POINT('',(0.029689474174729,-0.002,0.0095597242971976));
#2927=CARTESIAN_POINT('',(0.0295775447859417,-0.002,0.0096328492270486));
#2928=CARTESIAN_POINT('',(0.0296603466815043,-0.002,0.00970687879460798));
#2929=CARTESIAN_POINT('',(0.02961,-0.002,0.009633));
#2930=CARTESIAN_POINT('',(-0.039609400676813,-0.002,0.00967759759323311));
#2931=CARTESIAN_POINT('',(-0.0396690965341615,-0.002,0.00952843438000161));
#2932=CARTESIAN_POINT('',(-0.0398191604111444,-0.002,0.00959175980230064));
#2933=CARTESIAN_POINT('',(-0.0397679109242098,-0.002,0.00966069236421523));
#2934=CARTESIAN_POINT('',(-0.0397224655759549,-0.002,0.00973361215231403));
#2935=CARTESIAN_POINT('',(-0.039609400676813,-0.002,0.00967759759323311));
#2936=CARTESIAN_POINT('',(-0.0396690965341615,-0.002,0.00952843438000161));
#2937=CARTESIAN_POINT('',(-0.0398191604111444,-0.002,0.00959175980230064));
#2938=CARTESIAN_POINT('',(-0.03968916,-0.002,0.00956596));
#2939=CARTESIAN_POINT('',(-0.0340604,-0.002,0.009666));
#2940=CARTESIAN_POINT('',(-0.0340343712238031,-0.002,0.00968131104482163));
#2941=CARTESIAN_POINT('',(-0.0339934677182371,-0.002,0.00968911576240157));
#2942=CARTESIAN_POINT('',(-0.0339316925038959,-0.002,0.00970878367672128));
#2943=CARTESIAN_POINT('',(-0.0338918184930952,-0.002,0.00967447593180261));
#2944=CARTESIAN_POINT('',(-0.0339104185810298,-0.002,0.00962537860697019));
#2945=CARTESIAN_POINT('',(-0.0339583145174317,-0.002,0.00961500966778352));
#2946=CARTESIAN_POINT('',(-0.0340036594530679,-0.002,0.0096344861176874));
#2947=CARTESIAN_POINT('',(-0.0340270334000362,-0.002,0.00960800445333814));
#2948=CARTESIAN_POINT('',(-0.034042,-0.002,0.00961));
#2949=CARTESIAN_POINT('',(-0.0340604,-0.002,0.009666));
#2950=CARTESIAN_POINT('',(-0.034042,-0.002,0.00961));
#2951=CARTESIAN_POINT('',(-0.0340663636363637,-0.002,0.00964709090909091));
#2952=CARTESIAN_POINT('',(-0.0340643757575758,-0.002,0.00965339393939394));
#2953=CARTESIAN_POINT('',(-0.0340623878787879,-0.002,0.00965969696969697));
#2954=CARTESIAN_POINT('',(-0.0340604,-0.002,0.009666));
#2955=CARTESIAN_POINT('',(-0.0340663636363637,-0.002,0.00964709090909091));
#2956=CARTESIAN_POINT('',(-0.034042,-0.002,0.00961));
#2957=CARTESIAN_POINT('',(-0.0340528294320754,-0.002,0.00962065753632837));
#2958=CARTESIAN_POINT('',(-0.034058195456766,-0.002,0.00963427917533876));
#2959=CARTESIAN_POINT('',(-0.0340663636363637,-0.002,0.00964709090909091));
#2960=CARTESIAN_POINT('',(0.00215428571428572,-0.002,0.009747));
#2961=CARTESIAN_POINT('',(0.00217799813050014,-0.002,0.00974797448285814));
#2962=CARTESIAN_POINT('',(0.00221872105622271,-0.002,0.0097154886173133));
#2963=CARTESIAN_POINT('',(0.00229336227888666,-0.002,0.00972407130533676));
#2964=CARTESIAN_POINT('',(0.00233970894797642,-0.002,0.00966592966756677));
#2965=CARTESIAN_POINT('',(0.00230463235783485,-0.002,0.00959612149751868));
#2966=CARTESIAN_POINT('',(0.0022247259625648,-0.002,0.00960997680895473));
#2967=CARTESIAN_POINT('',(0.00215382512998978,-0.002,0.00960656146518822));
#2968=CARTESIAN_POINT('',(0.00209652313313957,-0.002,0.00966923749351164));
#2969=CARTESIAN_POINT('',(0.00212520211694595,-0.002,0.00971445935009707));
#2970=CARTESIAN_POINT('',(0.00213630434782608,-0.002,0.0097354347826087));
#2971=CARTESIAN_POINT('',(0.00215428571428571,-0.002,0.009747));
#2972=CARTESIAN_POINT('',(0.00213630434782608,-0.002,0.0097354347826087));
#2973=CARTESIAN_POINT('',(0.00213630434782609,-0.002,0.0097354347826087));
#2974=CARTESIAN_POINT('',(0.00214247540472945,-0.002,0.00973906137529123));
#2975=CARTESIAN_POINT('',(0.00214923951545961,-0.002,0.00974192358441446));
#2976=CARTESIAN_POINT('',(0.00215428571428572,-0.002,0.009747));
#2977=CARTESIAN_POINT('',(0.00795601272192549,-0.002,0.00965735201385688));
#2978=CARTESIAN_POINT('',(0.00792856545846904,-0.002,0.00975217730882243));
#2979=CARTESIAN_POINT('',(0.00802465453903104,-0.002,0.00970429787785764));
#2980=CARTESIAN_POINT('',(0.00805971681561627,-0.002,0.00965652634327291));
#2981=CARTESIAN_POINT('',(0.00802301890736077,-0.002,0.00962414835862748));
#2982=CARTESIAN_POINT('',(0.00797837124359545,-0.002,0.0095946620485782));
#2983=CARTESIAN_POINT('',(0.00795601272192549,-0.002,0.00965735201385688));
#2984=CARTESIAN_POINT('',(0.00792856545846904,-0.002,0.00975217730882243));
#2985=CARTESIAN_POINT('',(0.00802465453903104,-0.002,0.00970429787785764));
#2986=CARTESIAN_POINT('',(0.00795327272727273,-0.002,0.00972363636363636));
#2987=CARTESIAN_POINT('',(-0.0186528505053965,-0.002,0.00964635339407026));
#2988=CARTESIAN_POINT('',(-0.018710074625351,-0.002,0.00962413366439115));
#2989=CARTESIAN_POINT('',(-0.018770962483857,-0.002,0.00962666800242933));
#2990=CARTESIAN_POINT('',(-0.0188381882201281,-0.002,0.00962068307075265));
#2991=CARTESIAN_POINT('',(-0.0188832299938667,-0.002,0.00968059457528606));
#2992=CARTESIAN_POINT('',(-0.0188037171267809,-0.002,0.00974986380075828));
#2993=CARTESIAN_POINT('',(-0.018736039356148,-0.002,0.00969891653540527));
#2994=CARTESIAN_POINT('',(-0.0186675858631533,-0.002,0.00969909691953135));
#2995=CARTESIAN_POINT('',(-0.0186528505053965,-0.002,0.00964635339407026));
#2996=CARTESIAN_POINT('',(-0.018710074625351,-0.002,0.00962413366439115));
#2997=CARTESIAN_POINT('',(-0.018770962483857,-0.002,0.00962666800242933));
#2998=CARTESIAN_POINT('',(-0.0187087777777778,-0.002,0.009629));
#2999=CARTESIAN_POINT('',(-0.0128987267104135,-0.002,0.00957312548166286));
#3000=CARTESIAN_POINT('',(-0.0129923402488414,-0.002,0.00957115644979871));
#3001=CARTESIAN_POINT('',(-0.0129793408656493,-0.002,0.00965310586199948));
#3002=CARTESIAN_POINT('',(-0.0128953021520803,-0.002,0.00965353026126069));
#3003=CARTESIAN_POINT('',(-0.0128987267104135,-0.002,0.00957312548166286));
#3004=CARTESIAN_POINT('',(-0.0129923402488414,-0.002,0.00957115644979871));
#3005=CARTESIAN_POINT('',(-0.0129793408656493,-0.002,0.00965310586199948));
#3006=CARTESIAN_POINT('',(-0.0129745714285714,-0.002,0.00958514285714286));
#3007=CARTESIAN_POINT('',(0.04875,-0.002,0.));
#3008=CARTESIAN_POINT('',(0.04875,-0.002,0.013));
#3009=CARTESIAN_POINT('',(0.04875,-0.002,-0.013));
#3010=CARTESIAN_POINT('',(0.04575,-0.002,-0.013));
#3011=CARTESIAN_POINT('',(0.04575,-0.002,-0.016));
#3012=CARTESIAN_POINT('',(0.,-0.002,-0.016));
#3013=CARTESIAN_POINT('',(0.,-0.002,0.016));
#3014=CARTESIAN_POINT('',(0.04575,-0.002,0.016));
#3015=CARTESIAN_POINT('',(0.04575,-0.002,0.013));
#3016=CARTESIAN_POINT('',(0.,0.008,-0.016));
#3017=CARTESIAN_POINT('',(0.0455,0.0025,-0.016));
#3018=CARTESIAN_POINT('',(0.0455,0.0065,-0.016));
#3019=CARTESIAN_POINT('',(0.0455,0.0065,-0.016));
#3020=CARTESIAN_POINT('',(0.0455,-0.0015,-0.016));
#3021=CARTESIAN_POINT('',(0.04575,0.006,-0.016));
#3022=CARTESIAN_POINT('',(0.04875,0.008,0.));
#3023=CARTESIAN_POINT('',(0.04875,0.005,-1.04083408558608E-18));
#3024=CARTESIAN_POINT('',(0.04875,0.005,-0.0017));
#3025=CARTESIAN_POINT('',(0.04875,0.005,-0.0097));
#3026=CARTESIAN_POINT('',(0.04875,0.004,-0.0017));
#3027=CARTESIAN_POINT('',(0.04875,0.004,-0.0007));
#3028=CARTESIAN_POINT('',(0.04875,0.008,-0.0007));
#3029=CARTESIAN_POINT('',(0.04875,0.001,-0.0007));
#3030=CARTESIAN_POINT('',(0.04875,0.001,-0.0017));
#3031=CARTESIAN_POINT('',(0.04875,0.,-0.0017));
#3032=CARTESIAN_POINT('',(0.04875,0.,0.));
#3033=CARTESIAN_POINT('',(0.04875,0.,-0.0097));
#3034=CARTESIAN_POINT('',(0.04875,0.001,-0.0097));
#3035=CARTESIAN_POINT('',(0.04875,0.001,-0.0107));
#3036=CARTESIAN_POINT('',(0.04875,0.008,-0.0107));
#3037=CARTESIAN_POINT('',(0.04875,0.004,-0.0107));
#3038=CARTESIAN_POINT('',(0.04875,0.004,-0.0097));
#3039=CARTESIAN_POINT('',(0.04875,-0.002,-0.013));
#3040=CARTESIAN_POINT('',(0.04875,0.008,0.013));
#3041=CARTESIAN_POINT('',(0.,0.008,0.016));
#3042=CARTESIAN_POINT('',(0.0455,-0.0015,0.016));
#3043=CARTESIAN_POINT('',(0.0455,0.0065,0.016));
#3044=CARTESIAN_POINT('',(0.0455,0.0065,0.016));
#3045=CARTESIAN_POINT('',(0.0455,0.0025,0.016));
#3046=CARTESIAN_POINT('',(0.04575,0.008,0.016));
#3047=CARTESIAN_POINT('',(0.,-0.0001,0.016));
#3048=CARTESIAN_POINT('',(0.0315,-0.0001,0.016));
#3049=CARTESIAN_POINT('',(-0.0415,-0.0001,0.016));
#3050=CARTESIAN_POINT('',(0.0315,0.0009,0.016));
#3051=CARTESIAN_POINT('',(0.0325,0.0009,0.016));
#3052=CARTESIAN_POINT('',(0.0325,0.008,0.016));
#3053=CARTESIAN_POINT('',(0.0325,0.0039,0.016));
#3054=CARTESIAN_POINT('',(0.0315,0.0039,0.016));
#3055=CARTESIAN_POINT('',(0.0315,0.0049,0.016));
#3056=CARTESIAN_POINT('',(0.,0.0049,0.016));
#3057=CARTESIAN_POINT('',(-0.0415,0.0049,0.016));
#3058=CARTESIAN_POINT('',(-0.0415,0.0039,0.016));
#3059=CARTESIAN_POINT('',(-0.0425,0.0039,0.016));
#3060=CARTESIAN_POINT('',(-0.0425,0.008,0.016));
#3061=CARTESIAN_POINT('',(-0.0425,0.0009,0.016));
#3062=CARTESIAN_POINT('',(-0.0415,0.0009,0.016));
#3063=CARTESIAN_POINT('',(0.0325,0.0024,0.025));
#3064=CARTESIAN_POINT('',(0.0325,0.008,0.0175));
#3065=CARTESIAN_POINT('',(0.0325,0.0039,0.0175));
#3066=CARTESIAN_POINT('',(0.0325,0.0009,0.0175));
#3067=CARTESIAN_POINT('',(0.0325,0.0039,0.016));
#3068=CARTESIAN_POINT('',(0.0325,0.0009,0.025));
#3069=CARTESIAN_POINT('',(-0.005,-0.0001,0.025));
#3070=CARTESIAN_POINT('',(-0.0415,-0.0001,0.0175));
#3071=CARTESIAN_POINT('',(-0.0415,-0.0001,0.0175));
#3072=CARTESIAN_POINT('',(0.,-0.0001,0.0175));
#3073=CARTESIAN_POINT('',(0.0315,-0.0001,0.0175));
#3074=CARTESIAN_POINT('',(0.0315,-0.0001,0.025));
#3075=CARTESIAN_POINT('',(-0.0425,0.0024,0.025));
#3076=CARTESIAN_POINT('',(-0.0425,0.008,0.0175));
#3077=CARTESIAN_POINT('',(-0.0425,0.0039,0.0175));
#3078=CARTESIAN_POINT('',(-0.0425,0.0009,0.0175));
#3079=CARTESIAN_POINT('',(-0.0425,0.0009,0.016));
#3080=CARTESIAN_POINT('',(-0.0425,0.0039,0.025));
#3081=CARTESIAN_POINT('',(-0.005,0.0049,0.025));
#3082=CARTESIAN_POINT('',(0.0315,0.0049,0.0175));
#3083=CARTESIAN_POINT('',(0.0315,0.0049,0.0175));
#3084=CARTESIAN_POINT('',(0.,0.0049,0.0175));
#3085=CARTESIAN_POINT('',(-0.0415,0.0049,0.0175));
#3086=CARTESIAN_POINT('',(-0.0415,0.0049,0.025));
#3087=CARTESIAN_POINT('',(0.,0.008,0.0175));
#3088=CARTESIAN_POINT('',(-0.0415,0.0039,0.0175));
#3089=CARTESIAN_POINT('',(0.0315,0.0039,0.0175));
#3090=CARTESIAN_POINT('',(0.0315,0.0009,0.0175));
#3091=CARTESIAN_POINT('',(-0.0415,0.0009,0.0175));
#3092=CARTESIAN_POINT('',(0.,-0.003,0.0175));
#3093=CARTESIAN_POINT('',(0.0475,-0.003,0.0175));
#3094=CARTESIAN_POINT('',(0.0475,0.008,0.0175));
#3095=CARTESIAN_POINT('',(0.0475,0.008,0.0175));
#3096=CARTESIAN_POINT('',(0.,0.008,0.0175));
#3097=CARTESIAN_POINT('',(-0.0505,0.008,0.));
#3098=CARTESIAN_POINT('',(-0.0505,0.0065,0.));
#3099=CARTESIAN_POINT('',(-0.0505,0.008,0.));
#3100=CARTESIAN_POINT('',(0.,0.008,-0.0175));
#3101=CARTESIAN_POINT('',(0.,0.008,-0.0175));
#3102=CARTESIAN_POINT('',(0.0475,0.008,-0.0175));
#3103=CARTESIAN_POINT('',(0.0475,-0.003,-0.0175));
#3104=CARTESIAN_POINT('',(0.0475,-0.003,-0.0175));
#3105=CARTESIAN_POINT('',(0.,-0.003,-0.0175));
#3106=CARTESIAN_POINT('',(0.0505,0.008,0.));
#3107=CARTESIAN_POINT('',(0.0505,0.008,-0.0007));
#3108=CARTESIAN_POINT('',(0.0505,0.004,-0.0007));
#3109=CARTESIAN_POINT('',(0.0505,0.001,-0.0007));
#3110=CARTESIAN_POINT('',(0.0505,0.004,-0.0017));
#3111=CARTESIAN_POINT('',(0.0505,0.005,-0.0017));
#3112=CARTESIAN_POINT('',(0.0505,0.005,-1.04083408558608E-18));
#3113=CARTESIAN_POINT('',(0.0505,0.005,-0.0097));
#3114=CARTESIAN_POINT('',(0.0505,0.004,-0.0097));
#3115=CARTESIAN_POINT('',(0.0505,0.004,-0.0107));
#3116=CARTESIAN_POINT('',(0.0505,0.008,-0.0107));
#3117=CARTESIAN_POINT('',(0.0505,0.001,-0.0107));
#3118=CARTESIAN_POINT('',(0.0505,0.001,-0.0097));
#3119=CARTESIAN_POINT('',(0.0505,0.,-0.0097));
#3120=CARTESIAN_POINT('',(0.0505,0.,0.));
#3121=CARTESIAN_POINT('',(0.0505,0.,-0.0017));
#3122=CARTESIAN_POINT('',(0.0505,0.001,-0.0017));
#3123=CARTESIAN_POINT('',(0.0505,-0.003,0.));
#3124=CARTESIAN_POINT('',(0.0505,-0.003,0.0145));
#3125=CARTESIAN_POINT('',(0.0505,-0.003,-0.0145));
#3126=CARTESIAN_POINT('',(0.0505,0.008,-0.0145));
#3127=CARTESIAN_POINT('',(0.0505,0.008,-0.0145));
#3128=CARTESIAN_POINT('',(0.0505,0.008,0.));
#3129=CARTESIAN_POINT('',(0.0505,0.008,0.0145));
#3130=CARTESIAN_POINT('',(0.0505,0.008,0.0145));
#3131=CARTESIAN_POINT('',(0.,0.008,0.));
#3132=CARTESIAN_POINT('',(0.0475,0.008,-0.0175));
#3133=CARTESIAN_POINT('',(0.0505,0.008,0.0145));
#3134=CARTESIAN_POINT('',(0.,-0.003,0.));
#3135=CARTESIAN_POINT('',(0.0325,-0.003,-0.0325));
#3136=CARTESIAN_POINT('',(0.0325,-0.003,0.0325));
#3137=CARTESIAN_POINT('',(0.1,0.0025,-0.0107));
#3138=CARTESIAN_POINT('',(0.04875,0.004,-0.0107));
#3139=CARTESIAN_POINT('',(0.1,0.001,-0.0107));
#3140=CARTESIAN_POINT('',(0.1,0.,-0.0057));
#3141=CARTESIAN_POINT('',(0.1,0.,-0.0097));
#3142=CARTESIAN_POINT('',(0.0505,0.,-0.0017));
#3143=CARTESIAN_POINT('',(0.1,0.0025,-0.0007));
#3144=CARTESIAN_POINT('',(0.1,0.004,-0.0007));
#3145=CARTESIAN_POINT('',(0.04875,0.001,-0.0007));
#3146=CARTESIAN_POINT('',(0.1,0.005,-0.0057));
#3147=CARTESIAN_POINT('',(0.0505,0.005,-0.0097));
#3148=CARTESIAN_POINT('',(0.1,0.005,-0.0017));
#3149=CARTESIAN_POINT('',(0.1,0.004,-0.0097));
#3150=CARTESIAN_POINT('',(0.1,0.001,-0.0097));
#3151=CARTESIAN_POINT('',(0.1,0.004,-0.0017));
#3152=CARTESIAN_POINT('',(0.1,0.001,-0.0017));
#3153=CARTESIAN_POINT('',(-0.0415,0.0009,0.025));
#3154=CARTESIAN_POINT('',(0.0315,0.0039,0.025));
#3155=CARTESIAN_POINT('',(-0.0415,0.0039,0.025));
#3156=CARTESIAN_POINT('',(0.0315,0.0009,0.025));
#3157=CARTESIAN_POINT('',(0.0475,0.008,-0.0175));
#3158=CARTESIAN_POINT('',(0.0505,0.008,0.0145));
#3159=CARTESIAN_POINT('',(0.04575,0.008,-0.013));
#3160=CARTESIAN_POINT('',(0.04575,0.008,0.013));
#3161=CARTESIAN_POINT('',(0.0455,-0.0015,0.));
#3162=CARTESIAN_POINT('',(0.0455,0.0065,0.));
#3163=CARTESIAN_POINT('',(0.0455,0.0065,0.));
#3164=CARTESIAN_POINT('',(0.0455,0.0025,0.));
#3165=CARTESIAN_POINT('',(0.02225,0.001,0.0045));
#3166=CARTESIAN_POINT('',(0.02225,0.001,0.0045));
#3167=CARTESIAN_POINT('',(0.02225,0.001,0.0035));
#3168=CARTESIAN_POINT('',(-0.01075,0.001,-0.003));
#3169=CARTESIAN_POINT('',(-0.04375,0.001,0.0045));
#3170=CARTESIAN_POINT('',(-0.04375,0.001,0.0045));
#3171=CARTESIAN_POINT('',(-0.04375,0.001,0.0035));
#3172=CARTESIAN_POINT('',(-0.01075,0.001,-0.003));
#3173=CARTESIAN_POINT('',(-0.00425,0.001,-0.0105));
#3174=CARTESIAN_POINT('',(-0.00425,0.001,-0.0105));
#3175=CARTESIAN_POINT('',(-0.00425,0.001,-0.0115));
#3176=CARTESIAN_POINT('',(-0.01075,0.001,-0.003));
#3177=CARTESIAN_POINT('',(0.0455,-0.0015,0.));
#3178=CARTESIAN_POINT('',(0.0241216756756757,-0.0015,0.00985202702702703));
#3179=CARTESIAN_POINT('',(0.0241257837837808,-0.0015,0.00986579579579504));
#3180=CARTESIAN_POINT('',(0.0241298918918953,-0.0015,0.00987956456456433));
#3181=CARTESIAN_POINT('',(0.024134,-0.0015,0.00989333333333338));
#3182=CARTESIAN_POINT('',(0.0241216756756757,-0.0015,0.00985202702702703));
#3183=CARTESIAN_POINT('',(0.024134,-0.0015,0.00989333333333338));
#3184=CARTESIAN_POINT('',(0.0241221066666666,-0.0015,0.00985016));
#3185=CARTESIAN_POINT('',(0.024121963003003,-0.0015,0.00985078234234234));
#3186=CARTESIAN_POINT('',(0.0241218193393394,-0.0015,0.00985140468468468));
#3187=CARTESIAN_POINT('',(0.0241216756756757,-0.0015,0.00985202702702703));
#3188=CARTESIAN_POINT('',(0.0241221066666666,-0.0015,0.00985016));
#3189=CARTESIAN_POINT('',(0.0241155714285714,-0.0015,0.0097811038961039));
#3190=CARTESIAN_POINT('',(0.0241177498412665,-0.0015,0.00980412259740191));
#3191=CARTESIAN_POINT('',(0.024119928253972,-0.0015,0.00982714129870095));
#3192=CARTESIAN_POINT('',(0.0241221066666666,-0.0015,0.00985016));
#3193=CARTESIAN_POINT('',(0.0241155714285715,-0.0015,0.0097811038961039));
#3194=CARTESIAN_POINT('',(0.0241567307692307,-0.0015,0.00970101282051282));
#3195=CARTESIAN_POINT('',(0.0241425569559421,-0.0015,0.00972748759065113));
#3196=CARTESIAN_POINT('',(0.0241255956829052,-0.0015,0.00975279621583743));
#3197=CARTESIAN_POINT('',(0.0241155714285714,-0.0015,0.0097811038961039));
#3198=CARTESIAN_POINT('',(0.0241567307692307,-0.0015,0.00970101282051282));
#3199=CARTESIAN_POINT('',(0.0241608441558442,-0.0015,0.00954112987012987));
#3200=CARTESIAN_POINT('',(0.0241586522475833,-0.0015,0.0095681249508241));
#3201=CARTESIAN_POINT('',(0.0241857838477627,-0.0015,0.00962146483900232));
#3202=CARTESIAN_POINT('',(0.0241590596194929,-0.0015,0.00967402920882012));
#3203=CARTESIAN_POINT('',(0.0241567307692307,-0.0015,0.00970101282051282));
#3204=CARTESIAN_POINT('',(0.0241608441558441,-0.0015,0.00954112987012987));
#3205=CARTESIAN_POINT('',(0.0240650266666666,-0.0015,0.00944102666666667));
#3206=CARTESIAN_POINT('',(0.0241094446269714,-0.0015,0.00945971090698601));
#3207=CARTESIAN_POINT('',(0.0241391133159941,-0.0015,0.00949812025919305));
#3208=CARTESIAN_POINT('',(0.0241608441558442,-0.0015,0.00954112987012987));
#3209=CARTESIAN_POINT('',(0.0240650266666667,-0.0015,0.00944102666666667));
#3210=CARTESIAN_POINT('',(0.023944,-0.0015,0.009407));
#3211=CARTESIAN_POINT('',(0.0239825566858747,-0.0015,0.00942557123724947));
#3212=CARTESIAN_POINT('',(0.024022591703022,-0.0015,0.00944657488608508));
#3213=CARTESIAN_POINT('',(0.0240650266666666,-0.0015,0.00944102666666667));
#3214=CARTESIAN_POINT('',(0.023944,-0.0015,0.009407));
#3215=CARTESIAN_POINT('',(0.0236392597402597,-0.0015,0.00940636363636363));
#3216=CARTESIAN_POINT('',(0.023690297079689,-0.0015,0.00940376851740989));
#3217=CARTESIAN_POINT('',(0.0237926034316926,-0.0015,0.00941625149805434));
#3218=CARTESIAN_POINT('',(0.0238932076946442,-0.0015,0.00940137093479357));
#3219=CARTESIAN_POINT('',(0.023944,-0.0015,0.009407));
#3220=CARTESIAN_POINT('',(0.0236392597402598,-0.0015,0.00940636363636363));
#3221=CARTESIAN_POINT('',(0.02360025,-0.0015,0.00944025));
#3222=CARTESIAN_POINT('',(0.0236107544085893,-0.0015,0.00942659426883176));
#3223=CARTESIAN_POINT('',(0.023626224795841,-0.0015,0.00941762915089056));
#3224=CARTESIAN_POINT('',(0.0236392597402597,-0.0015,0.00940636363636363));
#3225=CARTESIAN_POINT('',(0.02360025,-0.0015,0.00944025));
#3226=CARTESIAN_POINT('',(0.023578,-0.0015,0.009544));
#3227=CARTESIAN_POINT('',(0.0235876535590043,-0.0015,0.00950989075818492));
#3228=CARTESIAN_POINT('',(0.0235952367543901,-0.0015,0.00947534271928848));
#3229=CARTESIAN_POINT('',(0.02360025,-0.0015,0.00944025));
#3230=CARTESIAN_POINT('',(0.023578,-0.0015,0.009544));
#3231=CARTESIAN_POINT('',(0.023571,-0.0015,0.009617));
#3232=CARTESIAN_POINT('',(0.0235733333333349,-0.0015,0.00959266666666699));
#3233=CARTESIAN_POINT('',(0.0235756666666651,-0.0015,0.00956833333333301));
#3234=CARTESIAN_POINT('',(0.023578,-0.0015,0.009544));
#3235=CARTESIAN_POINT('',(0.023571,-0.0015,0.009617));
#3236=CARTESIAN_POINT('',(0.023619,-0.0015,0.009941));
#3237=CARTESIAN_POINT('',(0.0235639941251508,-0.0015,0.00984473971898594));
#3238=CARTESIAN_POINT('',(0.0235723356607213,-0.0015,0.00972785983935028));
#3239=CARTESIAN_POINT('',(0.023571,-0.0015,0.009617));
#3240=CARTESIAN_POINT('',(0.023619,-0.0015,0.009941));
#3241=CARTESIAN_POINT('',(0.023649,-0.0015,0.009971));
#3242=CARTESIAN_POINT('',(0.0236390000000001,-0.0015,0.00996099999999989));
#3243=CARTESIAN_POINT('',(0.0236290000000003,-0.0015,0.00995099999999994));
#3244=CARTESIAN_POINT('',(0.023619,-0.0015,0.009941));
#3245=CARTESIAN_POINT('',(0.023649,-0.0015,0.009971));
#3246=CARTESIAN_POINT('',(0.023705,-0.0015,0.009978));
#3247=CARTESIAN_POINT('',(0.0236863333333348,-0.0015,0.00997566666666703));
#3248=CARTESIAN_POINT('',(0.0236676666666648,-0.0015,0.00997333333333297));
#3249=CARTESIAN_POINT('',(0.023649,-0.0015,0.009971));
#3250=CARTESIAN_POINT('',(0.023705,-0.0015,0.009978));
#3251=CARTESIAN_POINT('',(0.0238621538461538,-0.0015,0.00997238461538462));
#3252=CARTESIAN_POINT('',(0.0238097177458711,-0.0015,0.00997060918156243));
#3253=CARTESIAN_POINT('',(0.023757297099229,-0.0015,0.00997379165233095));
#3254=CARTESIAN_POINT('',(0.023705,-0.0015,0.009978));
#3255=CARTESIAN_POINT('',(0.0238621538461539,-0.0015,0.00997238461538462));
#3256=CARTESIAN_POINT('',(0.0239448961038961,-0.0015,0.0100106363636364));
#3257=CARTESIAN_POINT('',(0.0239160121666785,-0.0015,0.0100011847041803));
#3258=CARTESIAN_POINT('',(0.023889618318357,-0.0015,0.00998539685817054));
#3259=CARTESIAN_POINT('',(0.0238621538461538,-0.0015,0.00997238461538462));
#3260=CARTESIAN_POINT('',(0.0239448961038961,-0.0015,0.0100106363636364));
#3261=CARTESIAN_POINT('',(0.0241258157894737,-0.0015,0.00996581578947368));
#3262=CARTESIAN_POINT('',(0.0240737048202348,-0.0015,0.0100035962421713));
#3263=CARTESIAN_POINT('',(0.0240091702421762,-0.0015,0.0100072084095963));
#3264=CARTESIAN_POINT('',(0.0239448961038961,-0.0015,0.0100106363636364));
#3265=CARTESIAN_POINT('',(0.0241258157894737,-0.0015,0.00996581578947368));
#3266=CARTESIAN_POINT('',(0.0241397236842106,-0.0015,0.00991382894736842));
#3267=CARTESIAN_POINT('',(0.0241372841836979,-0.0015,0.00993160245109418));
#3268=CARTESIAN_POINT('',(0.024130479749794,-0.0015,0.0099484925082749));
#3269=CARTESIAN_POINT('',(0.0241258157894737,-0.0015,0.00996581578947368));
#3270=CARTESIAN_POINT('',(0.0241397236842106,-0.0015,0.00991382894736842));
#3271=CARTESIAN_POINT('',(0.024134,-0.0015,0.00989333333333338));
#3272=CARTESIAN_POINT('',(0.0241359078947401,-0.0015,0.00990016520467824));
#3273=CARTESIAN_POINT('',(0.0241378157894704,-0.0015,0.00990699707602355));
#3274=CARTESIAN_POINT('',(0.0241397236842106,-0.0015,0.00991382894736842));
#3275=MECHANICAL_DESIGN_GEOMETRIC_PRESENTATION_REPRESENTATION('',(#1592,
#1593,#1594,#1595,#1596,#1597,#1598,#1599,#1600,#1601,#1602,#1603,#1604,
#1605,#1606,#1607,#1608,#1609,#1610,#1611,#1612,#1613,#1614,#1615,#1616,
#1617,#1618,#1619,#1620,#1621,#1622),#3276);
#3276=(
GEOMETRIC_REPRESENTATION_CONTEXT(3)
GLOBAL_UNCERTAINTY_ASSIGNED_CONTEXT((#3277))
GLOBAL_UNIT_ASSIGNED_CONTEXT((#3280,#3279,#3278))
REPRESENTATION_CONTEXT('SOLDER_TYPE_C_16PIN_2MD_USB1_5_0',
'TOP_LEVEL_ASSEMBLY_PART')
);
#3277=UNCERTAINTY_MEASURE_WITH_UNIT(LENGTH_MEASURE(2.E-5),#3280,
'DISTANCE_ACCURACY_VALUE','Maximum Tolerance applied to model');
#3278=(
NAMED_UNIT(*)
SI_UNIT($,.STERADIAN.)
SOLID_ANGLE_UNIT()
);
#3279=(
NAMED_UNIT(*)
PLANE_ANGLE_UNIT()
SI_UNIT($,.RADIAN.)
);
#3280=(
LENGTH_UNIT()
NAMED_UNIT(*)
SI_UNIT($,.METRE.)
);
#3281=PRODUCT_DEFINITION_SHAPE('','',#3282);
#3282=PRODUCT_DEFINITION('','',#3284,#3283);
#3283=PRODUCT_DEFINITION_CONTEXT('',#3290,'design');
#3284=PRODUCT_DEFINITION_FORMATION_WITH_SPECIFIED_SOURCE('','',#3286,
 .NOT_KNOWN.);
#3285=PRODUCT_RELATED_PRODUCT_CATEGORY('','',(#3286));
#3286=PRODUCT('SOLDER_TYPE_C_16PIN_2MD_USB1_5_0',
'SOLDER_TYPE_C_16PIN_2MD_USB1_5_0','SOLDER_TYPE_C_16PIN_2MD_USB1_5_0',(#3288));
#3287=PRODUCT_CATEGORY('','');
#3288=PRODUCT_CONTEXT('',#3290,'mechanical');
#3289=APPLICATION_PROTOCOL_DEFINITION('international standard',
'ap242_managed_model_based_3d_engineering',2020,#3290);
#3290=APPLICATION_CONTEXT('managed model based 3d engineering');
ENDSEC;
END-ISO-10303-21;
